Season,Week,Contestant,Est_Fan_Votes,Certainty,Judge Score,Official Result,Model,Score_Judge_Tanh,Score_Fan_Tanh,Final_Score,Final_Rank,Original_Rank
1,2,John O'Hurley,0.2208136431587289,0.2986231845258736,26.0,Safe,Improved,0.8647929652951842,0.7430756372100329,0.8039343012526086,1.0,1.0
1,2,Kelly Monaco,0.1587913495707852,0.485786438075954,17.0,Safe,Improved,-0.6120890650637527,-0.13834187981855683,-0.3752154724411548,5.0,5.5
1,2,Evander Holyfield,0.1870915857055171,0.4987884502352842,14.0,Safe,Improved,-0.8825142616769982,0.3461915827066696,-0.2681613394851643,4.0,4.0
1,2,Rachel Hunter,0.2034302732220392,0.3433826975618342,24.0,Safe,Improved,0.6973913170928786,0.5716540517254234,0.6345226844091509,2.0,2.0
1,2,Joey McIntyre,0.1691644656558336,0.5106272591723869,21.0,Safe,Improved,0.18527099197565655,0.04413211578181629,0.11470155387873643,3.0,3.0
1,2,Trista Sutter,0.0607086826870962,0.842019321367133,19.0,Eliminated,Improved,-0.2565481265557975,-0.9538946122335187,-0.6052213693946581,6.0,5.5
1,3,John O'Hurley,0.2036681015393761,0.3179759585700176,24.0,Safe,Improved,0.5722952151451738,0.5621540217106227,0.5672246184278982,2.0,2.0
1,3,Kelly Monaco,0.1667929669206778,0.3718017988934419,21.0,Safe,Improved,0.329791556068773,0.002170832393584444,0.1659811942311787,4.0,4.0
1,3,Evander Holyfield,0.0629165894861282,0.7874689258481582,13.0,Eliminated,Improved,-0.44594892054530755,-0.945043163263888,-0.6954960419045978,6.0,5.5
1,3,Rachel Hunter,0.2327197883301945,0.3797416269066924,26.0,Safe,Improved,0.6944426797501051,0.8128302388342491,0.7536364592921772,1.0,1.0
1,3,Joey McIntyre,0.1815878696392035,0.3452486790764044,22.0,Safe,Improved,0.4180879141463313,0.25098532826098435,0.3345366212036578,3.0,3.0
1,3,Trista Sutter,0.1523146840844199,0.4518987651990822,0.0,Safe,Improved,-0.9484129693835899,-0.2417956649342681,-0.595104317158929,5.0,5.5
2,1,Tatum O'Neal,0.1372147184404795,0.6250886673448992,23.0,Safe,Improved,0.6883135700900208,0.7697561626010699,0.7290348663455454,2.0,2.0
2,1,Tia Carrere,0.0961076822540122,0.6413513392080621,20.0,Safe,Improved,0.12009527645017816,-0.10625172431238529,0.006921776068896435,6.0,6.0
2,1,George Hamilton,0.0771220936045694,0.6790362291793259,18.0,Safe,Improved,-0.34700358032801293,-0.5559020360120821,-0.4514528081700475,8.0,8.0
2,1,Lisa Rinna,0.0829532697355735,0.6580066997083334,19.0,Safe,Improved,-0.12009527645017816,-0.43585431410430503,-0.2779747952772416,7.0,7.0
2,1,Stacy Keibler,0.1146904795551888,0.6409085527112247,22.0,Safe,Improved,0.5394563521054914,0.3821178057406462,0.4607870789230688,4.0,4.0
2,1,Jerry Rice,0.1076055517927774,0.5158475110798211,21.0,Safe,Improved,0.34700358032801293,0.20543594424459632,0.2762197622863046,5.0,5.0
2,1,Giselle Fernandez,0.1323530697982592,0.6460547707158374,23.0,Safe,Improved,0.6883135700900208,0.7096676161487055,0.6989905931193632,3.0,3.0
2,1,Master P,0.0724578151088321,0.7041877107366071,12.0,Safe,Improved,-0.94784866127852,-0.6379384626784877,-0.7928935619785038,9.0,9.5
2,1,Drew Lachey,0.1509176367023946,0.5536520039005882,24.0,Safe,Improved,0.7954500078240798,0.8843109809071107,0.8398804943655953,1.0,1.0
2,1,Kenny Mayne,0.0285776830079129,0.9063485745357092,13.0,Eliminated,Improved,-0.9168362806439165,-0.9608648060848395,-0.938850543364378,10.0,9.5
2,2,Tatum O'Neal,0.0261277300092306,0.9094824894702546,17.0,Eliminated,Improved,-0.3550004686428121,-0.9653631229216681,-0.6601817957822401,9.0,9.5
2,2,Tia Carrere,0.087357625222607,0.7006835055299452,22.0,Safe,Improved,0.24250679480373707,-0.33244287518112653,-0.04496804018869473,6.0,6.0
2,2,George Hamilton,0.1044647386363832,0.6379679336886612,22.0,Safe,Improved,0.24250679480373707,0.12143879696864221,0.18197279588618964,5.0,5.0
2,2,Lisa Rinna,0.0822819396371387,0.6911967890147389,20.0,Safe,Improved,0.0,-0.449691212405901,-0.2248456062029505,7.0,7.0
2,2,Stacy Keibler,0.1524184380236824,0.6288639724014646,29.0,Safe,Improved,0.8052824804672449,0.8922447519165898,0.8487636161919174,1.0,1.0
2,2,Jerry Rice,0.118340230028922,0.680705181745523,23.0,Safe,Improved,0.3550004686428121,0.46315448338565013,0.4090774760142311,4.0,4.0
2,2,Giselle Fernandez,0.1290610329565242,0.6483037012664229,24.0,Safe,Improved,0.45807443997544933,0.6608757588478845,0.559475099411667,3.0,3.0
2,2,Master P,0.076938298910259,0.6679125094813978,16.0,Safe,Improved,-0.45807443997544933,-0.5583128190493856,-0.5081936295124174,8.0,9.5
2,2,Drew Lachey,0.1376722692764662,0.647946416697039,27.0,Safe,Improved,0.6993491061796772,0.7738081174061896,0.7365786117929334,2.0,2.0
2,2,Kenny Mayne,0.0853376972987863,0.7042164521565379,0.0,Safe,Improved,-0.9859148874178714,-0.38062107573382353,-0.6832679815758474,10.0,8.0
2,4,Tatum O'Neal,0.087254771224881,0.6868554617021795,0.0,Safe,Improved,-0.8596943485201741,-0.3801039834097293,-0.6198991659649518,8.0,8.5
2,4,Tia Carrere,0.1202116615322689,0.6637982495261643,25.0,Safe,Improved,0.6365809524186374,0.5612225349784591,0.5989017436985482,4.0,4.0
2,4,George Hamilton,0.0911079078187115,0.7178555201855569,21.0,Safe,Improved,0.4013623446072658,-0.2721630581566691,0.06459964322529835,6.0,6.0
2,4,Lisa Rinna,0.1211667123873415,0.7143918003238341,26.0,Safe,Improved,0.6827178457026115,0.5814186825036419,0.6320682641031268,3.0,3.0
2,4,Stacy Keibler,0.122234544684595,0.7469907731162235,26.0,Safe,Improved,0.6827178457026115,0.6031804683224,0.6429491570125058,2.0,2.0
2,4,Jerry Rice,0.0983712261060299,0.7274207572854522,24.0,Safe,Improved,0.5853881958738986,-0.051096534439223955,0.26714583071733733,5.0,5.0
2,4,Giselle Fernandez,0.0837671875796812,0.7620607427349444,0.0,Safe,Improved,-0.8596943485201741,-0.4697006005010694,-0.6646974745106218,9.0,10.0
2,4,Master P,0.0292963560001809,0.922549803837426,8.0,Eliminated,Improved,-0.563473269937502,-0.976682662054917,-0.7700779659962096,10.0,8.5
2,4,Drew Lachey,0.1476478501448316,0.5947199027829486,28.0,Safe,Improved,0.7606489096858261,0.9044358145843989,0.8325423621351125,1.0,1.0
2,4,Kenny Mayne,0.0989417825214778,0.7635017757489889,0.0,Safe,Improved,-0.8596943485201741,-0.03321422978302625,-0.4464542891516002,7.0,7.0
2,5,Tatum O'Neal,0.0884377401366813,0.8399706420036972,0.0,Safe,Improved,-0.8163788564002584,-0.367927558043177,-0.5921532072217177,9.0,9.0
2,5,Tia Carrere,0.03119396409343,0.9406077831915952,22.0,Eliminated,Improved,0.4804784602982354,-0.9799856129350594,-0.249753576318412,6.0,8.0
2,5,George Hamilton,0.0987731914787353,0.7414666619139864,24.0,Safe,Improved,0.5885051304911361,-0.04093602518235219,0.27378455265439194,5.0,5.0
2,5,Lisa Rinna,0.1330848819953587,0.6905440108423424,25.0,Safe,Improved,0.6359006546518451,0.8021418330055957,0.7190212438287205,2.0,2.0
2,5,Stacy Keibler,0.1193379066708664,0.7846654120659577,30.0,Safe,Improved,0.8112538357870416,0.5687181589390452,0.6899859973630433,3.0,2.0
2,5,Jerry Rice,0.114109188043976,0.8056591698283208,23.0,Safe,Improved,0.5366873563728015,0.4390531429985712,0.4878702496856864,4.0,4.0
2,5,Giselle Fernandez,0.0771457470000052,0.842338162965553,0.0,Safe,Improved,-0.8163788564002584,-0.6428552087245003,-0.7296170325623794,10.0,10.0
2,5,Master P,0.0988219227112784,0.8277305648018369,0.0,Safe,Improved,-0.8163788564002584,-0.039311676689229316,-0.42784526654474386,8.0,7.0
2,5,Drew Lachey,0.1307094379057373,0.6958850889035636,27.0,Safe,Improved,0.7177704757731616,0.7720093708990331,0.7448899233360973,1.0,2.0
2,5,Kenny Mayne,0.1083860199639308,0.8271347032145574,0.0,Safe,Improved,-0.8163788564002584,0.2728868905307613,-0.27174598293474855,7.0,6.0
3,1,Harry Hamlin,0.0876929674099485,0.0,17.0,Safe,Improved,-0.49643211772060347,-0.49643211772060264,-0.49643211772060303,8.0,8.0
3,1,Vivica A. Fox,0.0947684391080617,1.1102230246251564e-14,22.0,Safe,Improved,0.5740028320565939,0.5740028320565913,0.5740028320565926,3.5,3.5
3,1,Monique Coleman,0.0905231560891938,0.0,19.0,Safe,Improved,-0.06525436855951303,-0.06525436855951061,-0.06525436855951182,6.0,6.0
3,1,Joey Lawrence,0.0933533447684391,1.1102230246251563e-16,21.0,Safe,Improved,0.3917501228659516,0.3917501228659548,0.39175012286595323,5.0,5.0
3,1,Mario Lopez,0.1004288164665523,0.0,26.0,Safe,Improved,0.9234400534522251,0.9234400534522254,0.9234400534522252,1.0,1.0
3,1,Emmitt Smith,0.097598627787307,0.0,24.0,Safe,Improved,0.8119362867909493,0.8119362867909492,0.8119362867909492,2.0,2.0
3,1,Shanna Moakler,0.0891080617495711,6.217248937900877e-15,18.0,Safe,Improved,-0.2958393785589035,-0.29583937855890946,-0.2958393785589065,7.0,7.0
3,1,Willa Ford,0.0947684391080617,5.218048215738236e-15,22.0,Safe,Improved,0.5740028320565939,0.5740028320565913,0.5740028320565926,3.5,3.5
3,1,Sara Evans,0.0848627787307032,4.218847493575595e-15,15.0,Safe,Improved,-0.7713989285927162,-0.7713989285927163,-0.7713989285927163,10.0,10.0
3,1,Jerry Springer,0.0862778730703258,6.106226635438361e-15,16.0,Safe,Improved,-0.6550917931906335,-0.6550917931906379,-0.6550917931906357,9.0,9.0
3,1,Tucker Carlson,0.0806174957118353,0.8748765008576328,12.0,Eliminated,Improved,-0.9405265947279524,-0.940526594727952,-0.9405265947279522,11.0,11.0
3,2,Harry Hamlin,0.0910276679815439,0.1222391304347834,21.0,Safe,Improved,0.012181301119497265,0.005240366981919298,0.008710834050708282,7.0,8.0
3,2,Vivica A. Fox,0.0949407114598048,0.1222391304347823,24.0,Safe,Improved,0.3920200965281135,0.17631231126083238,0.28416620389447295,3.5,3.5
3,2,Monique Coleman,0.0975494071119787,0.1222391304347825,26.0,Safe,Improved,0.5929390799283731,0.2853192577741451,0.4391291688512591,2.0,2.0
3,2,Joey Lawrence,0.1014624505902395,0.1222391304347825,29.0,Safe,Improved,0.7947475295652362,0.4352835193295308,0.6150155244473835,1.0,1.0
3,2,Mario Lopez,0.0910276679815439,0.1222391304347823,21.0,Safe,Improved,0.012181301119497265,0.005240366981919298,0.008710834050708282,7.0,8.0
3,2,Emmitt Smith,0.0949407114598048,0.1222391304347826,24.0,Safe,Improved,0.3920200965281135,0.17631231126083238,0.28416620389447295,3.5,3.5
3,2,Shanna Moakler,0.0301081027787045,0.9139249011857706,22.0,Eliminated,Improved,0.14515038737328684,-0.9907725751225137,-0.42281109387461346,11.0,10.0
3,2,Willa Ford,0.0936363636337178,0.1222391304347823,23.0,Safe,Improved,0.27307516884276284,0.11994925908791543,0.19651221396533913,5.0,5.0
3,2,Sara Evans,0.0910276679815439,0.1222391304347826,21.0,Safe,Improved,0.012181301119497265,0.005240366981919298,0.008710834050708282,7.0,8.0
3,2,Jerry Springer,0.08841897232937,0.1222391304347824,19.0,Safe,Improved,-0.25038167862664396,-0.10960660177545918,-0.17999414020105156,10.0,11.0
3,2,Tucker Carlson,0.125860276691748,0.1222391304347818,0.0,Safe,Improved,-0.9926584555054754,0.9128965242138068,-0.039880965645834265,9.0,6.0
3,3,Harry Hamlin,0.0033442541355585,0.9245529205094426,22.0,Eliminated,Improved,0.31916395301436407,-0.994535765081796,-0.33768590603371595,11.0,9.0
3,3,Vivica A. Fox,0.1027667984189723,0.2325840579710149,27.0,Safe,Improved,0.6912848929229962,0.37949900738971504,0.5353919501563557,1.5,1.5
3,3,Monique Coleman,0.1027667984189723,0.2325840579710142,27.0,Safe,Improved,0.6912848929229962,0.37949900738971504,0.5353919501563557,1.5,1.5
3,3,Joey Lawrence,0.0955204216073781,0.2325840579710143,22.0,Safe,Improved,0.31916395301436407,0.15411329340397215,0.23663862320916812,5.0,6.5
3,3,Mario Lopez,0.0955204216073781,0.2325840579710137,22.0,Safe,Improved,0.31916395301436407,0.15411329340397215,0.23663862320916812,5.0,6.5
3,3,Emmitt Smith,0.0911725955204216,0.2325840579710143,19.0,Safe,Improved,0.01889580551165019,0.008876972038370932,0.01388638877501056,8.0,11.0
3,3,Shanna Moakler,0.1097244473722734,0.232584057971014,0.0,Safe,Improved,-0.960779483088622,0.5607115484786124,-0.20003396730500483,10.0,6.5
3,3,Willa Ford,0.0955204216073781,0.232584057971014,22.0,Safe,Improved,0.31916395301436407,0.15411329340397215,0.23663862320916812,5.0,6.5
3,3,Sara Evans,0.0998682476943346,0.2325840579710144,25.0,Safe,Improved,0.5666223642070646,0.29298182751683377,0.4298020958619492,3.0,3.0
3,3,Jerry Springer,0.0940711462450593,0.2325840579710152,21.0,Safe,Improved,0.2229674685194026,0.10612533323152704,0.16454640087546482,7.0,10.0
3,3,Tucker Carlson,0.1097244473722735,0.2325840579710143,0.0,Safe,Improved,-0.960779483088622,0.560711548478615,-0.2000339673050035,9.0,4.0
3,4,Harry Hamlin,0.1213121212121212,0.3946393939393928,0.0,Safe,Improved,-0.908731146037011,0.7206598049459929,-0.09403567054550904,8.0,4.0
3,4,Vivica A. Fox,0.0,0.9394848484848484,24.0,Eliminated,Improved,0.46739403297343546,-0.9913254202774302,-0.2619656936519974,11.0,9.5
3,4,Monique Coleman,0.0895675324675324,0.3946393939393943,24.0,Safe,Improved,0.46739403297343546,-0.04008958870495096,0.21365222213424226,5.0,8.0
3,4,Joey Lawrence,0.094112987012987,0.3946393939393933,27.0,Safe,Improved,0.6411335609237214,0.09550094919406248,0.36831725505889196,3.0,3.0
3,4,Mario Lopez,0.09714329004329,0.394639393939393,29.0,Safe,Improved,0.7301302835361432,0.18426645133941916,0.4571983674377812,1.0,1.0
3,4,Emmitt Smith,0.0895675324675325,0.3946393939393937,24.0,Safe,Improved,0.46739403297343546,-0.04008958870494806,0.2136522221342437,4.0,5.0
3,4,Shanna Moakler,0.1213121212121211,0.3946393939393936,0.0,Safe,Improved,-0.908731146037011,0.7206598049459912,-0.09403567054550988,9.5,6.5
3,4,Willa Ford,0.0956281385281385,0.3946393939393944,28.0,Safe,Improved,0.6882121706178836,0.14016532367530646,0.41418874714659504,2.0,2.0
3,4,Sara Evans,0.0835069264069264,0.3946393939393933,20.0,Safe,Improved,0.16732199274937798,-0.2177723729198254,-0.02522519008522371,7.0,11.0
3,4,Jerry Springer,0.0865372294372294,0.3946393939393939,22.0,Safe,Improved,0.32553022983141255,-0.1299743253234946,0.09777795225395898,6.0,9.5
3,4,Tucker Carlson,0.1213121212121211,0.394639393939394,0.0,Safe,Improved,-0.908731146037011,0.7206598049459912,-0.09403567054550988,9.5,6.5
3,5,Harry Hamlin,0.1492712707182321,0.6418839779005502,0.0,Safe,Improved,-0.8501170726198033,0.8210904205630037,-0.014513326028399776,8.0,5.0
3,5,Vivica A. Fox,0.1492712707182321,0.641883977900552,0.0,Safe,Improved,-0.8501170726198033,0.8210904205630037,-0.014513326028399776,8.0,5.0
3,5,Monique Coleman,0.0693624309392265,0.641883977900552,27.0,Safe,Improved,0.6669997168257228,-0.40391317763469653,0.13154326959551313,1.5,1.5
3,5,Joey Lawrence,0.0660475138121546,0.6418839779005543,25.0,Safe,Improved,0.5734081578881116,-0.45755298436949365,0.05792758675930898,4.0,7.0
3,5,Mario Lopez,0.0693624309392264,0.6418839779005534,27.0,Safe,Improved,0.6669997168257228,-0.4039131776346984,0.13154326959551219,3.0,3.0
3,5,Emmitt Smith,0.0693624309392265,0.6418839779005527,27.0,Safe,Improved,0.6669997168257228,-0.40391317763469653,0.13154326959551313,1.5,1.5
3,5,Shanna Moakler,0.1492712707182321,0.6418839779005522,0.0,Safe,Improved,-0.8501170726198033,0.8210904205630037,-0.014513326028399776,8.0,5.0
3,5,Willa Ford,0.0,0.9674439979909591,27.0,Eliminated,Improved,0.6669997168257228,-0.9475404697856122,-0.14027037647994473,11.0,8.5
3,5,Sara Evans,0.0643900552486187,0.6418839779005523,24.0,Safe,Improved,0.5199121870407502,-0.4832070278084151,0.018352579616167514,5.5,10.5
3,5,Jerry Springer,0.0643900552486187,0.6418839779005525,24.0,Safe,Improved,0.5199121870407502,-0.4832070278084151,0.018352579616167514,5.5,10.5
3,5,Tucker Carlson,0.149271270718232,0.6418839779005532,0.0,Safe,Improved,-0.8501170726198033,0.8210904205630032,-0.014513326028400053,10.0,8.5
4,2,John Ratzenberger,0.0893506493506493,0.0168265306122447,21.0,Safe,Improved,-0.44119985522334615,-0.3537466981116446,-0.3974732766674954,8.0,8.0
4,2,Ian Ziering,0.0905751391465677,0.0168265306122447,22.0,Safe,Improved,-0.1011641180965038,-0.07906035162960649,-0.09011223486305514,5.0,5.0
4,2,Clyde Drexler,0.0936863636363636,0.016826530612245,18.0,Safe,Improved,-0.9202021655573718,0.5776120397058506,-0.17129506292576058,6.0,6.0
4,2,Laila Ali,0.0966975881261595,0.0168265306122447,27.0,Safe,Improved,0.9424505249516982,0.879429711546109,0.9109401182489036,1.0,1.0
4,2,Apolo Anton Ohno,0.0954730983302411,0.0168265306122448,26.0,Safe,Improved,0.882580301598714,0.794217104037919,0.8383987028183165,2.0,2.0
4,2,Shandi Finnessey,0.0881261595547309,0.0168265306122445,20.0,Safe,Improved,-0.6889361870301222,-0.5785058971304232,-0.6337210420802727,10.0,11.0
4,2,Paulina Porizkova,0.0813414656771799,0.903987012987013,21.0,Eliminated,Improved,-0.44119985522334615,-0.9788700190774733,-0.7100349371504098,11.0,10.0
4,2,Heather Mills,0.0930241187384044,0.0168265306122448,24.0,Safe,Improved,0.5668744925009456,0.46350232862504365,0.5151884105629946,3.5,3.5
4,2,Billy Ray Cyrus,0.0893506493506493,0.0168265306122449,21.0,Safe,Improved,-0.44119985522334615,-0.3537466981116446,-0.3974732766674954,8.0,8.0
4,2,Joey Fatone,0.0930241187384044,0.0168265306122448,24.0,Safe,Improved,0.5668744925009456,0.46350232862504365,0.5151884105629946,3.5,3.5
4,2,Leeza Gibbons,0.0893506493506493,0.0168265306122445,21.0,Safe,Improved,-0.44119985522334615,-0.3537466981116446,-0.3974732766674954,8.0,8.0
4,3,John Ratzenberger,0.0911592994161801,0.1243532110091726,20.0,Safe,Improved,0.02592495351605701,0.011011306605932466,0.018468130060994736,8.0,9.5
4,3,Ian Ziering,0.0966638865721434,0.1243532110091742,24.0,Safe,Improved,0.5344883437698529,0.2479903109644254,0.3912393273671391,2.5,2.5
4,3,Clyde Drexler,0.0856547122602168,0.1243532110091741,16.0,Safe,Improved,-0.4964214336772972,-0.2272111067414924,-0.3618162702093948,10.0,11.0
4,3,Laila Ali,0.0925354462051709,0.1243532110091742,21.0,Safe,Improved,0.1669717800213189,0.071454402974756,0.11921309149803745,6.5,7.5
4,3,Apolo Anton Ohno,0.0952877397831526,0.1243532110091744,23.0,Safe,Improved,0.42500806508499195,0.19035515789095392,0.3076816114879729,5.0,5.0
4,3,Shandi Finnessey,0.0298707673060884,0.914603002502085,21.0,Eliminated,Improved,0.1669717800213189,-0.9907590811679121,-0.41189365057329663,11.0,9.5
4,3,Paulina Porizkova,0.1263010425354462,0.1243532110091741,0.0,Safe,Improved,-0.9930099007928576,0.9150324866419697,-0.03898870707544394,9.0,6.0
4,3,Heather Mills,0.0966638865721434,0.1243532110091742,24.0,Safe,Improved,0.5344883437698529,0.2479903109644254,0.3912393273671391,2.5,2.5
4,3,Billy Ray Cyrus,0.0925354462051709,0.1243532110091738,21.0,Safe,Improved,0.1669717800213189,0.071454402974756,0.11921309149803745,6.5,7.5
4,3,Joey Fatone,0.0966638865721434,0.1243532110091741,24.0,Safe,Improved,0.5344883437698529,0.2479903109644254,0.3912393273671391,2.5,2.5
4,3,Leeza Gibbons,0.0966638865721434,0.1243532110091748,24.0,Safe,Improved,0.5344883437698529,0.2479903109644254,0.3912393273671391,2.5,2.5
4,4,John Ratzenberger,0.088899521536392,0.1740842105263156,16.0,Safe,Improved,-0.13319868884162808,-0.0782846533085143,-0.10574167107507118,7.0,9.0
4,4,Ian Ziering,0.1015311004837605,0.1740842105263159,24.0,Safe,Improved,0.6095838313752473,0.39240426715993065,0.500994049267589,3.0,3.0
4,4,Clyde Drexler,0.087320574167971,0.1740842105263153,15.0,Safe,Improved,-0.23481238261899637,-0.13917154051919833,-0.18699196156909736,8.0,11.0
4,4,Laila Ali,0.0967942583784973,0.1740842105263158,21.0,Safe,Improved,0.3734391715381382,0.22577428773505065,0.2996067296365944,5.5,5.5
4,4,Apolo Anton Ohno,0.1046889952206026,0.1740842105263161,26.0,Safe,Improved,0.7253397859619896,0.49140406642960005,0.6083719261957948,2.0,2.0
4,4,Shandi Finnessey,0.1001609250257614,0.1740842105263159,0.0,Safe,Improved,-0.9486888926740258,0.34622907295374367,-0.3012299098601411,9.5,7.5
4,4,Paulina Porizkova,0.1001609250257614,0.1740842105263161,0.0,Safe,Improved,-0.9486888926740258,0.34622907295374367,-0.3012299098601411,9.5,7.5
4,4,Heather Mills,0.0999521531153394,0.1740842105263154,23.0,Safe,Improved,0.5391646274549187,0.3390362839074614,0.43910045568119005,4.0,4.0
4,4,Billy Ray Cyrus,0.0967942583784973,0.1740842105263156,21.0,Safe,Improved,0.3734391715381382,0.22577428773505065,0.2996067296365944,5.5,5.5
4,4,Joey Fatone,0.1078468899574447,0.174084210526316,28.0,Safe,Improved,0.8108089166879155,0.5791486191266991,0.6949787679073074,1.0,1.0
4,4,Leeza Gibbons,0.015850398709972,0.9024832535885168,16.0,Eliminated,Improved,-0.13319868884162808,-0.9943134621338626,-0.5637560754877453,11.0,10.0
4,5,John Ratzenberger,0.0943181818181818,0.2218909090909083,18.0,Safe,Improved,0.1741602154570309,0.12393688218830248,0.1490485488226667,6.0,6.0
4,5,Ian Ziering,0.1045454545454545,0.2218909090909081,24.0,Safe,Improved,0.6067839433279116,0.46078660338322036,0.533785273355566,4.0,4.0
4,5,Clyde Drexler,0.013703409090909,0.8921363636363634,13.0,Eliminated,Improved,-0.25796840908340757,-0.9929377912675036,-0.6254531001754555,11.0,9.5
4,5,Laila Ali,0.1113636363636363,0.2218909090909095,28.0,Safe,Improved,0.7840214095078408,0.6336336933333576,0.7088275514205993,2.0,2.0
4,5,Apolo Anton Ohno,0.1147727272727272,0.2218909090909092,30.0,Safe,Improved,0.8430650263242979,0.7024099144506554,0.7727374703874766,1.0,1.0
4,5,Shandi Finnessey,0.0876670454545454,0.2218909090909087,0.0,Safe,Improved,-0.8869899399433568,-0.11792187934535675,-0.5024559096443568,9.0,9.5
4,5,Paulina Porizkova,0.0876670454545454,0.2218909090909089,0.0,Safe,Improved,-0.8869899399433568,-0.11792187934535675,-0.5024559096443568,9.0,9.5
4,5,Heather Mills,0.0994318181818181,0.2218909090909088,21.0,Safe,Improved,0.4135487739927289,0.30174965768584433,0.3576492158392866,5.0,5.0
4,5,Billy Ray Cyrus,0.0926136363636363,0.2218909090909089,17.0,Safe,Improved,0.08775063977801255,0.0622082506855072,0.07497944523175987,7.0,7.0
4,5,Joey Fatone,0.10625,0.2218909090909089,25.0,Safe,Improved,0.6594231496026737,0.5084211012203808,0.5839221254115272,3.0,3.0
4,5,Leeza Gibbons,0.0876670454545454,0.2218909090909091,0.0,Safe,Improved,-0.8869899399433568,-0.11792187934535675,-0.5024559096443568,9.0,9.5
4,6,John Ratzenberger,0.0666980392156863,0.5770705882352927,19.0,Safe,Improved,0.2750821706846109,-0.5197088781100232,-0.12231335371270616,10.0,11.0
4,6,Ian Ziering,0.075521568627451,0.5770705882352944,24.0,Safe,Improved,0.5918736199346402,-0.3505263160073193,0.12067365196366042,4.0,6.0
4,6,Clyde Drexler,0.1353941176470588,0.577070588235294,0.0,Safe,Improved,-0.8428033846194657,0.7849836037870086,-0.028909890416228545,6.5,4.5
4,6,Laila Ali,0.0825803921568627,0.5770705882352942,28.0,Safe,Improved,0.7612150998775177,-0.195573612822588,0.28282074352746484,1.5,1.5
4,6,Apolo Anton Ohno,0.0825803921568627,0.5770705882352942,28.0,Safe,Improved,0.7612150998775177,-0.195573612822588,0.28282074352746484,1.5,1.5
4,6,Shandi Finnessey,0.1353941176470588,0.577070588235294,0.0,Safe,Improved,-0.8428033846194657,0.7849836037870086,-0.028909890416228545,6.5,4.5
4,6,Paulina Porizkova,0.1353941176470587,0.5770705882352942,0.0,Safe,Improved,-0.8428033846194657,0.7849836037870076,-0.028909890416229045,8.5,7.5
4,6,Heather Mills,1.3877787807814457e-17,0.9535668449197858,23.0,Eliminated,Improved,0.5376945102213423,-0.9738825339085995,-0.2180940118436286,11.0,10.0
4,6,Billy Ray Cyrus,0.0702274509803921,0.5770705882352941,21.0,Safe,Improved,0.41499488111030997,-0.4557880736458982,-0.02039659626779411,5.0,9.0
4,6,Joey Fatone,0.0808156862745098,0.5770705882352944,27.0,Safe,Improved,0.7256417605085429,-0.2355952826714344,0.24502323891855426,3.0,3.0
4,6,Leeza Gibbons,0.1353941176470587,0.5770705882352948,0.0,Safe,Improved,-0.8428033846194657,0.7849836037870076,-0.028909890416229045,8.5,7.5
4,7,John Ratzenberger,6.938893903907227e-17,0.96592851492269,22.5,Eliminated,Improved,0.5469703250875831,-0.9291197528481627,-0.1910747138802898,10.0,10.5
4,7,Ian Ziering,0.0554339805825243,0.7514090614886729,27.0,Safe,Improved,0.7356263189491785,-0.5680370527441834,0.08379463310249757,3.5,6.5
4,7,Clyde Drexler,0.145731067961165,0.7514090614886745,0.0,Safe,Improved,-0.769912162806493,0.7599821789658061,-0.004964991920343442,6.0,4.0
4,7,Laila Ali,0.0602883495145631,0.7514090614886726,29.5,Safe,Improved,0.808420588269664,-0.505309710358291,0.15155543895568652,1.5,1.5
4,7,Apolo Anton Ohno,0.0554339805825243,0.7514090614886713,27.0,Safe,Improved,0.7356263189491785,-0.5680370527441834,0.08379463310249757,3.5,6.5
4,7,Shandi Finnessey,0.1457310679611649,0.7514090614886728,0.0,Safe,Improved,-0.769912162806493,0.7599821789658052,-0.004964991920343886,8.0,8.0
4,7,Paulina Porizkova,0.145731067961165,0.7514090614886728,0.0,Safe,Improved,-0.769912162806493,0.7599821789658061,-0.004964991920343442,6.0,4.0
4,7,Heather Mills,0.1457310679611648,0.751409061488673,0.0,Safe,Improved,-0.769912162806493,0.7599821789658046,-0.0049649919203442194,9.0,9.0
4,7,Billy Ray Cyrus,0.0399,0.7514090614886724,19.0,Safe,Improved,0.34507780186886017,-0.7291400292959876,-0.19203111371356374,11.0,10.5
4,7,Joey Fatone,0.0602883495145631,0.7514090614886735,29.5,Safe,Improved,0.808420588269664,-0.505309710358291,0.15155543895568652,1.5,1.5
4,7,Leeza Gibbons,0.145731067961165,0.7514090614886735,0.0,Safe,Improved,-0.769912162806493,0.7599821789658061,-0.004964991920343442,6.0,4.0
4,8,John Ratzenberger,0.151494422310757,0.908966533864548,0.0,Safe,Improved,-0.6936358492710161,0.69927027414657,0.002817212437776939,4.5,3.0
4,8,Ian Ziering,0.0152882470119522,0.9089665338645418,23.5,Safe,Improved,0.7192167898613094,-0.7934789419265551,-0.037131076032622834,10.0,9.0
4,8,Clyde Drexler,0.1514944223107569,0.9089665338645408,0.0,Safe,Improved,-0.6936358492710161,0.6992702741465693,0.002817212437776606,7.0,7.0
4,8,Laila Ali,0.022459561752988,0.9089665338645406,26.5,Safe,Improved,0.8113006500504002,-0.7523135799068827,0.029493535071758725,3.0,5.0
4,8,Apolo Anton Ohno,0.0284356573705179,0.9089665338645398,29.0,Safe,Improved,0.8663250717389427,-0.71280121959412,0.07676192607241134,1.0,1.0
4,8,Shandi Finnessey,0.1514944223107568,0.9089665338645408,0.0,Safe,Improved,-0.6936358492710161,0.6992702741465685,0.0028172124377762175,9.0,10.0
4,8,Paulina Porizkova,0.1514944223107569,0.9089665338645412,0.0,Safe,Improved,-0.6936358492710161,0.6992702741465693,0.002817212437776606,7.0,7.0
4,8,Heather Mills,0.1514944223107569,0.9089665338645404,0.0,Safe,Improved,-0.6936358492710161,0.6992702741465693,0.002817212437776606,7.0,7.0
4,8,Billy Ray Cyrus,6.938893903907227e-17,0.986995219123506,19.0,Eliminated,Improved,0.5144902820895946,-0.861530235488093,-0.17351997669924923,11.0,11.0
4,8,Joey Fatone,0.0248499999999999,0.9089665338645402,27.5,Safe,Improved,0.8354021282915234,-0.7371006798108914,0.04915072424031597,2.0,3.0
4,8,Leeza Gibbons,0.151494422310757,0.9089665338645428,0.0,Safe,Improved,-0.6936358492710161,0.69927027414657,0.002817212437776939,4.5,3.0
5,1,Cameron Mathison,0.0828469520103761,0.0,21.0,Safe,Improved,-0.14090123260234957,-0.1409012326023446,-0.1409012326023471,7.0,7.0
5,1,Jane Seymour,0.0863488975356679,3.3306690738754696e-15,24.0,Safe,Improved,0.706137991483917,0.7061379914839153,0.7061379914839161,3.5,3.5
5,1,Sabrina Bryan,0.0886835278858625,1.1102230246251563e-16,26.0,Safe,Improved,0.915468136236017,0.9154681362360185,0.9154681362360177,1.0,1.0
5,1,Jennie Garth,0.0828469520103761,0.0,21.0,Safe,Improved,-0.14090123260234957,-0.1409012326023446,-0.1409012326023471,7.0,7.0
5,1,Floyd Mayweather Jr. ,0.0793450064850843,7.66053886991358e-15,18.0,Safe,Improved,-0.8220568384146401,-0.8220568384146355,-0.8220568384146378,11.0,11.0
5,1,Josie Maran,0.0770103761348897,0.8956818093385212,16.0,Eliminated,Improved,-0.9511761432194054,-0.9511761432194052,-0.9511761432194052,12.0,12.0
5,1,Albert Reed,0.0828469520103761,1.1102230246251563e-16,21.0,Safe,Improved,-0.14090123260234957,-0.1409012326023446,-0.1409012326023471,7.0,7.0
5,1,Helio Castroneves,0.0875162127107652,1.1102230246251563e-16,25.0,Safe,Improved,0.8396147981137073,0.8396147981137083,0.8396147981137079,2.0,2.0
5,1,Mel B,0.0863488975356679,0.0,24.0,Safe,Improved,0.706137991483917,0.7061379914839153,0.7061379914839161,3.5,3.5
5,1,Wayne Newton,0.0805123216601815,0.0,19.0,Safe,Improved,-0.6765371232836428,-0.6765371232836472,-0.676537123283645,10.0,10.0
5,1,Marie Osmond,0.0828469520103761,0.0,21.0,Safe,Improved,-0.14090123260234957,-0.1409012326023446,-0.1409012326023471,7.0,7.0
5,1,Mark Cuban,0.0828469520103761,4.440892098500626e-16,21.0,Safe,Improved,-0.14090123260234957,-0.1409012326023446,-0.1409012326023471,7.0,7.0
5,2,Cameron Mathison,0.0848039215710527,0.1267504201680673,21.0,Safe,Improved,0.16444303073658667,0.07327257527333833,0.1188578030049625,6.5,7.5
5,2,Jane Seymour,0.0848039215710527,0.1267504201680676,21.0,Safe,Improved,0.16444303073658667,0.07327257527333833,0.1188578030049625,6.5,7.5
5,2,Sabrina Bryan,0.0911064425794561,0.1267504201680684,26.0,Safe,Improved,0.7049953747141305,0.3696289429816292,0.5373121588478799,2.0,2.0
5,2,Jennie Garth,0.0848039215710527,0.1267504201680674,21.0,Safe,Improved,0.16444303073658667,0.07327257527333833,0.1188578030049625,6.5,7.5
5,2,Floyd Mayweather Jr. ,0.0848039215710527,0.1267504201680672,21.0,Safe,Improved,0.16444303073658667,0.07327257527333833,0.1188578030049625,6.5,7.5
5,2,Josie Maran,0.1157362744976773,0.1267504201680682,0.0,Safe,Improved,-0.992935585034766,0.9242441738247938,-0.034345705604986065,9.0,5.0
5,2,Albert Reed,0.0274009803800302,0.9216602941176468,21.0,Eliminated,Improved,0.16444303073658667,-0.9925109229327448,-0.4140339460980791,11.0,10.0
5,2,Helio Castroneves,0.0923669467811367,0.1267504201680677,27.0,Safe,Improved,0.7696244945672404,0.42264762730947236,0.5961360609383564,1.0,1.0
5,2,Mel B,0.0873249299744141,0.1267504201680678,23.0,Safe,Improved,0.42225668996857424,0.19664460683614624,0.30945064840236025,4.0,4.0
5,2,Wayne Newton,0.0772408963609687,0.1267504201680678,15.0,Safe,Improved,-0.5963776706254673,-0.2950627534075003,-0.4457202120164838,12.0,12.0
5,2,Marie Osmond,0.0885854341760947,0.1267504201680677,24.0,Safe,Improved,0.5318188620245929,0.25631250416948564,0.39406568309703927,3.0,3.0
5,2,Mark Cuban,0.0810224089660107,0.1267504201680667,18.0,Safe,Improved,-0.25502334430378787,-0.11484046197087525,-0.18493190313733154,10.0,11.0
5,3,Cameron Mathison,0.0872036262203626,0.1508276150627623,23.0,Safe,Improved,0.30566096604703696,0.17776774644243415,0.24171435624473556,7.0,8.0
5,3,Jane Seymour,0.0922245467224546,0.1508276150627618,27.0,Safe,Improved,0.6202286375717109,0.39082268464997444,0.5055256611108426,2.0,2.0
5,3,Sabrina Bryan,0.0922245467224546,0.1508276150627616,27.0,Safe,Improved,0.6202286375717109,0.39082268464997444,0.5055256611108426,2.0,2.0
5,3,Jennie Garth,0.0909693165969316,0.1508276150627618,26.0,Safe,Improved,0.5531928581230029,0.3403578047202899,0.4467753314216464,4.5,4.5
5,3,Floyd Mayweather Jr. ,0.0846931659693166,0.1508276150627621,21.0,Safe,Improved,0.11048703950768064,0.06304589979763617,0.08676646965265841,8.0,10.0
5,3,Josie Maran,0.091002649930265,0.1508276150627623,0.0,Safe,Improved,-0.9667203496836649,0.3417253026658536,-0.3124975235089057,10.5,8.0
5,3,Albert Reed,0.091002649930265,0.1508276150627623,0.0,Safe,Improved,-0.9667203496836649,0.3417253026658536,-0.3124975235089057,10.5,8.0
5,3,Helio Castroneves,0.0884588563458856,0.1508276150627616,24.0,Safe,Improved,0.39537773461967196,0.2335586455799163,0.3144681900997941,6.0,6.0
5,3,Mel B,0.0922245467224546,0.1508276150627616,27.0,Safe,Improved,0.6202286375717109,0.39082268464997444,0.5055256611108426,2.0,2.0
5,3,Wayne Newton,0.0155888423988842,0.9087388075313808,18.0,Eliminated,Improved,-0.1937960597720022,-0.9962974077938658,-0.5950467337829339,12.0,12.0
5,3,Marie Osmond,0.0909693165969316,0.1508276150627617,26.0,Safe,Improved,0.5531928581230029,0.3403578047202899,0.4467753314216464,4.5,4.5
5,3,Mark Cuban,0.0834379358437936,0.1508276150627611,20.0,Safe,Improved,0.008533634953166959,0.004856087280779622,0.00669486111697329,9.0,11.0
5,4,Cameron Mathison,0.0889048076923076,0.2995452991452997,27.0,Safe,Improved,0.5572132915561873,0.20543143802210898,0.3813223647891481,3.0,3.0
5,4,Jane Seymour,0.0876227564102564,0.2995452991452996,26.0,Safe,Improved,0.4967218786347484,0.15907994982182902,0.3279009142282887,6.0,9.0
5,4,Sabrina Bryan,0.0927509615384615,0.2995452991452992,30.0,Safe,Improved,0.7065673154053979,0.338377628693724,0.5224724720495609,1.0,1.0
5,4,Jennie Garth,0.0889048076923076,0.2995452991452997,27.0,Safe,Improved,0.5572132915561873,0.20543143802210898,0.3813223647891481,3.0,3.0
5,4,Floyd Mayweather Jr. ,0.0,0.9317155982905984,23.0,Eliminated,Improved,0.2852903972581449,-0.9960846581738164,-0.3553971304578357,12.0,11.5
5,4,Josie Maran,0.0983905982905983,0.2995452991452993,0.0,Safe,Improved,-0.9267469824756707,0.5103519618295431,-0.20819751032306377,10.0,6.0
5,4,Albert Reed,0.0983905982905983,0.2995452991452996,0.0,Safe,Improved,-0.9267469824756707,0.5103519618295431,-0.20819751032306377,10.0,6.0
5,4,Helio Castroneves,0.0889048076923076,0.2995452991452996,27.0,Safe,Improved,0.5572132915561873,0.20543143802210898,0.3813223647891481,3.0,3.0
5,4,Mel B,0.0876227564102564,0.2995452991452996,26.0,Safe,Improved,0.4967218786347484,0.15907994982182902,0.3279009142282887,6.0,9.0
5,4,Wayne Newton,0.0983905982905983,0.2995452991452991,0.0,Safe,Improved,-0.9267469824756707,0.5103519618295431,-0.20819751032306377,10.0,6.0
5,4,Marie Osmond,0.0876227564102564,0.2995452991452992,26.0,Safe,Improved,0.4967218786347484,0.15907994982182902,0.3279009142282887,6.0,9.0
5,4,Mark Cuban,0.0824945512820512,0.2995452991452992,22.0,Safe,Improved,0.20657801259467062,-0.03136371626744594,0.08760714816361234,8.0,11.5
5,5,Cameron Mathison,0.0833599425699928,0.4226105527638202,26.0,Safe,Improved,0.6378941181227943,0.00092813624941614,0.3194111271861052,3.5,3.5
5,5,Jane Seymour,0.0833599425699928,0.422610552763819,26.0,Safe,Improved,0.6378941181227943,0.00092813624941614,0.3194111271861052,3.5,3.5
5,5,Sabrina Bryan,0.0863750179468772,0.4226105527638191,28.0,Safe,Improved,0.7234696931303524,0.1056983981839278,0.4145840456571401,2.0,2.0
5,5,Jennie Garth,0.0818524048815506,0.4226105527638186,25.0,Safe,Improved,0.5879183625691441,-0.051609243304801336,0.2681545596321714,5.0,9.0
5,5,Floyd Mayweather Jr. ,0.1056276381909547,0.4226105527638188,0.0,Safe,Improved,-0.8689860397006348,0.6513446663565343,-0.10882068667205025,9.5,6.5
5,5,Josie Maran,0.1056276381909547,0.4226105527638188,0.0,Safe,Improved,-0.8689860397006348,0.6513446663565343,-0.10882068667205025,9.5,6.5
5,5,Albert Reed,0.1056276381909547,0.4226105527638188,0.0,Safe,Improved,-0.8689860397006348,0.6513446663565343,-0.10882068667205025,9.5,6.5
5,5,Helio Castroneves,0.0788373295046662,0.4226105527638194,23.0,Safe,Improved,0.4732163447067234,-0.15554863277430214,0.15883385596621064,6.0,10.0
5,5,Mel B,0.0878825556353194,0.4226105527638192,29.0,Safe,Improved,0.7594961319650334,0.15735946763836292,0.4584277998016982,1.0,1.0
5,5,Wayne Newton,0.1056276381909547,0.422610552763819,0.0,Safe,Improved,-0.8689860397006348,0.6513446663565343,-0.10882068667205025,9.5,6.5
5,5,Marie Osmond,0.0758222541277817,0.4226105527638185,21.0,Safe,Improved,0.33986019617951985,-0.2561542515791188,0.04185297230020052,7.0,11.0
5,5,Mark Cuban,5.551115123125783e-17,0.938952638190955,21.0,Eliminated,Improved,0.33986019617951985,-0.9940431219632168,-0.32709146289184843,12.0,12.0
5,6,Cameron Mathison,0.0494537037037037,0.7230222222222193,25.0,Safe,Improved,0.6328225092769851,-0.5790423745271727,0.026890067374906235,4.0,8.0
5,6,Jane Seymour,0.0444537037037037,0.7230222222222231,22.0,Safe,Improved,0.4794555051818478,-0.6402369320471337,-0.08039071343264295,11.0,12.0
5,6,Sabrina Bryan,0.0,0.9723138888888893,25.0,Eliminated,Improved,0.6328225092769851,-0.925476240602639,-0.14632686566282693,12.0,11.0
5,6,Jennie Garth,0.0527870370370371,0.7230222222222216,27.0,Safe,Improved,0.7140173428961712,-0.5341861555889719,0.08991559365359969,3.0,3.5
5,6,Floyd Mayweather Jr. ,0.1389888888888888,0.723022222222222,0.0,Safe,Improved,-0.8072782910215958,0.7953723848299024,-0.0059529530958467025,7.0,6.0
5,6,Josie Maran,0.1389888888888888,0.7230222222222223,0.0,Safe,Improved,-0.8072782910215958,0.7953723848299024,-0.0059529530958467025,7.0,6.0
5,6,Albert Reed,0.1389888888888889,0.7230222222222221,0.0,Safe,Improved,-0.8072782910215958,0.795372384829903,-0.0059529530958463694,5.0,3.5
5,6,Helio Castroneves,0.0544537037037037,0.7230222222222222,28.0,Safe,Improved,0.7486792491386121,-0.5105449156247148,0.11906716675694862,2.0,2.0
5,6,Mel B,0.0577870370370371,0.7230222222222229,30.0,Safe,Improved,0.8072782910215958,-0.4608817796874153,0.17319825566709024,1.0,1.0
5,6,Wayne Newton,0.1389888888888888,0.7230222222222218,0.0,Safe,Improved,-0.8072782910215958,0.7953723848299024,-0.0059529530958467025,7.0,6.0
5,6,Marie Osmond,0.0461203703703704,0.7230222222222225,23.0,Safe,Improved,0.5348314484274748,-0.6206471651724897,-0.04290785837250749,10.0,10.0
5,6,Mark Cuban,0.1389888888888887,0.7230222222222231,0.0,Safe,Improved,-0.8072782910215958,0.7953723848299015,-0.005952953095847147,9.0,9.0
5,7,Cameron Mathison,0.0062261538461539,0.962138461538458,25.5,Safe,Improved,0.7259144826392554,-0.7434365359680435,-0.008761026664394045,11.0,11.0
5,7,Jane Seymour,0.0,0.9948791666666664,25.0,Eliminated,Improved,0.7080360818428287,-0.7760983374958219,-0.03403112782649659,12.0,12.0
5,7,Sabrina Bryan,0.1603564102564102,0.9621384615384616,0.0,Safe,Improved,-0.7428629148156958,0.7429687231929945,5.290418864933866e-05,6.5,4.5
5,7,Jennie Garth,0.0081492307692308,0.9621384615384596,26.5,Safe,Improved,0.7589097161998732,-0.7325566947474936,0.013176510726189805,2.0,2.0
5,7,Floyd Mayweather Jr. ,0.1603564102564101,0.96213846153846,0.0,Safe,Improved,-0.7428629148156958,0.7429687231929939,5.29041886490611e-05,8.5,8.5
5,7,Josie Maran,0.1603564102564102,0.9621384615384622,0.0,Safe,Improved,-0.7428629148156958,0.7429687231929945,5.290418864933866e-05,6.5,4.5
5,7,Albert Reed,0.1603564102564101,0.9621384615384616,0.0,Safe,Improved,-0.7428629148156958,0.7429687231929939,5.29041886490611e-05,8.5,8.5
5,7,Helio Castroneves,0.0071876923076924,0.9621384615384616,26.0,Safe,Improved,0.7428629148156958,-0.7380445826999654,0.0024091660578651752,3.5,6.5
5,7,Mel B,0.0091107692307693,0.962138461538462,27.0,Safe,Improved,0.7740849127036896,-0.7269718976671806,0.0235565075182545,1.0,1.0
5,7,Wayne Newton,0.16035641025641,0.9621384615384612,0.0,Safe,Improved,-0.7428629148156958,0.7429687231929933,5.2904188648783546e-05,10.0,10.0
5,7,Marie Osmond,0.0071876923076924,0.9621384615384622,26.0,Safe,Improved,0.7428629148156958,-0.7380445826999654,0.0024091660578651752,3.5,6.5
5,7,Mark Cuban,0.1603564102564104,0.9621384615384624,0.0,Safe,Improved,-0.7428629148156958,0.7429687231929956,5.290418864989377e-05,5.0,3.0
6,2,Cristian de la Fuente,0.0816796368352788,1.0880185641326534e-14,20.0,Safe,Improved,-0.32438692752089127,-0.3243869275208903,-0.3243869275208908,8.0,8.0
6,2,Steve Guttenberg,0.0770103761348897,1.1102230246251563e-16,16.0,Safe,Improved,-0.858280615714985,-0.8582806157149849,-0.8582806157149849,11.0,11.0
6,2,Priscilla Presley,0.0828469520103761,3.6637359812630166e-15,21.0,Safe,Improved,-0.09866099562089883,-0.09866099562089273,-0.09866099562089578,6.5,6.5
6,2,Marlee Matlin,0.0863488975356679,0.0,24.0,Safe,Improved,0.5467225937385007,0.5467225937385018,0.5467225937385013,4.5,4.5
6,2,Shannon Elizabeth,0.0863488975356679,0.0,24.0,Safe,Improved,0.5467225937385007,0.5467225937385018,0.5467225937385013,4.5,4.5
6,2,Marissa Jaret Winokur,0.0828469520103761,1.3322676295501878e-15,21.0,Safe,Improved,-0.09866099562089883,-0.09866099562089273,-0.09866099562089578,6.5,6.5
6,2,Jason Taylor,0.0898508430609597,1.1102230246251563e-16,27.0,Safe,Improved,0.8683598780221605,0.8683598780221592,0.8683598780221599,1.5,1.5
6,2,Kristi Yamaguchi,0.0898508430609597,0.0,27.0,Safe,Improved,0.8683598780221605,0.8683598780221592,0.8683598780221599,1.5,1.5
6,2,Monica Seles,0.0758430609597924,0.8917907587548638,15.0,Eliminated,Improved,-0.909450697407548,-0.9094506974075488,-0.9094506974075485,12.0,12.0
6,2,Penn Jillette,0.078177691309987,0.0,17.0,Eliminated,Improved,-0.7815028478813472,-0.7815028478813449,-0.781502847881346,10.0,10.0
6,2,Adam Carolla,0.0805123216601815,5.9952043329758445e-15,19.0,Safe,Improved,-0.5183649964835029,-0.5183649964835058,-0.5183649964835043,9.0,9.0
6,2,Mario,0.0886835278858625,2.220446049250313e-16,26.0,Safe,Improved,0.7964444973256901,0.7964444973256943,0.7964444973256922,3.0,3.0
6,3,Cristian de la Fuente,0.0912280701754385,0.1935824561403508,25.0,Safe,Improved,0.5738479148694448,0.30800001185144976,0.44092396336044726,3.0,3.0
6,3,Steve Guttenberg,0.0060736842105262,0.925530263157895,21.0,Eliminated,Improved,0.2143697191579048,-0.9960711150487933,-0.39085069794544425,12.0,11.0
6,3,Priscilla Presley,0.0925438596491227,0.1935824561403507,26.0,Safe,Improved,0.6423209319072211,0.35520694854524953,0.49876394022623527,2.0,2.0
6,3,Marlee Matlin,0.0859649122807017,0.1935824561403504,21.0,Safe,Improved,0.2143697191579048,0.10571496060634993,0.16004233988212735,7.0,9.0
6,3,Shannon Elizabeth,0.0899122807017543,0.1935824561403506,24.0,Safe,Improved,0.4962870385391896,0.2592261067430882,0.37775657264113893,4.0,4.0
6,3,Marissa Jaret Winokur,0.0833333333333333,0.1935824561403505,19.0,Safe,Improved,0.0,1.1191698909419648e-15,5.595849454709824e-16,9.0,12.0
6,3,Jason Taylor,0.0885964912280701,0.1935824561403507,23.0,Safe,Improved,0.4099026190356543,0.20909316853819065,0.3094978937869225,5.0,5.0
6,3,Kristi Yamaguchi,0.093859649122807,0.1935824561403507,27.0,Safe,Improved,0.7018759334703274,0.4006691026865529,0.5512725180784401,1.0,1.0
6,3,Monica Seles,0.098278947368421,0.1935824561403507,0.0,Safe,Improved,-0.9685667453392124,0.5389270312939966,-0.21481985702260792,10.5,6.5
6,3,Penn Jillette,0.098278947368421,0.1935824561403505,0.0,Safe,Improved,-0.9685667453392124,0.5389270312939966,-0.21481985702260792,10.5,6.5
6,3,Adam Carolla,0.0859649122807017,0.1935824561403509,21.0,Safe,Improved,0.2143697191579048,0.10571496060634993,0.16004233988212735,7.0,9.0
6,3,Mario,0.0859649122807017,0.1935824561403497,21.0,Safe,Improved,0.2143697191579048,0.10571496060634993,0.16004233988212735,7.0,9.0
6,4,Cristian de la Fuente,0.093,0.2536333333333338,26.0,Safe,Improved,0.5522622097234186,0.353321849699248,0.45279202971133325,4.0,4.0
6,4,Steve Guttenberg,0.0858027777777778,0.2536333333333337,0.0,Safe,Improved,-0.9228142150860874,0.09404578264077063,-0.4143842162226584,9.0,9.0
6,4,Priscilla Presley,0.0876666666666666,0.2536333333333341,22.0,Safe,Improved,0.271666203399315,0.16402369666980013,0.21784495003455756,8.0,8.0
6,4,Marlee Matlin,0.0903333333333333,0.2536333333333336,24.0,Safe,Improved,0.4220191539424104,0.2611820905021729,0.34160062222229165,6.0,6.0
6,4,Shannon Elizabeth,0.0956666666666666,0.2536333333333332,28.0,Safe,Improved,0.6601698831333772,0.43908131960397956,0.5496256013686784,3.0,3.0
6,4,Marissa Jaret Winokur,0.0903333333333333,0.2536333333333335,24.0,Safe,Improved,0.4220191539424104,0.2611820905021729,0.34160062222229165,6.0,6.0
6,4,Jason Taylor,0.097,0.2536333333333336,29.0,Safe,Improved,0.7058461559144851,0.4792583326446466,0.5925522442795659,1.5,1.5
6,4,Kristi Yamaguchi,0.097,0.2536333333333336,29.0,Safe,Improved,0.7058461559144851,0.4792583326446466,0.5925522442795659,1.5,1.5
6,4,Monica Seles,0.0858027777777777,0.2536333333333334,0.0,Safe,Improved,-0.9228142150860874,0.09404578264076695,-0.41438421622266025,10.5,11.5
6,4,Penn Jillette,0.0858027777777777,0.253633333333334,0.0,Safe,Improved,-0.9228142150860874,0.09404578264076695,-0.41438421622266025,10.5,11.5
6,4,Adam Carolla,0.0012583333333333,0.9178694444444444,19.0,Eliminated,Improved,0.021432249669727,-0.9962226214236112,-0.4873951858769421,12.0,10.0
6,4,Mario,0.0903333333333333,0.2536333333333326,24.0,Safe,Improved,0.4220191539424104,0.2611820905021729,0.34160062222229165,6.0,6.0
6,5,Cristian de la Fuente,0.0785142857142857,0.4289714285714283,23.0,Safe,Improved,0.49543261989274007,-0.16379316766071647,0.1658197261160118,5.5,9.5
6,5,Steve Guttenberg,0.1072428571428571,0.4289714285714283,0.0,Safe,Improved,-0.8694752400806608,0.6750917912396707,-0.09719172442049506,9.5,6.5
6,5,Priscilla Presley,0.0,0.9405678571428572,21.0,Eliminated,Improved,0.3629369764039012,-0.9934376919054129,-0.3152503577507558,12.0,12.0
6,5,Marlee Matlin,0.0769836734693877,0.4289714285714282,22.0,Safe,Improved,0.4315090358639922,-0.21439955224723495,0.10855474180837862,7.0,11.0
6,5,Shannon Elizabeth,0.0785142857142857,0.4289714285714284,23.0,Safe,Improved,0.49543261989274007,-0.16379316766071647,0.1658197261160118,5.5,9.5
6,5,Marissa Jaret Winokur,0.0800448979591836,0.4289714285714289,24.0,Safe,Improved,0.5544057621250057,-0.11230976443836439,0.22104799884332066,4.0,4.0
6,5,Jason Taylor,0.0846367346938775,0.4289714285714283,27.0,Safe,Improved,0.7009550048631816,0.044673837211555684,0.37281442103736867,2.5,2.5
6,5,Kristi Yamaguchi,0.0876979591836734,0.4289714285714289,29.0,Safe,Improved,0.7747675833107063,0.14858812186884582,0.46167785258977606,1.0,1.0
6,5,Monica Seles,0.1072428571428571,0.4289714285714285,0.0,Safe,Improved,-0.8694752400806608,0.6750917912396707,-0.09719172442049506,9.5,6.5
6,5,Penn Jillette,0.1072428571428571,0.4289714285714284,0.0,Safe,Improved,-0.8694752400806608,0.6750917912396707,-0.09719172442049506,9.5,6.5
6,5,Adam Carolla,0.1072428571428571,0.4289714285714285,0.0,Safe,Improved,-0.8694752400806608,0.6750917912396707,-0.09719172442049506,9.5,6.5
6,5,Mario,0.0846367346938775,0.428971428571429,27.0,Safe,Improved,0.7009550048631816,0.044673837211555684,0.37281442103736867,2.5,2.5
6,6,Cristian de la Fuente,0.0701944444444444,0.583833333333333,27.0,Safe,Improved,0.7133519070716952,-0.3550445636526757,0.17915367170950972,3.0,3.0
6,6,Steve Guttenberg,0.1167666666666666,0.5838333333333328,0.0,Safe,Improved,-0.8066870142640751,0.7373146576128349,-0.0346861783256201,8.5,5.5
6,6,Priscilla Presley,0.1167666666666666,0.5838333333333332,0.0,Safe,Improved,-0.8066870142640751,0.7373146576128349,-0.0346861783256201,8.5,5.5
6,6,Marlee Matlin,1.3877787807814457e-17,0.9500916666666672,21.0,Eliminated,Improved,0.41941991324388916,-0.9821285364293404,-0.2813543115927256,12.0,12.0
6,6,Shannon Elizabeth,0.0651944444444444,0.5838333333333336,24.0,Safe,Improved,0.5852967547637912,-0.4718642333803493,0.05671626069172095,5.5,10.5
6,6,Marissa Jaret Winokur,0.0685277777777777,0.5838333333333339,26.0,Safe,Improved,0.6747855613617432,-0.39549006319111474,0.13964774908531422,4.0,8.0
6,6,Jason Taylor,0.0651944444444444,0.5838333333333333,24.0,Safe,Improved,0.5852967547637912,-0.4718642333803493,0.05671626069172095,5.5,10.5
6,6,Kristi Yamaguchi,0.0751944444444444,0.5838333333333334,30.0,Safe,Improved,0.8066870142640751,-0.22597384484644206,0.29035658470881653,1.0,1.0
6,6,Monica Seles,0.1167666666666665,0.5838333333333333,0.0,Safe,Improved,-0.8066870142640751,0.7373146576128335,-0.034686178325620765,11.0,9.0
6,6,Penn Jillette,0.1167666666666666,0.5838333333333336,0.0,Safe,Improved,-0.8066870142640751,0.7373146576128349,-0.0346861783256201,8.5,5.5
6,6,Adam Carolla,0.1167666666666666,0.5838333333333332,0.0,Safe,Improved,-0.8066870142640751,0.7373146576128349,-0.0346861783256201,8.5,5.5
6,6,Mario,0.0718611111111111,0.5838333333333341,28.0,Safe,Improved,0.7480328376645815,-0.3132247635224728,0.21740403707105435,2.0,2.0
7,1,Ted McGinley,0.0590540903525512,0.919658852258852,18.5,Eliminated,Improved,-0.27204404283128913,-0.9931501643239956,-0.6325971035776423,12.0,11.5
7,1,Cloris Leachman,0.0728937728940527,0.0401825396825415,16.0,Safe,Improved,-0.7886104147186986,-0.5646505683750404,-0.6766304915468695,13.0,13.0
7,1,Susan Lucci,0.0758699633702432,0.0401825396825403,18.5,Safe,Improved,-0.27204404283128913,-0.16563695477212942,-0.21884049880170928,9.5,9.5
7,1,Cody Linley,0.0782509157511956,0.0401825396825399,20.5,Safe,Improved,0.338033581976444,0.20772120526134255,0.2728773936188933,6.0,6.0
7,1,Misty May-Treanor,0.0788461538464336,0.0401825396825398,21.0,Safe,Improved,0.4696380962201212,0.296137119808562,0.38288760801434163,5.0,5.0
7,1,Maurice Greene,0.0770604395607194,0.0401825396825404,19.5,Safe,Improved,0.036384354830438954,0.021802262744740394,0.029093308787589672,7.0,8.0
7,1,Warren Sapp,0.0794413919416717,0.0401825396825403,21.5,Safe,Improved,0.5832281347989392,0.37975343170438186,0.4814907832516605,3.5,3.5
7,1,Jeffrey Ross,0.084947741146202,0.0401825396825399,12.0,Eliminated,Improved,-0.9812307597080737,0.854845868467601,-0.06319244562023635,8.0,7.0
7,1,Toni Braxton,0.0806318681321479,0.0401825396825398,22.5,Safe,Improved,0.7542803720108318,0.5289991608213531,0.6416397664160924,2.0,2.0
7,1,Lance Bass,0.0794413919416717,0.04018253968254,21.5,Safe,Improved,0.5832281347989392,0.37975343170438186,0.4814907832516605,3.5,3.5
7,1,Kim Kardashian,0.0758699633702432,0.0401825396825392,18.5,Safe,Improved,-0.27204404283128913,-0.16563695477212942,-0.21884049880170928,9.5,9.5
7,1,Rocco DiSpirito,0.074679487179767,0.0401825396825391,17.5,Safe,Improved,-0.5331531392737963,-0.3418272404010183,-0.4374901898374073,11.0,11.5
7,1,Brooke Burke,0.0830128205131003,0.0401825396825383,24.5,Safe,Improved,0.9237125795222342,0.7472594505098107,0.8354860150160224,1.0,1.0
7,2,Ted McGinley,0.087212820520283,0.1678208144796384,0.0,Safe,Improved,-0.971102637110573,0.4640066628798077,-0.2535479871153826,11.5,7.5
7,2,Cloris Leachman,0.0742081447941413,0.1678208144796379,15.0,Safe,Improved,-0.2434028740672816,-0.13178779572681185,-0.18759533489704672,10.0,13.0
7,2,Susan Lucci,0.0823529411742318,0.1678208144796386,21.0,Safe,Improved,0.45957806449817545,0.259075953988216,0.3593270092431957,5.0,5.0
7,2,Cody Linley,0.0823529411742318,0.1678208144796391,21.0,Safe,Improved,0.45957806449817545,0.259075953988216,0.3593270092431957,5.0,5.0
7,2,Misty May-Treanor,0.0823529411742318,0.167820814479638,21.0,Safe,Improved,0.45957806449817545,0.259075953988216,0.3593270092431957,5.0,5.0
7,2,Maurice Greene,0.079638009047535,0.1678208144796382,19.0,Safe,Improved,0.2434028740672816,0.1317877955119924,0.187595334789637,8.0,10.0
7,2,Warren Sapp,0.086425339364277,0.1678208144796381,24.0,Safe,Improved,0.7010480136937942,0.43330283543612036,0.5671754245649573,1.5,1.5
7,2,Jeffrey Ross,0.087212820520283,0.1678208144796388,0.0,Safe,Improved,-0.971102637110573,0.4640066628798077,-0.2535479871153826,11.5,7.5
7,2,Toni Braxton,0.0850678733009286,0.1678208144796386,23.0,Safe,Improved,0.6322552128378052,0.3779590744560535,0.5051071436469293,3.0,3.0
7,2,Lance Bass,0.0809954751108834,0.1678208144796384,20.0,Safe,Improved,0.35624825135175436,0.19625854037927398,0.2762533958655142,7.0,9.0
7,2,Kim Kardashian,0.0101897435972061,0.9231692307692309,17.0,Eliminated,Improved,0.0,-0.9970470511007548,-0.4985235255503774,13.0,12.0
7,2,Rocco DiSpirito,0.0755656108574897,0.1678208144796382,16.0,Safe,Improved,-0.12355944514284589,-0.06618252150266578,-0.09487098332275584,9.0,11.0
7,2,Brooke Burke,0.086425339364277,0.1678208144796373,24.0,Safe,Improved,0.7010480136937942,0.43330283543612036,0.5671754245649573,1.5,1.5
7,4,Ted McGinley,0.0887699507389162,0.3550798029556649,0.0,Safe,Improved,-0.8883819449672217,0.46451997120319466,-0.2119309868820135,11.5,7.5
7,4,Cloris Leachman,0.0789524630541871,0.3550798029556646,22.0,Safe,Improved,0.5213691992468532,0.08596213455673202,0.30366566690179264,6.0,10.0
7,4,Susan Lucci,0.0819081280788177,0.3550798029556645,24.0,Safe,Improved,0.6406920740428551,0.20857652855845468,0.4246343013006549,3.0,3.0
7,4,Cody Linley,0.0804302955665024,0.3550798029556651,23.0,Safe,Improved,0.5841784662891748,0.1478373559388246,0.3660079111139997,4.0,4.0
7,4,Misty May-Treanor,0.0887699507389162,0.3550798029556647,0.0,Safe,Improved,-0.8883819449672217,0.46451997120319466,-0.2119309868820135,11.5,7.5
7,4,Maurice Greene,0.0759967980295566,0.3550798029556649,20.0,Safe,Improved,0.37745598762611643,-0.03931276290971416,0.16907161235820115,8.0,12.0
7,4,Warren Sapp,0.0789524630541871,0.3550798029556647,22.0,Safe,Improved,0.5213691992468532,0.08596213455673202,0.30366566690179264,6.0,10.0
7,4,Jeffrey Ross,0.0887699507389163,0.3550798029556647,0.0,Safe,Improved,-0.8883819449672217,0.4645199712031979,-0.2119309868820119,9.5,5.5
7,4,Toni Braxton,0.0789524630541871,0.3550798029556652,22.0,Safe,Improved,0.5213691992468532,0.08596213455673202,0.30366566690179264,6.0,10.0
7,4,Lance Bass,0.0848637931034482,0.3550798029556652,26.0,Safe,Improved,0.7354406170301789,0.3249669040681411,0.5302037605491601,1.5,1.5
7,4,Kim Kardashian,0.0887699507389163,0.355079802955665,0.0,Safe,Improved,-0.8883819449672217,0.4645199712031979,-0.2119309868820119,9.5,5.5
7,4,Rocco DiSpirito,0.0,0.9349161045850702,18.0,Eliminated,Improved,0.2126650874695121,-0.9970945040834357,-0.3922147083069618,13.0,13.0
7,4,Brooke Burke,0.0848637931034482,0.3550798029556646,26.0,Safe,Improved,0.7354406170301789,0.3249669040681411,0.5302037605491601,1.5,1.5
7,5,Ted McGinley,0.1129205128205128,0.5751589743589715,0.0,Safe,Improved,-0.8308349538794201,0.7821841576684055,-0.024325398105507268,8.0,7.0
7,5,Cloris Leachman,0.0564853479853479,0.5751589743589732,21.0,Safe,Improved,0.4433000325656037,-0.5346936505149723,-0.04569680897468431,11.5,12.5
7,5,Susan Lucci,0.0580238095238094,0.5751589743589749,22.0,Safe,Improved,0.5047941517669402,-0.5018519554108002,0.0014710981780700072,5.0,10.0
7,5,Cody Linley,0.0672545787545787,0.5751589743589759,28.0,Safe,Improved,0.7747289982784642,-0.27501317319931595,0.24985791253957412,2.0,2.0
7,5,Misty May-Treanor,0.1129205128205128,0.5751589743589749,0.0,Safe,Improved,-0.8308349538794201,0.7821841576684055,-0.024325398105507268,8.0,7.0
7,5,Maurice Greene,0.0657161172161171,0.5751589743589752,27.0,Safe,Improved,0.7409853827535606,-0.31599874799536665,0.212493317379097,3.0,3.0
7,5,Warren Sapp,0.0626391941391941,0.575158974358975,25.0,Safe,Improved,0.6606037939212265,-0.39442441946427326,0.1330896872284766,4.0,4.0
7,5,Jeffrey Ross,0.1129205128205128,0.5751589743589747,0.0,Safe,Improved,-0.8308349538794201,0.7821841576684055,-0.024325398105507268,8.0,7.0
7,5,Toni Braxton,1.3877787807814457e-17,0.9590666666666664,22.0,Eliminated,Improved,0.5047941517669402,-0.9778440238262379,-0.23652493602964886,13.0,11.0
7,5,Lance Bass,0.0564853479853479,0.5751589743589748,21.0,Safe,Improved,0.4433000325656037,-0.5346936505149723,-0.04569680897468431,11.5,12.5
7,5,Kim Kardashian,0.1129205128205128,0.5751589743589751,0.0,Safe,Improved,-0.8308349538794201,0.7821841576684055,-0.024325398105507268,8.0,7.0
7,5,Rocco DiSpirito,0.1129205128205128,0.5751589743589748,0.0,Safe,Improved,-0.8308349538794201,0.7821841576684055,-0.024325398105507268,8.0,7.0
7,5,Brooke Burke,0.0687930402930403,0.5751589743589752,29.0,Safe,Improved,0.8045700643101188,-0.2330030712545614,0.2857834965277787,1.0,1.0
7,6,Ted McGinley,0.0938499999999999,0.5630999999999997,0.0,Safe,Improved,-0.7654299436959219,0.5802749165230678,-0.09257751358642702,10.5,8.5
7,6,Cloris Leachman,1.3877787807814457e-17,0.9425899999999996,15.0,Eliminated,Improved,0.2172441995961751,-0.9951755282893838,-0.38896566434660435,13.0,13.0
7,6,Susan Lucci,0.0706291666666666,0.5630999999999988,23.0,Safe,Improved,0.7047826068456768,-0.2416036810514959,0.23158946289709048,4.5,8.5
7,6,Cody Linley,0.0706291666666666,0.5631000000000002,23.0,Safe,Improved,0.7047826068456768,-0.2416036810514959,0.23158946289709048,4.5,8.5
7,6,Misty May-Treanor,0.09385,0.5630999999999999,0.0,Safe,Improved,-0.7654299436959219,0.5802749165230703,-0.0925775135864258,7.5,4.0
7,6,Maurice Greene,0.0668791666666666,0.5630999999999992,21.0,Safe,Improved,0.6123957780741186,-0.3742280118424104,0.1190838831158541,6.0,12.0
7,6,Warren Sapp,0.0743791666666666,0.5631000000000006,25.0,Safe,Improved,0.7781781635503148,-0.09929408006174464,0.33944204174428505,3.0,4.0
7,6,Jeffrey Ross,0.09385,0.5631000000000002,0.0,Safe,Improved,-0.7654299436959219,0.5802749165230703,-0.0925775135864258,7.5,4.0
7,6,Toni Braxton,0.0938499999999999,0.5630999999999998,0.0,Safe,Improved,-0.7654299436959219,0.5802749165230678,-0.09257751358642702,10.5,8.5
7,6,Lance Bass,0.0781291666666666,0.5630999999999997,27.0,Safe,Improved,0.8350915715685764,0.04719672150991269,0.44114414653924455,1.0,1.0
7,6,Kim Kardashian,0.0938499999999999,0.5630999999999999,0.0,Safe,Improved,-0.7654299436959219,0.5802749165230678,-0.09257751358642702,10.5,8.5
7,6,Rocco DiSpirito,0.0938499999999999,0.5630999999999999,0.0,Safe,Improved,-0.7654299436959219,0.5802749165230678,-0.09257751358642702,10.5,8.5
7,6,Brooke Burke,0.0762541666666666,0.5631000000000006,26.0,Safe,Improved,0.8085172230694376,-0.026189277752875776,0.3911639726582809,2.0,2.0
8,2,Gilles Marini,0.0844121915820029,0.0230415094339624,27.0,Safe,Improved,0.9416100093022906,0.8937620707432233,0.9176860400227569,1.0,1.0
8,2,Denise Richards,0.0776197387518142,0.0230415094339623,21.0,Safe,Improved,0.16155476035727734,0.1331872119964514,0.14737098617686437,5.0,5.0
8,2,David Alan Grier,0.0730914368650217,0.0230415094339624,17.0,Safe,Improved,-0.7145428518309755,-0.6272732709783899,-0.6709080614046827,11.5,12.5
8,2,Lawrence Taylor,0.0764876632801161,0.0230415094339625,20.0,Safe,Improved,-0.10151332678779768,-0.08354433059365377,-0.09252882869072572,7.0,7.0
8,2,Ty Murray,0.0764876632801161,0.0230415094339622,20.0,Safe,Improved,-0.10151332678779768,-0.08354433059365377,-0.09252882869072572,7.0,7.0
8,2,Shawn Johnson,0.0810159651669085,0.0230415094339624,24.0,Safe,Improved,0.7431701544187564,0.6567923271000575,0.699981240759407,3.0,3.0
8,2,Steve Wozniak,0.0730914368650217,0.0230415094339624,17.0,Safe,Improved,-0.7145428518309755,-0.6272732709783899,-0.6709080614046827,11.5,12.5
8,2,Belinda Carlisle,0.0643621915820029,0.9141706821480408,18.0,Eliminated,Improved,-0.5591240953445801,-0.9841765019574615,-0.7716502986510207,13.0,11.0
8,2,Chuck Wicks,0.0764876632801161,0.0230415094339622,20.0,Safe,Improved,-0.10151332678779768,-0.08354433059365377,-0.09252882869072572,7.0,7.0
8,2,Lil' Kim,0.0798838896952104,0.0230415094339623,23.0,Safe,Improved,0.5996986983721736,0.5149396097860581,0.5573191540791158,4.0,4.0
8,2,Steve-O,0.0795565312046444,0.0230415094339617,14.0,Safe,Improved,-0.9342675500352219,0.4671906783010898,-0.23353843586706605,9.0,9.0
8,2,Holly Madison,0.0742235123367199,0.0230415094339626,18.0,Safe,Improved,-0.5591240953445801,-0.47707076121060704,-0.5180974282775935,10.0,10.0
8,2,Melissa Rycroft,0.0832801161103048,0.0230415094339607,26.0,Safe,Improved,0.9028114161550757,0.840418565186419,0.8716149906707473,2.0,2.0
8,3,Gilles Marini,0.0857359176256814,0.0908511811023621,27.0,Safe,Improved,0.7360444817731061,0.5158012393808892,0.6259228605769976,2.0,2.0
8,3,Denise Richards,0.0317489097516656,0.9092382798304058,16.0,Eliminated,Improved,-0.41911915005685063,-0.9942553252587292,-0.70668723765779,12.0,12.0
8,3,David Alan Grier,0.0821926105390672,0.0908511811023624,24.0,Safe,Improved,0.5102985383161062,0.32853462656810856,0.41941658244210733,5.0,5.0
8,3,Lawrence Taylor,0.0774682010902483,0.0908511811023623,20.0,Safe,Improved,0.058189362620446716,0.0352803192070152,0.04673484091373096,8.0,9.0
8,3,Ty Murray,0.0810115081768625,0.0908511811023622,23.0,Safe,Improved,0.41108303129367746,0.25869776053777543,0.33489039591572645,6.5,7.0
8,3,Shawn Johnson,0.0857359176256814,0.0908511811023623,27.0,Safe,Improved,0.7360444817731061,0.5158012393808892,0.6259228605769976,2.0,2.0
8,3,Steve Wozniak,0.0656571774682011,0.0908511811023623,10.0,Safe,Improved,-0.8348525172816164,-0.6227161003225793,-0.7287843088020978,13.0,13.0
8,3,Belinda Carlisle,0.0948410357359176,0.090851181102362,0.0,Safe,Improved,-0.9856830103083808,0.8210815748609219,-0.08230071772372943,9.0,7.0
8,3,Chuck Wicks,0.0810115081768625,0.0908511811023621,23.0,Safe,Improved,0.41108303129367746,0.25869776053777543,0.33489039591572645,6.5,7.0
8,3,Lil' Kim,0.0833737129012719,0.0908511811023623,25.0,Safe,Improved,0.5975661172214608,0.3949548487410084,0.4962604829812346,4.0,4.0
8,3,Steve-O,0.0715626892792247,0.0908511811023625,15.0,Safe,Improved,-0.51744378834439,-0.33377201196391915,-0.42560790015415456,11.0,11.0
8,3,Holly Madison,0.0739248940036341,0.0908511811023622,17.0,Safe,Improved,-0.30987167771991225,-0.1917201252430989,-0.25079590148150555,10.0,10.0
8,3,Melissa Rycroft,0.0857359176256814,0.0908511811023607,27.0,Safe,Improved,0.7360444817731061,0.5158012393808892,0.6259228605769976,2.0,2.0
8,4,Gilles Marini,0.0910362364919013,0.099373553719009,30.0,Safe,Improved,0.8188838544158641,0.6919615227749228,0.7554226885953934,1.0,1.0
8,4,Denise Richards,0.075367090481541,0.0993735537190084,0.0,Safe,Improved,-0.9550225092375267,-0.09362659444926359,-0.5243245518433952,11.5,11.0
8,4,David Alan Grier,0.0811188811200005,0.0993735537190085,22.0,Safe,Improved,0.33007161241437855,0.2479346181321868,0.2890031152732827,6.0,6.0
8,4,Lawrence Taylor,0.0773998728555376,0.0993735537190083,19.0,Safe,Improved,0.03894717799648164,0.028766032890078452,0.03385660544328005,8.0,8.0
8,4,Ty Murray,0.0848378893844633,0.0993735537190082,25.0,Safe,Improved,0.5695458264105918,0.4443579343415687,0.5069518803760803,4.5,4.5
8,4,Shawn Johnson,0.0848378893844633,0.0993735537190085,25.0,Safe,Improved,0.5695458264105918,0.4443579343415687,0.5069518803760803,4.5,4.5
8,4,Steve Wozniak,0.0256803136220369,0.8958329307056585,12.0,Eliminated,Improved,-0.5851314756165995,-0.995887688780513,-0.7905095821985563,13.0,13.0
8,4,Belinda Carlisle,0.075367090481541,0.0993735537190088,0.0,Safe,Improved,-0.9550225092375267,-0.09362659444926359,-0.5243245518433952,11.5,11.0
8,4,Chuck Wicks,0.0811188811200004,0.0993735537190081,22.0,Safe,Improved,0.33007161241437855,0.24793461813218134,0.28900311527327993,7.0,7.0
8,4,Lil' Kim,0.0873172282274385,0.0993735537190082,27.0,Safe,Improved,0.6907967574983995,0.5561713121085297,0.6234840348034646,3.0,3.0
8,4,Steve-O,0.0724411951695872,0.0993735537190084,15.0,Safe,Improved,-0.35074126770705244,-0.26406707519767064,-0.30740417145236154,10.0,11.0
8,4,Holly Madison,0.0736808645910748,0.0993735537190081,16.0,Eliminated,Improved,-0.2589427540819806,-0.19320373626611131,-0.22607324517404595,9.0,9.0
8,4,Melissa Rycroft,0.0897965670704137,0.0993735537190079,29.0,Safe,Improved,0.7826237768027717,0.6509221849173146,0.7167729808600432,2.0,2.0
8,5,Gilles Marini,0.0804261904761904,0.4530809523809525,29.0,Safe,Improved,0.8044960796754954,0.12462665792153799,0.4645613687985167,1.0,1.0
8,5,Denise Richards,0.1048619047619047,0.4530809523809522,0.0,Safe,Improved,-0.8847780876196049,0.7612349731780345,-0.0617715572207852,9.5,7.0
8,5,David Alan Grier,0.0,0.9510080586080586,22.0,Eliminated,Improved,0.46659481257185287,-0.991874541817439,-0.26263986462279304,13.0,11.5
8,5,Lawrence Taylor,0.0675690476190476,0.453080952380953,20.0,Safe,Improved,0.3209474716514731,-0.3225743368078664,-0.00081343257819666,7.0,11.5
8,5,Ty Murray,0.068997619047619,0.4530809523809522,21.0,Safe,Improved,0.3962611620471935,-0.27607604972280564,0.060092556162193944,6.0,10.0
8,5,Shawn Johnson,0.0761404761904761,0.4530809523809528,26.0,Safe,Improved,0.6919668387610961,-0.0279799767746085,0.3319934309932438,3.0,3.0
8,5,Steve Wozniak,0.1048619047619047,0.4530809523809517,0.0,Safe,Improved,-0.8847780876196049,0.7612349731780345,-0.0617715572207852,9.5,7.0
8,5,Belinda Carlisle,0.1048619047619047,0.4530809523809525,0.0,Safe,Improved,-0.8847780876196049,0.7612349731780345,-0.0617715572207852,9.5,7.0
8,5,Chuck Wicks,0.0718547619047619,0.4530809523809525,23.0,Safe,Improved,0.5314841970932849,-0.17929340353604184,0.17609539677862152,5.0,7.0
8,5,Lil' Kim,0.0761404761904762,0.4530809523809518,26.0,Safe,Improved,0.6919668387610961,-0.02797997677460503,0.3319934309932455,2.0,2.0
8,5,Steve-O,0.0647119047619047,0.4530809523809517,18.0,Safe,Improved,0.15835355796224712,-0.410900863967339,-0.12627365300254595,12.0,13.0
8,5,Holly Madison,0.1048619047619047,0.453080952380952,0.0,Safe,Improved,-0.8847780876196049,0.7612349731780345,-0.0617715572207852,9.5,7.0
8,5,Melissa Rycroft,0.0747119047619047,0.4530809523809521,25.0,Safe,Improved,0.644139587094005,-0.07891128911406071,0.2826141489899721,4.0,4.0
8,6,Gilles Marini,0.0841067588325652,0.4306075268817191,26.0,Safe,Improved,0.7422767493868581,0.29565289816423124,0.5189648237755446,3.5,3.5
8,6,Denise Richards,0.0861215053763441,0.4306075268817213,0.0,Safe,Improved,-0.8240373673265251,0.371549742291127,-0.22624381251769904,9.5,6.5
8,6,David Alan Grier,0.086121505376344,0.4306075268817206,0.0,Safe,Improved,-0.8240373673265251,0.3715497422911235,-0.22624381251770082,12.0,10.5
8,6,Lawrence Taylor,0.0776551459293394,0.4306075268817214,22.0,Safe,Improved,0.5571141490937284,0.031046178495758442,0.2940801637947434,6.0,10.5
8,6,Ty Murray,0.0712035330261136,0.4306075268817211,18.0,Safe,Improved,0.29291015835263856,-0.23798500283644003,0.027462577758099266,7.0,12.0
8,6,Shawn Johnson,0.0841067588325652,0.4306075268817206,26.0,Safe,Improved,0.7422767493868581,0.29565289816423124,0.5189648237755446,3.5,3.5
8,6,Steve Wozniak,0.0861215053763441,0.4306075268817211,0.0,Safe,Improved,-0.8240373673265251,0.371549742291127,-0.22624381251769904,9.5,6.5
8,6,Belinda Carlisle,0.0861215053763441,0.4306075268817207,0.0,Safe,Improved,-0.8240373673265251,0.371549742291127,-0.22624381251769904,9.5,6.5
8,6,Chuck Wicks,0.0792680491551459,0.4306075268817212,23.0,Safe,Improved,0.6109036213630515,0.09915260040805458,0.3550281108855531,5.0,9.0
8,6,Lil' Kim,0.0873325652841781,0.4306075268817214,28.0,Safe,Improved,0.8072127559758748,0.41496646870672843,0.6110896123413017,1.0,1.0
8,6,Steve-O,0.0,0.9322676592224984,16.0,Eliminated,Improved,0.13742545090654185,-0.9970761271498131,-0.4298253381216356,13.0,13.0
8,6,Holly Madison,0.0861215053763441,0.4306075268817205,0.0,Safe,Improved,-0.8240373673265251,0.371549742291127,-0.22624381251769904,9.5,6.5
8,6,Melissa Rycroft,0.0857196620583717,0.4306075268817203,27.0,Safe,Improved,0.776801328299388,0.35676369385200535,0.5667825110756967,2.0,2.0
8,7,Gilles Marini,0.0514567765567765,0.6929076923076884,27.0,Safe,Improved,0.7416162707529352,-0.5665690992751529,0.08752358573889119,3.5,4.5
8,7,Denise Richards,0.1154846153846154,0.6929076923076924,0.0,Safe,Improved,-0.7728839532682381,0.7499399189712238,-0.011472017148507152,7.0,3.0
8,7,David Alan Grier,0.1154846153846153,0.6929076923076938,0.0,Safe,Improved,-0.7728839532682381,0.7499399189712228,-0.011472017148507652,10.0,8.0
8,7,Lawrence Taylor,5.551115123125783e-17,0.9621288711288714,21.0,Eliminated,Improved,0.4728427920007716,-0.9595807620720501,-0.24336898503563925,13.0,13.0
8,7,Ty Murray,0.0465117216117215,0.6929076923076929,24.0,Safe,Improved,0.6254415639739949,-0.6453028030788842,-0.009930619552444675,6.0,12.0
8,7,Shawn Johnson,0.0531051282051281,0.6929076923076908,28.0,Safe,Improved,0.7728839532682381,-0.5376693075391739,0.11760732286453213,2.0,2.0
8,7,Steve Wozniak,0.1154846153846153,0.6929076923076926,0.0,Safe,Improved,-0.7728839532682381,0.7499399189712228,-0.011472017148507652,10.0,8.0
8,7,Belinda Carlisle,0.1154846153846153,0.6929076923076926,0.0,Safe,Improved,-0.7728839532682381,0.7499399189712228,-0.011472017148507652,10.0,8.0
8,7,Chuck Wicks,0.0514567765567765,0.6929076923076929,27.0,Safe,Improved,0.7416162707529352,-0.5665690992751529,0.08752358573889119,3.5,4.5
8,7,Lil' Kim,0.0498084249084248,0.6929076923076929,26.0,Safe,Improved,0.7067559020952724,-0.5941392123060761,0.05630834489459813,5.0,11.0
8,7,Steve-O,0.1154846153846153,0.6929076923076924,0.0,Safe,Improved,-0.7728839532682381,0.7499399189712228,-0.011472017148507652,10.0,8.0
8,7,Holly Madison,0.1154846153846153,0.6929076923076923,0.0,Safe,Improved,-0.7728839532682381,0.7499399189712228,-0.011472017148507652,10.0,8.0
8,7,Melissa Rycroft,0.0547534798534798,0.6929076923076929,29.0,Safe,Improved,0.8008006273084669,-0.5074484289546698,0.14667609917689856,1.0,1.0
9,1,Ashley Hamiliton,0.057722830369118,0.9218917176767196,18.9999,Eliminated,Improved,-0.8326164934622832,-0.83772529927818,-0.8351708963702316,16.0,16.0
9,1,Debi Mazar,0.0600062216993958,0.0001997536936056,22.0,Safe,Improved,-0.560442867714036,-0.5604366525130726,-0.5604397601135542,10.5,10.5
9,1,Melissa Joan Hart,0.0614840600357045,0.0001997536936082,24.0,Safe,Improved,-0.2524920387906243,-0.25248858265186924,-0.2524903107212468,9.0,9.0
9,1,Mark Dacascos,0.0651785080926427,0.0001997536936054,28.9998,Safe,Improved,0.5917822065830848,0.5917758824213851,0.591779044502235,6.0,6.0
9,1,Chuck Liddell,0.0600062216993958,0.0001997536936141,22.0,Safe,Improved,-0.560442867714036,-0.5604366525130726,-0.5604397601135542,10.5,10.5
9,1,Natalie Coughlin,0.063700669756334,0.0001997536936101,26.9998,Safe,Improved,0.29588022944665493,0.2958762486732312,0.29587823905994304,7.5,7.5
9,1,Louie Vito,0.063700669756334,0.00019975369361,26.9998,Safe,Improved,0.29588022944665493,0.2958762486732312,0.29587823905994304,7.5,7.5
9,1,Michael Irvin,0.0578225840627286,0.000199753693613,19.0,Safe,Improved,-0.8326107355891003,-0.8300064672870651,-0.8313086014380826,15.0,14.0
9,1,Joanna Krupa,0.0688731778253313,0.0001997536936108,33.9999,Safe,Improved,0.9244699718372639,0.9244666057292751,0.9244682887832695,1.0,1.0
9,1,Kathy Ireland,0.0585283094711703,0.0001997536936086,19.9999,Safe,Improved,-0.7653080147907987,-0.7653020357588448,-0.7653050252748217,12.5,12.5
9,1,Tom DeLay,0.0585283094711703,0.0001997536936129,19.9999,Safe,Improved,-0.7653080147907987,-0.7653020357588448,-0.7653050252748217,12.5,12.5
9,1,Macy Gray,0.057822830369118,0.0001997536936129,18.9999,Eliminated,Improved,-0.8326164934622832,-0.8299870024323927,-0.8313017479473379,14.0,15.0
9,1,Aaron Carter,0.0673953394890226,0.0001997536936062,31.9999,Safe,Improved,0.8464599135693606,0.8464548706393192,0.8464573921043399,2.0,2.0
9,1,Mya,0.0666564203208682,0.0001997536936106,30.9999,Safe,Improved,0.7840622394071762,0.7840564211204222,0.7840593302637993,3.0,3.0
9,1,Donny Osmond,0.0659175011527138,0.0001997536936015,29.9999,Safe,Improved,0.7004207772920813,0.7004144515356585,0.7004176144138698,5.0,5.0
9,1,Kelly Osbourne,0.0666563464289514,0.0001997536936059,30.9998,Safe,Improved,0.7840550081128018,0.7840491897582315,0.7840520989355166,4.0,4.0
9,2,Ashley Hamiliton,0.0703139455782312,0.1227489795918378,0.0,Safe,Improved,-0.9829407977945435,0.48823671272601854,-0.24735204253426246,15.0,10.0
9,2,Debi Mazar,0.0651785714285714,0.1227489795918365,21.0,Safe,Improved,0.3271997502799308,0.1809489527452323,0.25407435151258156,5.0,5.0
9,2,Melissa Joan Hart,0.0631377551020408,0.1227489795918369,19.0,Safe,Improved,0.08070245198003562,0.04353522397186286,0.062118837975949234,10.5,12.5
9,2,Mark Dacascos,0.0651785714285714,0.1227489795918371,21.0,Safe,Improved,0.3271997502799308,0.1809489527452323,0.25407435151258156,5.0,5.0
9,2,Chuck Liddell,0.0631377551020408,0.1227489795918367,19.0,Safe,Improved,0.08070245198003562,0.04353522397186286,0.062118837975949234,10.5,12.5
9,2,Natalie Coughlin,0.0651785714285714,0.1227489795918367,21.0,Safe,Improved,0.3271997502799308,0.1809489527452323,0.25407435151258156,5.0,5.0
9,2,Louie Vito,0.0631377551020408,0.1227489795918371,19.0,Safe,Improved,0.08070245198003562,0.04353522397186286,0.062118837975949234,10.5,12.5
9,2,Michael Irvin,0.0641581632653061,0.1227489795918375,20.0,Safe,Improved,0.20723802055184062,0.11278131352203817,0.1600096670369394,7.5,7.5
9,2,Joanna Krupa,0.0641581632653061,0.1227489795918368,20.0,Safe,Improved,0.20723802055184062,0.11278131352203817,0.1600096670369394,7.5,7.5
9,2,Kathy Ireland,0.0089894557823128,0.9363182397959188,18.0,Eliminated,Improved,-0.0484889493104802,-0.9986635618428702,-0.5235762555766752,16.0,16.0
9,2,Tom DeLay,0.0621173469387755,0.1227489795918366,18.0,Safe,Improved,-0.0484889493104802,-0.026131705184668612,-0.03731032724757441,13.0,15.0
9,2,Macy Gray,0.0703139455782313,0.1227489795918362,0.0,Safe,Improved,-0.9829407977945435,0.48823671272602365,-0.2473520425342599,14.0,9.0
9,2,Aaron Carter,0.0713010204081632,0.1227489795918371,27.0,Safe,Improved,0.8062154822386952,0.5378788059084522,0.6720471440735737,1.5,1.5
9,2,Mya,0.0713010204081632,0.122748979591837,27.0,Safe,Improved,0.8062154822386952,0.5378788059084522,0.6720471440735737,1.5,1.5
9,2,Donny Osmond,0.0692602040816326,0.122748979591837,25.0,Safe,Improved,0.6948693380902319,0.43152184750220945,0.5631955927962207,3.0,3.0
9,2,Kelly Osbourne,0.0631377551020408,0.1227489795918355,19.0,Safe,Improved,0.08070245198003562,0.04353522397186286,0.062118837975949234,10.5,12.5
9,3,Ashley Hamiliton,0.065991472868217,0.2176542635658913,0.0,Safe,Improved,-0.9517334486951279,0.20109206701055984,-0.37532069084228403,14.5,12.5
9,3,Debi Mazar,0.0,0.940985222868217,17.0,Eliminated,Improved,0.10004459243107809,-0.9986483056664344,-0.44930185661767813,16.0,15.0
9,3,Melissa Joan Hart,0.0655757752146025,0.2176542635658918,19.0,Safe,Improved,0.3183601835139069,0.17769101397076245,0.24802559874233465,8.0,8.0
9,3,Mark Dacascos,0.0644129844891893,0.2176542635658922,18.0,Safe,Improved,0.21184365098110408,0.11123870150030209,0.16154117624070308,9.0,9.0
9,3,Chuck Liddell,0.0632501937915148,0.217654263565892,17.0,Safe,Improved,0.10004459243107809,0.043776524357848456,0.07191055839446328,10.0,11.0
9,3,Natalie Coughlin,0.0737153100705846,0.2176542635658916,26.0,Safe,Improved,0.8119973253220881,0.5749409633008559,0.693469144311472,2.0,2.0
9,3,Louie Vito,0.0667385658845381,0.2176542635658921,20.0,Safe,Improved,0.41740198990005384,0.24256139922869344,0.32998169456437365,6.5,6.5
9,3,Michael Irvin,0.0597618216984916,0.2176542635658914,14.0,Safe,Improved,-0.23906381979429592,-0.15853620689528844,-0.1988000133447922,12.0,16.0
9,3,Joanna Krupa,0.0702269380053002,0.2176542635658918,23.0,Safe,Improved,0.6576737010968772,0.422871090419059,0.540272395757968,3.0,3.0
9,3,Kathy Ireland,0.065991472868217,0.2176542635658914,0.0,Safe,Improved,-0.9517334486951279,0.20109206701055984,-0.37532069084228403,14.5,12.5
9,3,Tom DeLay,0.0609246124239049,0.2176542635658922,15.0,Safe,Improved,-0.12834867443713685,-0.09172977269002422,-0.11003922356358053,11.0,14.0
9,3,Macy Gray,0.0659914728682171,0.2176542635658916,0.0,Safe,Improved,-0.9517334486951279,0.20109206701056606,-0.3753206908422809,13.0,10.0
9,3,Aaron Carter,0.0679013565822125,0.217654263565892,21.0,Safe,Improved,0.5074297935886645,0.3053328694594293,0.4063813315240469,4.5,4.5
9,3,Mya,0.074878100768259,0.2176542635658921,27.0,Safe,Improved,0.8476050089486046,0.618621519156425,0.7331132640525149,1.0,1.0
9,3,Donny Osmond,0.0679013565822125,0.2176542635658918,21.0,Safe,Improved,0.5074297935886645,0.3053328694594293,0.4063813315240469,4.5,4.5
9,3,Kelly Osbourne,0.0667385658845381,0.2176542635658904,20.0,Safe,Improved,0.41740198990005384,0.24256139922869344,0.32998169456437365,6.5,6.5
9,4,Ashley Hamiliton,0.0703479338842975,0.3602041322314038,0.0,Safe,Improved,-0.8748234443146817,0.4224457274719038,-0.22618885842138897,13.0,9.5
9,4,Debi Mazar,0.0703479338842975,0.3602041322314049,0.0,Safe,Improved,-0.8748234443146817,0.4224457274719038,-0.22618885842138897,13.0,9.5
9,4,Melissa Joan Hart,0.071644214876033,0.3602041322314051,28.0,Safe,Improved,0.818402032700465,0.4816295649993496,0.6500157988499073,1.5,1.5
9,4,Mark Dacascos,0.0642061983471074,0.360204132231405,22.0,Safe,Improved,0.5477237927223778,0.09766561926162977,0.3226947059920038,7.0,9.5
9,4,Chuck Liddell,0.0,0.9453416838842976,17.0,Eliminated,Improved,0.16620473674639155,-0.9984749131735049,-0.41613508821355666,16.0,15.0
9,4,Natalie Coughlin,0.0666855371900826,0.3602041322314053,24.0,Safe,Improved,0.6607078672022112,0.2358293751415052,0.4482686211718582,4.5,4.5
9,4,Louie Vito,0.0567681818181818,0.3602041322314061,16.0,Safe,Improved,0.07812892527114274,-0.317754987210179,-0.11981303096951812,9.5,15.0
9,4,Michael Irvin,0.0567681818181818,0.3602041322314057,16.0,Safe,Improved,0.07812892527114274,-0.317754987210179,-0.11981303096951812,9.5,15.0
9,4,Joanna Krupa,0.0691648760330578,0.3602041322314051,26.0,Safe,Improved,0.7500257622512682,0.3650747084848031,0.5575502353680356,3.0,3.0
9,4,Kathy Ireland,0.0703479338842975,0.3602041322314048,0.0,Safe,Improved,-0.8748234443146817,0.4224457274719038,-0.22618885842138897,13.0,9.5
9,4,Tom DeLay,0.0703479338842975,0.3602041322314057,0.0,Safe,Improved,-0.8748234443146817,0.4224457274719038,-0.22618885842138897,13.0,9.5
9,4,Macy Gray,0.0703479338842975,0.3602041322314052,0.0,Safe,Improved,-0.8748234443146817,0.4224457274719038,-0.22618885842138897,13.0,9.5
9,4,Aaron Carter,0.059247520661157,0.3602041322314054,18.0,Safe,Improved,0.25170618805147454,-0.18463075856205155,0.0335377147447115,8.0,13.0
9,4,Mya,0.071644214876033,0.3602041322314054,28.0,Safe,Improved,0.818402032700465,0.4816295649993496,0.6500157988499073,1.5,1.5
9,4,Donny Osmond,0.0666855371900826,0.3602041322314055,24.0,Safe,Improved,0.6607078672022112,0.2358293751415052,0.4482686211718582,4.5,4.5
9,4,Kelly Osbourne,0.065445867768595,0.3602041322314048,23.0,Safe,Improved,0.6072771395009411,0.16757018070377988,0.3874236601023605,6.0,6.0
9,5,Ashley Hamiliton,0.0910090909090909,0.550386776859498,0.0,Safe,Improved,-0.8438713372963377,0.7986662049186166,-0.02260256618886053,10.5,7.0
9,5,Debi Mazar,0.0910090909090908,0.5503867768595045,0.0,Safe,Improved,-0.8438713372963377,0.7986662049186154,-0.02260256618886114,13.5,11.5
9,5,Melissa Joan Hart,0.0486477502295684,0.5503867768595054,23.0,Safe,Improved,0.566763080848652,-0.4869149592421733,0.03992406080323935,7.0,13.0
9,5,Mark Dacascos,0.0523667584940312,0.5503867768595061,26.0,Safe,Improved,0.7102037850626334,-0.37065015961020026,0.16977681272621656,3.0,3.0
9,5,Chuck Liddell,0.0910090909090909,0.550386776859504,0.0,Safe,Improved,-0.8438713372963377,0.7986662049186166,-0.02260256618886053,10.5,7.0
9,5,Natalie Coughlin,0.0,0.9660028409090908,22.0,Eliminated,Improved,0.5088103457680339,-0.9836868615710209,-0.23743825790149353,16.0,15.0
9,5,Louie Vito,0.0474080808080808,0.550386776859505,22.0,Safe,Improved,0.5088103457680339,-0.5223886280813621,-0.006789141156664125,8.0,14.0
9,5,Michael Irvin,0.0461684113865932,0.5503867768595052,21.0,Safe,Improved,0.44584733668167714,-0.5561418364914411,-0.055147249904881984,15.0,16.0
9,5,Joanna Krupa,0.049887419651056,0.5503867768595054,24.0,Safe,Improved,0.6196021553369208,-0.44975883263780375,0.0849216613495585,5.0,7.0
9,5,Kathy Ireland,0.0910090909090909,0.5503867768595045,0.0,Safe,Improved,-0.8438713372963377,0.7986662049186166,-0.02260256618886053,10.5,7.0
9,5,Tom DeLay,0.0910090909090908,0.550386776859505,0.0,Safe,Improved,-0.8438713372963377,0.7986662049186154,-0.02260256618886114,13.5,11.5
9,5,Macy Gray,0.0910090909090909,0.5503867768595045,0.0,Safe,Improved,-0.8438713372963377,0.7986662049186166,-0.02260256618886053,10.5,7.0
9,5,Aaron Carter,0.049887419651056,0.5503867768595053,24.0,Safe,Improved,0.6196021553369208,-0.44975883263780375,0.0849216613495585,5.0,7.0
9,5,Mya,0.0536064279155188,0.5503867768595052,27.0,Safe,Improved,0.7483581750612753,-0.3288746775512441,0.2097417487550156,2.0,2.0
9,5,Donny Osmond,0.056085766758494,0.5503867768595049,29.0,Safe,Improved,0.8118556597368891,-0.24147947967470246,0.28518809003109336,1.0,1.0
9,5,Kelly Osbourne,0.049887419651056,0.5503867768595072,24.0,Safe,Improved,0.6196021553369208,-0.44975883263780375,0.0849216613495585,5.0,7.0
9,6,Ashley Hamiliton,0.0924076272187096,0.6547457248505876,0.0,Safe,Improved,-0.7874075884909209,0.7665103346316485,-0.010448626929636162,7.0,5.5
9,6,Debi Mazar,0.0924076272187095,0.6547457248505855,0.0,Safe,Improved,-0.7874075884909209,0.7665103346316472,-0.010448626929636828,10.5,10.5
9,6,Melissa Joan Hart,5.551115123125783e-17,0.968731311561049,23.9999,Eliminated,Improved,0.46816529807180113,-0.9712816663110375,-0.25155818411961817,16.0,15.5
9,6,Mark Dacascos,0.0470280669385009,0.6547457248505856,32.0,Safe,Improved,0.7746386857813228,-0.4803464104286963,0.14714613767631324,4.0,5.5
9,6,Chuck Liddell,0.0924076272187096,0.6547457248505862,0.0,Safe,Improved,-0.7874075884909209,0.7665103346316485,-0.010448626929636162,7.0,5.5
9,6,Natalie Coughlin,0.0924076272187095,0.6547457248505866,0.0,Safe,Improved,-0.7874075884909209,0.7665103346316472,-0.010448626929636828,10.5,10.5
9,6,Louie Vito,0.0377972657549583,0.6547457248505871,24.0,Eliminated,Improved,0.4681704134015553,-0.683537472929041,-0.10768352976374285,14.0,14.0
9,6,Michael Irvin,0.0354893346890431,0.6547457248505857,21.9998,Safe,Improved,0.35982663445287427,-0.7229530364574377,-0.1815632010022817,15.0,15.5
9,6,Joanna Krupa,0.0516433521452574,0.6547457248505861,35.9999,Safe,Improved,0.8601358311851108,-0.3516222988466225,0.2542567661692442,1.0,1.0
9,6,Kathy Ireland,0.0924076272187095,0.6547457248505864,0.0,Safe,Improved,-0.7874075884909209,0.7665103346316472,-0.010448626929636828,10.5,10.5
9,6,Tom DeLay,0.0924076272187095,0.6547457248505864,0.0,Safe,Improved,-0.7874075884909209,0.7665103346316472,-0.010448626929636828,10.5,10.5
9,6,Macy Gray,0.0924076272187096,0.6547457248505869,0.0,Safe,Improved,-0.7874075884909209,0.7665103346316485,-0.010448626929636162,7.0,5.5
9,6,Aaron Carter,0.0481816863164141,0.6547457248505862,32.9998,Safe,Improved,0.7995353253176186,-0.44976538735406535,0.17488496898177663,3.0,3.0
9,6,Mya,0.0481819170864437,0.6547457248505866,33.0,Safe,Improved,0.7995400518976635,-0.44975915941544337,0.17489044624111008,2.0,2.0
9,6,Donny Osmond,0.0458741014055433,0.6547457248505875,30.9999,Safe,Improved,0.7470759012642327,-0.5098111484286973,0.1186323764177677,5.0,8.0
9,6,Kelly Osbourne,0.0389508851328716,0.654745724850586,24.9998,Safe,Improved,0.5177229609705972,-0.662185299863377,-0.07223116944638991,13.0,13.0
10,2,Aiden Turner,0.0895454545447931,0.0823181818181817,19.0,Safe,Improved,-0.2199530748846761,-0.1361966171771268,-0.17807484603090146,8.0,8.0
10,2,Shannen Doherty,0.0652363636381275,0.909181818181818,20.0,Eliminated,Improved,0.0,-0.9885858267551901,-0.49429291337759507,9.0,9.0
10,2,Niecy Nash,0.0922727272720658,0.0823181818181816,21.0,Safe,Improved,0.2199530748846761,0.13619661704664437,0.17807484596566026,5.0,5.0
10,2,Buzz Aldrin,0.1017000000017638,0.082318181818182,12.0,Safe,Improved,-0.9456395294766314,0.7948650126879421,-0.07538725839434468,7.0,6.0
10,2,Chad Ochocinco,0.085454545453884,0.0823181818181814,16.0,Safe,Improved,-0.7135735259355497,-0.4991646561180928,-0.6063690910268212,11.0,10.5
10,2,Evan Lysacek,0.0963636363629749,0.0823181818181817,24.0,Safe,Improved,0.7135735259355497,0.4991646560182715,0.6063690909769106,2.0,2.0
10,2,Pamela Anderson,0.0936363636357021,0.0823181818181824,22.0,Safe,Improved,0.41960588751377864,0.26743249023243193,0.3435191888731053,4.0,4.0
10,2,Nicole Scherzinger,0.1018181818175203,0.0823181818181821,28.0,Safe,Improved,0.9456395294766314,0.7991970870912599,0.8724183082839456,1.0,1.0
10,2,Erin Andrews,0.0949999999993385,0.0823181818181818,23.0,Safe,Improved,0.5855192773762562,0.3894442243962794,0.4874817508862678,3.0,3.0
10,2,Kate Gosselin,0.0880636363654002,0.0823181818181818,15.0,Safe,Improved,-0.8068839875063545,-0.27842508888705786,-0.5426545381967062,10.0,10.5
10,2,Jake Pavelka,0.0909090909084294,0.0823181818181816,20.0,Safe,Improved,0.0,-6.647917585214507e-11,-3.3239587926072537e-11,6.0,7.0
10,3,Aiden Turner,0.093193013882669,0.0641394088669953,20.0,Safe,Improved,0.2141667535271554,0.13165319695370298,0.17290997524042917,7.5,8.5
10,3,Shannen Doherty,0.1053119793999104,0.0641394088669954,0.0,Safe,Improved,-0.9889752511052344,0.6831939622088072,-0.1528906444482136,9.0,7.0
10,3,Niecy Nash,0.0946708463949843,0.0641394088669954,21.0,Safe,Improved,0.34370858500261653,0.21471264115705407,0.2792106130798353,5.0,5.0
10,3,Buzz Aldrin,0.0411725705329153,0.8823121361397225,13.0,Eliminated,Improved,-0.6456298846941311,-0.9937640339613297,-0.8196969593277303,11.0,11.0
10,3,Chad Ochocinco,0.093193013882669,0.0641394088669946,20.0,Safe,Improved,0.2141667535271554,0.13165319695370298,0.17290997524042917,7.5,8.5
10,3,Evan Lysacek,0.1020600089565606,0.0641394088669949,26.0,Safe,Improved,0.7864584466536553,0.569329444703725,0.6778939456786901,1.0,1.0
10,3,Pamela Anderson,0.0946708463949843,0.0641394088669949,21.0,Safe,Improved,0.34370858500261653,0.21471264115705407,0.2792106130798353,5.0,5.0
10,3,Nicole Scherzinger,0.0976265114196148,0.0641394088669951,23.0,Safe,Improved,0.5647680725904943,0.37090839280217885,0.4678382326963366,2.5,2.5
10,3,Erin Andrews,0.0976265114196148,0.0641394088669953,23.0,Safe,Improved,0.5647680725904943,0.37090839280217885,0.4678382326963366,2.5,2.5
10,3,Kate Gosselin,0.0858038513210927,0.0641394088669953,15.0,Safe,Improved,-0.4512376361572526,-0.28764941905844665,-0.3694435276078496,10.0,10.0
10,3,Jake Pavelka,0.0946708463949843,0.0641394088669946,21.0,Safe,Improved,0.34370858500261653,0.21471264115705407,0.2792106130798353,5.0,5.0
10,4,Aiden Turner,0.0131653843012334,0.907221514334722,16.5,Eliminated,Improved,-0.04056897698610571,-0.9946154713415101,-0.5175922241638079,11.0,10.5
10,4,Shannen Doherty,0.102214171363228,0.1808929919137464,0.0,Safe,Improved,-0.954706817267757,0.4053552191107631,-0.27467579907849693,9.0,6.0
10,4,Niecy Nash,0.0927468757657437,0.1808929919137472,18.0,Safe,Improved,0.1261716840704155,0.06979491088506641,0.09798329747774095,7.0,9.0
10,4,Buzz Aldrin,0.1022141713632278,0.1808929919137476,0.0,Safe,Improved,-0.954706817267757,0.40535521911075695,-0.27467579907850004,10.0,8.0
10,4,Chad Ochocinco,0.0992158784611614,0.1808929919137466,22.0,Safe,Improved,0.5178163728573318,0.30587363173263676,0.41184500229498433,4.0,4.0
10,4,Evan Lysacek,0.1056848811565792,0.1808929919137473,26.0,Safe,Improved,0.7698075919941635,0.509507925977906,0.6396577589860347,1.0,1.0
10,4,Pamela Anderson,0.1016417544719431,0.1808929919137468,23.5,Safe,Improved,0.6296224749133345,0.3869994334220414,0.5083109541676879,3.0,3.0
10,4,Nicole Scherzinger,0.1040676304827248,0.1808929919137469,25.0,Safe,Improved,0.7202813107917696,0.46254597326133606,0.5914136420265528,2.0,2.0
10,4,Erin Andrews,0.0951727517765253,0.1808929919137469,19.5,Safe,Improved,0.2860754126925494,0.16078058612310056,0.22342799940782498,5.0,5.0
10,4,Kate Gosselin,0.0895123744180348,0.1808929919137467,16.0,Safe,Improved,-0.09610668525424187,-0.05308057990800465,-0.07459363258112327,8.0,10.5
10,4,Jake Pavelka,0.0943641264395981,0.1808929919137466,19.0,Safe,Improved,0.23405350942422198,0.13067657785434886,0.1823650436392854,6.0,7.0
10,5,Aiden Turner,0.0918405543878087,0.2604156069364156,0.0,Safe,Improved,-0.8957246819801068,0.031603904261204116,-0.43206038885945136,8.0,8.0
10,5,Shannen Doherty,0.0918405543878086,0.2604156069364158,0.0,Safe,Improved,-0.8957246819801068,0.03160390426120035,-0.43206038885945325,9.5,10.5
10,5,Niecy Nash,0.0948502364687336,0.2604156069364168,18.0,Safe,Improved,0.20654609551247022,0.13297270813526643,0.16975940182386834,6.5,6.5
10,5,Buzz Aldrin,0.0918405543878086,0.2604156069364162,0.0,Safe,Improved,-0.8957246819801068,0.03160390426120035,-0.43206038885945325,9.5,10.5
10,5,Chad Ochocinco,0.0948502364687336,0.2604156069364167,18.0,Safe,Improved,0.20654609551247022,0.13297270813526643,0.16975940182386834,6.5,6.5
10,5,Evan Lysacek,0.1104571728849185,0.2604156069364169,27.0,Safe,Improved,0.7776595892342564,0.5806705014173935,0.6791650453258249,2.0,2.0
10,5,Pamela Anderson,0.1000525486074619,0.2604156069364162,21.0,Safe,Improved,0.45118017284916523,0.3007413488953569,0.37596076087226105,5.0,5.0
10,5,Nicole Scherzinger,0.1139253809774041,0.2604156069364166,29.0,Safe,Improved,0.8407818490001868,0.6533873569088711,0.7470846029545289,1.0,1.0
10,5,Erin Andrews,0.1017866526537046,0.2604156069364161,22.0,Safe,Improved,0.5214927113531027,0.3532838950731565,0.4373883032131296,4.0,4.0
10,5,Kate Gosselin,0.0050353520756699,0.9049779295848652,15.0,Eliminated,Improved,-0.06695912193569223,-0.9941364610547724,-0.5305477914952323,11.0,9.0
10,5,Jake Pavelka,0.1035207566999474,0.2604156069364163,23.0,Safe,Improved,0.5853708932167743,0.4036883261645238,0.4945296096906491,3.0,3.0
10,6,Aiden Turner,0.1197171470430762,0.4788685881723052,0.0,Safe,Improved,-0.843638185165043,0.6843717142296647,-0.07963323546768913,8.0,5.0
10,6,Shannen Doherty,0.1197171470430762,0.478868588172305,0.0,Safe,Improved,-0.843638185165043,0.6843717142296647,-0.07963323546768913,8.0,5.0
10,6,Niecy Nash,0.0801565047347048,0.478868588172305,25.9998,Safe,Improved,0.42559067628717767,-0.30272643518990927,0.0614321205486342,6.0,10.0
10,6,Buzz Aldrin,0.1197171470430762,0.4788685881723045,0.0,Safe,Improved,-0.843638185165043,0.6843717142296647,-0.07963323546768913,8.0,5.0
10,6,Chad Ochocinco,0.0873337058066701,0.4788685881723051,30.9999,Safe,Improved,0.6522214568653648,-0.10354428448513352,0.27433858619011564,3.0,3.0
10,6,Evan Lysacek,0.081592203323169,0.4788685881723042,27.0,Safe,Improved,0.4772695428982687,-0.26436028994279653,0.10645462647773607,5.0,9.0
10,6,Pamela Anderson,0.0858981507593566,0.4788685881723052,29.9998,Safe,Improved,0.6133154987460813,-0.14461933027321786,0.23434808423643172,4.0,7.0
10,6,Nicole Scherzinger,0.0945107633374848,0.4788685881723048,35.9999,Safe,Improved,0.8018612565420351,0.10430006070780813,0.45308065862492164,1.0,1.0
10,6,Erin Andrews,0.0916400838663096,0.4788685881723055,34.0,Safe,Improved,0.75043534430724,0.021242738474793847,0.38583904139101693,2.0,2.0
10,6,Kate Gosselin,0.1197171470430761,0.4788685881723047,0.0,Safe,Improved,-0.843638185165043,0.684371714229663,-0.07963323546768997,10.0,8.0
10,6,Jake Pavelka,2.775557561562892e-17,0.9378898743158038,24.9999,Eliminated,Improved,0.3709949388249389,-0.9899115274180464,-0.3094582942965538,11.0,11.0
10,7,Aiden Turner,0.1640871382636657,0.8270665594855283,0.0,Safe,Improved,-0.779119586345345,0.7751261428059391,-0.001996721769702947,5.0,3.0
10,7,Shannen Doherty,0.1640871382636655,0.8270665594855298,0.0,Safe,Improved,-0.779119586345345,0.775126142805938,-0.0019967217697035022,7.5,6.5
10,7,Niecy Nash,0.0330189710610933,0.8270665594855303,24.5,Safe,Improved,0.6438578805343987,-0.6735573129759114,-0.014849716220756315,10.0,11.0
10,7,Buzz Aldrin,0.1640871382636656,0.8270665594855313,0.0,Safe,Improved,-0.779119586345345,0.7751261428059386,-0.001996721769703169,6.0,4.5
10,7,Chad Ochocinco,0.0359128617363344,0.8270665594855295,26.0,Safe,Improved,0.7041179682795424,-0.650620296092265,0.026748836093638706,3.0,4.5
10,7,Evan Lysacek,0.0378421221864952,0.8270665594855302,27.0,Safe,Improved,0.7394257958866727,-0.6346347010345534,0.05239554742605962,1.5,1.5
10,7,Pamela Anderson,0.0,0.9822598655363928,25.5,Eliminated,Improved,0.6850274978638423,-0.8573749307941276,-0.08617371646514266,11.0,10.0
10,7,Nicole Scherzinger,0.0378421221864952,0.8270665594855308,27.0,Safe,Improved,0.7394257958866727,-0.6346347010345534,0.05239554742605962,1.5,1.5
10,7,Erin Andrews,0.034948231511254,0.8270665594855303,25.5,Safe,Improved,0.6850274978638423,-0.6584039962621777,0.0133117508008323,4.0,8.0
10,7,Kate Gosselin,0.1640871382636654,0.8270665594855304,0.0,Safe,Improved,-0.779119586345345,0.7751261428059373,-0.0019967217697038353,9.0,9.0
10,7,Jake Pavelka,0.1640871382636655,0.8270665594855312,0.0,Safe,Improved,-0.779119586345345,0.775126142805938,-0.0019967217697035022,7.5,6.5
11,1,David Hasselhoff,0.0780904552129221,0.8995042951541856,15.0,Eliminated,Improved,-0.8217745743913978,-0.8265697690621653,-0.8241721717267816,12.0,12.0
11,1,Florence Henderson,0.0821218795888399,0.0001999999999947,18.0,Safe,Improved,-0.26550155548452864,-0.26549769262209344,-0.26549962405331107,7.5,7.5
11,1,Kyle Massey,0.0887298091042584,0.0001999999999973,23.0,Safe,Improved,0.8371936120656173,0.8371880748467174,0.8371908434561673,2.5,2.5
11,1,Jennifer Grey,0.0900513950073421,0.0002,24.0,Safe,Improved,0.9066659589989233,0.9066618577502218,0.9066639083745726,1.0,1.0
11,1,Rick Fox,0.0874082232011747,0.0002000000000064,22.0,Safe,Improved,0.7235089295577801,0.7235022681920554,0.7235055988749177,4.0,4.0
11,1,Kurt Warner,0.0834434654919236,0.0001999999999969,19.0,Safe,Improved,0.024723866469068267,0.024723488899515086,0.02472367768429168,5.5,5.5
11,1,Margaret Cho,0.0781904552129221,0.0002000000000014,15.0,Safe,Improved,-0.8217745743913978,-0.8193236276853479,-0.8205491010383729,10.5,10.5
11,1,Michael Bolton,0.0794787077826725,0.0001999999999984,16.0,Safe,Improved,-0.699086559568401,-0.6990797988684208,-0.6990831792184109,9.0,9.0
11,1,Brandy,0.0887298091042584,0.0002000000000008,23.0,Safe,Improved,0.8371936120656173,0.8371880748467174,0.8371908434561673,2.5,2.5
11,1,The Situation,0.0781904552129221,0.0002000000000047,15.0,Safe,Improved,-0.8217745743913978,-0.8193236276853479,-0.8205491010383729,10.5,10.5
11,1,Audrina Patridge,0.0834434654919236,0.0001999999999952,19.0,Safe,Improved,0.024723866469068267,0.024723488899515086,0.02472367768429168,5.5,5.5
11,1,Bristol Palin,0.0821218795888399,0.0002000000000096,18.0,Safe,Improved,-0.26550155548452864,-0.26549769262209344,-0.26549962405331107,7.5,7.5
11,2,David Hasselhoff,0.0936774509864554,0.0543986425339375,0.0,Safe,Improved,-0.9924998751463049,0.6209775423568736,-0.18576116639471563,11.0,6.5
11,2,Florence Henderson,0.0841251885357405,0.0543986425339368,19.0,Safe,Improved,0.08817668863827383,0.055564440341472066,0.07187056448987295,8.0,9.0
11,2,Kyle Massey,0.0881975867257858,0.0543986425339372,22.0,Safe,Improved,0.49530621367851924,0.3289731400329481,0.41213967685573366,3.5,3.5
11,2,Jennifer Grey,0.0909125188524826,0.054398642533937,24.0,Safe,Improved,0.6890656430112537,0.48719782620360497,0.5881317346074293,1.0,1.0
11,2,Rick Fox,0.0868401206624374,0.0543986425339367,21.0,Safe,Improved,0.372664326228725,0.24146082660763338,0.3070625764181792,6.0,6.5
11,2,Kurt Warner,0.0868401206624374,0.054398642533937,21.0,Safe,Improved,0.372664326228725,0.24146082660763338,0.3070625764181792,6.0,6.5
11,2,Margaret Cho,0.0827677224723921,0.0543986425339368,18.0,Safe,Improved,-0.06306354779170208,-0.039708916435086464,-0.05138623211339427,9.5,10.5
11,2,Michael Bolton,0.0392788084525188,0.8877236425339365,12.0,Eliminated,Improved,-0.7497873434998855,-0.9959045752573155,-0.8728459593786004,12.0,12.0
11,2,Brandy,0.0868401206624374,0.0543986425339368,21.0,Safe,Improved,0.372664326228725,0.24146082660763338,0.3070625764181792,6.0,6.5
11,2,The Situation,0.0827677224723921,0.0543986425339368,18.0,Safe,Improved,-0.06306354779170208,-0.039708916435086464,-0.05138623211339427,9.5,10.5
11,2,Audrina Patridge,0.0895550527891342,0.0543986425339368,23.0,Safe,Improved,0.6009423098284941,0.4111778301900712,0.5060600700092827,2.0,2.0
11,2,Bristol Palin,0.0881975867257858,0.054398642533936,22.0,Safe,Improved,0.49530621367851924,0.3289731400329481,0.41213967685573366,3.5,3.5
11,3,David Hasselhoff,0.0936607843137254,0.163095927601811,0.0,Safe,Improved,-0.9681974000845099,0.42651971989984355,-0.27083884009233317,10.5,6.5
11,3,Florence Henderson,0.0854826546003016,0.1630959276018104,20.0,Safe,Improved,0.17549721493033318,0.09454226957062029,0.13501974225047675,7.5,9.5
11,3,Kyle Massey,0.0895550527903469,0.1630959276018101,23.0,Safe,Improved,0.47253752572560936,0.267802261551463,0.37016989363853614,5.5,6.5
11,3,Jennifer Grey,0.0909125188536953,0.1630959276018103,24.0,Safe,Improved,0.5548296466317988,0.3224549739471203,0.43864231028945955,3.0,3.0
11,3,Rick Fox,0.0909125188536953,0.1630959276018102,24.0,Safe,Improved,0.5548296466317988,0.3224549739471203,0.43864231028945955,3.0,3.0
11,3,Kurt Warner,0.0895550527903469,0.1630959276018102,23.0,Safe,Improved,0.47253752572560936,0.267802261551463,0.37016989363853614,5.5,6.5
11,3,Margaret Cho,0.0121128205128205,0.9148729638009048,18.0,Eliminated,Improved,-0.046632729299726235,-0.9962763213190672,-0.5214545253093967,12.0,12.0
11,3,Michael Bolton,0.0936607843137254,0.1630959276018105,0.0,Safe,Improved,-0.9681974000845099,0.42651971989984355,-0.27083884009233317,10.5,6.5
11,3,Brandy,0.0909125188536953,0.1630959276018101,24.0,Safe,Improved,0.5548296466317988,0.3224549739471203,0.43864231028945955,3.0,3.0
11,3,The Situation,0.0854826546003016,0.1630959276018099,20.0,Safe,Improved,0.17549721493033318,0.09454226957062029,0.13501974225047675,7.5,9.5
11,3,Audrina Patridge,0.0936274509803921,0.1630959276018104,26.0,Safe,Improved,0.6907201660381928,0.42531587408420396,0.5580180200611984,1.0,1.0
11,3,Bristol Palin,0.0841251885369532,0.1630959276018102,19.0,Safe,Improved,0.06524040837074817,0.03492149352838204,0.050080950949565106,9.0,11.0
11,4,David Hasselhoff,0.0837773277467411,0.2349368715083803,0.0,Safe,Improved,-0.9103186746515539,0.01744244612498288,-0.4464381142632855,10.0,10.5
11,4,Florence Henderson,0.0876629422718808,0.2349368715083798,17.5,Safe,Improved,0.2588402122546536,0.16848517000483465,0.21366269112974412,6.0,6.0
11,4,Kyle Massey,0.091852886405959,0.2349368715083805,20.0,Safe,Improved,0.4786147276283865,0.3227617805228792,0.40068825407563285,4.0,4.0
11,4,Jennifer Grey,0.1052607076350093,0.2349368715083802,28.0,Safe,Improved,0.8720111507123378,0.6970350906749041,0.784523120693621,1.0,1.0
11,4,Rick Fox,0.0910148975791434,0.2349368715083797,19.5,Safe,Improved,0.4381360141717913,0.29296176708313876,0.36554889062746504,5.0,5.0
11,4,Kurt Warner,0.0868249534450651,0.23493687150838,17.0,Safe,Improved,0.21041043339186327,0.13632906543303294,0.1733697494124481,7.0,7.0
11,4,Margaret Cho,0.0837773277467411,0.2349368715083803,0.0,Safe,Improved,-0.9103186746515539,0.01744244612498288,-0.4464381142632855,10.0,10.5
11,4,Michael Bolton,0.0837773277467411,0.2349368715083796,0.0,Safe,Improved,-0.9103186746515539,0.01744244612498288,-0.4464381142632855,10.0,10.5
11,4,Brandy,0.0985567970204841,0.2349368715083802,24.0,Safe,Improved,0.7311990910856193,0.5357095513605361,0.6334543212230777,2.0,2.0
11,4,The Situation,0.0054650372439478,0.9116372905027934,14.0,Eliminated,Improved,-0.0937085830249557,-0.9956073746399814,-0.5446579788324686,12.0,10.5
11,4,Audrina Patridge,0.0968808193668529,0.2349368715083801,23.0,Safe,Improved,0.6798154992250233,0.4871149913456662,0.5834652452853447,3.0,3.0
11,4,Bristol Palin,0.0851489757914339,0.2349368715083798,16.0,Safe,Improved,0.11061786536085202,0.07121450654533913,0.09091618595309559,8.0,8.0
11,5,David Hasselhoff,0.1154846153846153,0.4841164835164819,0.0,Safe,Improved,-0.8682021596778776,0.7587742947603265,-0.05471393245877554,8.5,6.5
11,5,Florence Henderson,0.0,0.9488096153846158,21.0,Eliminated,Improved,0.46986467264284715,-0.9884588575729196,-0.25929709246503624,12.0,11.0
11,5,Kyle Massey,0.0719208791208791,0.4841164835164837,20.0,Safe,Improved,0.39902251531736393,-0.33867034756654396,0.030176083875409987,6.0,10.0
11,5,Jennifer Grey,0.0801626373626373,0.4841164835164847,25.0,Safe,Improved,0.6960206310383577,-0.09764708639502874,0.29918677232166446,2.0,2.0
11,5,Rick Fox,0.0785142857142857,0.4841164835164833,24.0,Safe,Improved,0.6481658483618304,-0.14779491228488303,0.2501854680384737,3.5,3.5
11,5,Kurt Warner,0.0785142857142857,0.4841164835164839,24.0,Safe,Improved,0.6481658483618304,-0.14779491228488303,0.2501854680384737,3.5,3.5
11,5,Margaret Cho,0.1154846153846153,0.484116483516484,0.0,Safe,Improved,-0.8682021596778776,0.7587742947603265,-0.05471393245877554,8.5,6.5
11,5,Michael Bolton,0.1154846153846153,0.4841164835164846,0.0,Safe,Improved,-0.8682021596778776,0.7587742947603265,-0.05471393245877554,8.5,6.5
11,5,Brandy,0.0834593406593406,0.4841164835164844,27.0,Safe,Improved,0.7756518059994583,0.0038929995436521024,0.38977240277155517,1.0,1.0
11,5,The Situation,0.1154846153846153,0.4841164835164844,0.0,Safe,Improved,-0.8682021596778776,0.7587742947603265,-0.05471393245877554,8.5,6.5
11,5,Audrina Patridge,0.076865934065934,0.484116483516484,23.0,Safe,Improved,0.5945782662724843,-0.19719413224586319,0.19869206701331057,5.0,9.0
11,5,Bristol Palin,0.0686241758241758,0.4841164835164844,18.0,Safe,Improved,0.24272161839799783,-0.4255435555129505,-0.09141096855747632,11.0,12.0
11,6,David Hasselhoff,0.1546889285615941,0.8753913626761023,0.0,Safe,Improved,-0.8039399657509309,0.8056815444395262,0.0008707893442976844,7.0,8.5
11,6,Florence Henderson,0.1546889285615941,0.8753913626761063,0.0,Safe,Improved,-0.8039399657509309,0.8056815444395262,0.0008707893442976844,7.0,8.5
11,6,Kyle Massey,0.0347597024917475,0.8753913626761062,29.9999,Safe,Improved,0.675167265586268,-0.640331751825691,0.017417756880288515,3.0,5.5
11,6,Jennifer Grey,0.0333105671565072,0.8753913626761071,29.0,Safe,Improved,0.6386304126537145,-0.653493390478278,-0.007431488912281792,9.0,11.0
11,6,Rick Fox,0.0347598474197738,0.8753913626761056,30.0,Safe,Improved,0.6751707659722537,-0.6403304162243709,0.017420174873941374,2.0,2.0
11,6,Kurt Warner,0.0484088590154651,0.8753913626761064,21.9999,Safe,Improved,0.2963881011189247,-0.49716375875277125,-0.10038782881692326,12.0,5.5
11,6,Margaret Cho,0.1546889285615942,0.8753913626761073,0.0,Safe,Improved,-0.8039399657509309,0.8056815444395267,0.0008707893442979064,4.5,3.5
11,6,Michael Bolton,0.1546889285615942,0.8753913626761064,0.0,Safe,Improved,-0.8039399657509309,0.8056815444395267,0.0008707893442979064,4.5,3.5
11,6,Brandy,0.0434553840713471,0.875391362676107,35.9999,Safe,Improved,0.8355199175960482,-0.5531484547800763,0.1411857314079859,1.0,1.0
11,6,The Situation,0.1546889285615941,0.8753913626761065,0.0,Safe,Improved,-0.8039399657509309,0.8056815444395262,0.0008707893442976844,7.0,8.5
11,6,Audrina Patridge,0.0,0.9886719420614642,31.9998,Eliminated,Improved,0.7392522136491684,-0.8621585319606145,-0.06145315915572308,11.0,8.5
11,6,Bristol Palin,0.0318609970371881,0.8753913626761064,27.9998,Safe,Improved,0.5989553949487472,-0.6662751604747811,-0.03365988276301696,10.0,12.0
12,2,Ralph Macchio,0.0928030303030303,0.0002000000000008,21.0,Safe,Improved,0.49695647535108234,0.4969451318093855,0.4969508035802339,4.0,4.0
12,2,Chelsea Kane,0.0886363636363636,0.0001999999999977,18.0,Safe,Improved,-0.574562651340074,-0.5745505422363069,-0.5745565967881905,7.5,7.5
12,2,Kirstie Alley,0.0914141414141414,0.0001999999999988,20.0,Safe,Improved,0.14438559644002044,0.14438166320282392,0.14438362982142217,5.0,5.0
12,2,Hines Ward,0.095580808080808,0.0001999999999999,23.0,Safe,Improved,0.872859761905462,0.8728509139380409,0.8728553379217514,2.0,2.0
12,2,Sugar Ray Leonard,0.087280808080808,0.0001999999999965,17.0,Safe,Improved,-0.7834192721144452,-0.7796733009436762,-0.7815462865290607,9.5,9.5
12,2,Chris Jericho,0.095580808080808,0.0001999999999999,23.0,Safe,Improved,0.872859761905462,0.8728509139380409,0.8728553379217514,2.0,2.0
12,2,Petra Nemcova,0.0886363636363636,0.0001999999999992,18.0,Safe,Improved,-0.574562651340074,-0.5745505422363069,-0.5745565967881905,7.5,7.5
12,2,Mike Catherwood,0.087180808080808,0.8969764309764311,17.0,Eliminated,Improved,-0.7834192721144452,-0.7907108440174668,-0.787065058065956,11.0,11.0
12,2,Romeo,0.095580808080808,0.0001999999999999,23.0,Safe,Improved,0.872859761905462,0.8728509139380409,0.8728553379217514,2.0,2.0
12,2,Wendy Williams,0.087280808080808,0.000199999999993,17.0,Safe,Improved,-0.7834192721144452,-0.7796733009436762,-0.7815462865290607,9.5,9.5
12,2,Kendra Wilkinson,0.0900252525252525,0.0002000000000055,19.0,Safe,Improved,-0.24909990722439124,-0.2490933137008541,-0.24909661046262266,6.0,6.0
12,3,Ralph Macchio,0.0930756159728122,0.0701934579439251,21.0,Safe,Improved,0.21667757017771488,0.12032285975166152,0.1685002149646882,6.0,7.0
12,3,Chelsea Kane,0.0958793542905692,0.070193457943925,23.0,Safe,Improved,0.46611061240650065,0.2704771786990763,0.36829389555278846,3.5,3.5
12,3,Kirstie Alley,0.0930756159728122,0.0701934579439254,21.0,Safe,Improved,0.21667757017771488,0.12032285975166152,0.1685002149646882,6.0,7.0
12,3,Hines Ward,0.0986830926083262,0.0701934579439255,25.0,Safe,Improved,0.6584159998249438,0.40853259067106357,0.5334742952480037,1.5,1.5
12,3,Sugar Ray Leonard,0.0916737468139337,0.0701934579439254,20.0,Safe,Improved,0.07755010120817545,0.0426477453481942,0.06009892327818482,8.5,9.5
12,3,Chris Jericho,0.0930756159728122,0.0701934579439251,21.0,Safe,Improved,0.21667757017771488,0.12032285975166152,0.1685002149646882,6.0,7.0
12,3,Petra Nemcova,0.0986830926083262,0.0701934579439255,25.0,Safe,Improved,0.6584159998249438,0.40853259067106357,0.5334742952480037,1.5,1.5
12,3,Mike Catherwood,0.109247111299915,0.0701934579439256,0.0,Safe,Improved,-0.9922012894174833,0.7712483065683526,-0.11047649142456534,10.0,5.0
12,3,Romeo,0.0916737468139337,0.0701934579439251,20.0,Safe,Improved,0.07755010120817545,0.0426477453481942,0.06009892327818482,8.5,9.5
12,3,Wendy Williams,0.0390536533559898,0.8883661852166528,15.0,Eliminated,Improved,-0.5612115671370899,-0.9938896443086885,-0.7775506057228891,11.0,11.0
12,3,Kendra Wilkinson,0.0958793542905692,0.0701934579439255,23.0,Safe,Improved,0.46611061240650065,0.2704771786990763,0.36829389555278846,3.5,3.5
12,4,Ralph Macchio,0.1000441306372381,0.2187466019417474,25.0,Safe,Improved,0.578145564321791,0.3079832300825048,0.44306439720214785,2.5,2.5
12,4,Chelsea Kane,0.1015004413168497,0.2187466019417476,26.0,Safe,Improved,0.6439177669540271,0.3531707636740241,0.4985442653140256,1.0,1.0
12,4,Kirstie Alley,0.0956751985984031,0.2187466019417479,22.0,Safe,Improved,0.331201392428289,0.1645675385386937,0.24788446548349136,7.0,9.0
12,4,Hines Ward,0.1000441306372381,0.2187466019417473,25.0,Safe,Improved,0.578145564321791,0.3079832300825048,0.44306439720214785,2.5,2.5
12,4,Sugar Ray Leonard,0.0058027066502129,0.9202144748455428,21.0,Eliminated,Improved,0.23456218637911827,-0.9947032793428766,-0.38007054648187916,11.0,10.5
12,4,Chris Jericho,0.0971315092780148,0.2187466019417472,23.0,Safe,Improved,0.42135821140968305,0.2134886690045205,0.3174234402071018,5.0,6.0
12,4,Petra Nemcova,0.0971315092780148,0.2187466019417474,23.0,Safe,Improved,0.42135821140968305,0.2134886690045205,0.3174234402071018,5.0,6.0
12,4,Mike Catherwood,0.1078444542230285,0.2187466019417481,0.0,Safe,Improved,-0.9618049889673765,0.5299837504263413,-0.21591061927051763,9.0,4.0
12,4,Romeo,0.0971315092780148,0.2187466019417477,23.0,Safe,Improved,0.42135821140968305,0.2134886690045205,0.3174234402071018,5.0,6.0
12,4,Wendy Williams,0.1078444542230284,0.218746601941748,0.0,Safe,Improved,-0.9618049889673765,0.5299837504263385,-0.21591061927051902,10.0,8.0
12,4,Kendra Wilkinson,0.0898499558799565,0.2187466019417479,18.0,Safe,Improved,-0.07633500351586944,-0.03688942766518493,-0.05661221559052719,8.0,10.5
12,5,Ralph Macchio,0.0902369661266568,0.3407061855670097,22.0,Safe,Improved,0.3629712398803307,-0.021316889996836487,0.1708271749417471,6.5,9.5
12,5,Chelsea Kane,0.0964225331369661,0.3407061855670105,26.0,Safe,Improved,0.6224014440253987,0.17312751208003402,0.3977644780527163,3.0,3.0
12,5,Kirstie Alley,0.0917833578792341,0.3407061855670107,23.0,Safe,Improved,0.436142095081661,0.027725059507200795,0.2319335772944309,5.0,8.0
12,5,Hines Ward,0.0979689248895434,0.340706185567011,27.0,Safe,Improved,0.6729243480640034,0.22027138245808553,0.44659786526104445,1.0,1.0
12,5,Sugar Ray Leonard,0.1135020618556701,0.34070618556701,0.0,Safe,Improved,-0.9116251915624365,0.6148360733205966,-0.14839455912091992,9.0,6.0
12,5,Chris Jericho,0.0964225331369661,0.3407061855670105,26.0,Safe,Improved,0.6224014440253987,0.17312751208003402,0.3977644780527163,3.0,3.0
12,5,Petra Nemcova,1.3877787807814457e-17,0.9316747891283972,22.0,Eliminated,Improved,0.3629712398803307,-0.9937634970569189,-0.31539612858829413,11.0,11.0
12,5,Mike Catherwood,0.1135020618556701,0.3407061855670104,0.0,Safe,Improved,-0.9116251915624365,0.6148360733205966,-0.14839455912091992,9.0,6.0
12,5,Romeo,0.0964225331369661,0.3407061855670104,26.0,Safe,Improved,0.6224014440253987,0.17312751208003402,0.3977644780527163,3.0,3.0
12,5,Wendy Williams,0.1135020618556701,0.3407061855670106,0.0,Safe,Improved,-0.9116251915624365,0.6148360733205966,-0.14839455912091992,9.0,6.0
12,5,Kendra Wilkinson,0.0902369661266568,0.3407061855670104,22.0,Safe,Improved,0.3629712398803307,-0.021316889996836487,0.1708271749417471,6.5,9.5
12,6,Ralph Macchio,0.0812296296296296,0.48928888888889,24.0,Safe,Improved,0.5252286665631475,-0.2676471120288141,0.1287907772671667,6.0,10.0
12,6,Chelsea Kane,0.0878962962962962,0.4892888888888881,28.0,Safe,Improved,0.7109951084241625,-0.08517933942726078,0.31290788449845086,1.5,1.5
12,6,Kirstie Alley,0.0845629629629629,0.4892888888888886,26.0,Safe,Improved,0.6269429149933126,-0.17794235199587102,0.22450028149872076,4.0,7.0
12,6,Hines Ward,0.0862296296296296,0.4892888888888889,27.0,Safe,Improved,0.6711200793386818,-0.1318494931032959,0.26963529311769296,3.0,3.0
12,6,Sugar Ray Leonard,0.1223222222222221,0.4892888888888891,0.0,Safe,Improved,-0.8484036754777224,0.7115350535400857,-0.06843431096881836,10.0,8.0
12,6,Chris Jericho,2.775557561562892e-17,0.9404949494949494,22.0,Eliminated,Improved,0.4059086932302572,-0.9885018134825629,-0.2912965601261529,11.0,11.0
12,6,Petra Nemcova,0.1223222222222222,0.4892888888888888,0.0,Safe,Improved,-0.8484036754777224,0.7115350535400872,-0.06843431096881764,8.0,5.0
12,6,Mike Catherwood,0.1223222222222222,0.489288888888889,0.0,Safe,Improved,-0.8484036754777224,0.7115350535400872,-0.06843431096881764,8.0,5.0
12,6,Romeo,0.0878962962962962,0.4892888888888889,28.0,Safe,Improved,0.7109951084241625,-0.08517933942726078,0.31290788449845086,1.5,1.5
12,6,Wendy Williams,0.1223222222222222,0.4892888888888889,0.0,Safe,Improved,-0.8484036754777224,0.7115350535400872,-0.06843431096881764,8.0,5.0
12,6,Kendra Wilkinson,0.0828962962962962,0.4892888888888886,25.0,Safe,Improved,0.5783289572940847,-0.22326739884664232,0.1775307792237212,5.0,9.0
12,7,Ralph Macchio,0.0403244031830239,0.8150236074270564,33.0,Safe,Improved,0.7465274742742605,-0.6257882937292399,0.060369590272510265,1.5,1.5
12,7,Chelsea Kane,0.0387328912466844,0.8150236074270557,32.0,Safe,Improved,0.718351130220846,-0.6396440687080138,0.039353530756416066,3.0,4.0
12,7,Kirstie Alley,0.0355498673740053,0.8150236074270554,30.0,Safe,Improved,0.6541734022544334,-0.666148565478798,-0.005987581612182269,9.5,10.0
12,7,Hines Ward,0.0403244031830239,0.8150236074270559,33.0,Safe,Improved,0.7465274742742605,-0.6257882937292399,0.060369590272510265,1.5,1.5
12,7,Sugar Ray Leonard,0.1619037135278515,0.8150236074270558,0.0,Safe,Improved,-0.7788698616507892,0.7742309027138208,-0.002319479468484209,4.0,3.0
12,7,Chris Jericho,0.1619037135278514,0.8150236074270557,0.0,Safe,Improved,-0.7788698616507892,0.7742309027138202,-0.0023194794684844866,6.0,6.0
12,7,Petra Nemcova,0.1619037135278514,0.8150236074270558,0.0,Safe,Improved,-0.7788698616507892,0.7742309027138202,-0.0023194794684844866,6.0,6.0
12,7,Mike Catherwood,0.1619037135278514,0.8150236074270562,0.0,Safe,Improved,-0.7788698616507892,0.7742309027138202,-0.0023194794684844866,6.0,6.0
12,7,Romeo,0.0355498673740053,0.815023607427056,30.0,Safe,Improved,0.6541734022544334,-0.666148565478798,-0.005987581612182269,9.5,10.0
12,7,Wendy Williams,0.1619037135278513,0.8150236074270558,0.0,Safe,Improved,-0.7788698616507892,0.7742309027138196,-0.0023194794684848197,8.0,8.0
12,7,Kendra Wilkinson,0.0,0.9800764408005788,30.5,Eliminated,Improved,0.6712293134585445,-0.8667720964864908,-0.09777139151397313,11.0,10.0
13,1,Elisabetta Canalis,0.0790706605222734,4.440892098500626e-16,15.0,Safe,Improved,-0.8133459417324673,-0.8133459417324631,-0.8133459417324652,11.0,11.0
13,1,David Arquette,0.0832181259600614,2.220446049250313e-16,18.0,Safe,Improved,-0.03071563303378865,-0.03071563303378595,-0.0307156330337873,6.0,6.0
13,1,Ricki Lake,0.0859831029185867,3.3306690738754696e-16,20.0,Safe,Improved,0.6085918941713588,0.6085918941713527,0.6085918941713557,4.0,4.0
13,1,J.R. Martinez,0.0887480798771121,4.440892098500626e-16,22.0,Safe,Improved,0.8945178609534183,0.894517860953419,0.8945178609534187,1.5,1.5
13,1,Metta World Peace (Ron),0.0776881720430107,0.8979411290322582,14.0,Eliminated,Improved,-0.906144292555074,-0.906144292555073,-0.9061442925550736,12.0,12.0
13,1,Hope Solo,0.0873655913978494,2.220446049250313e-16,21.0,Safe,Improved,0.7914815785327323,0.7914815785327312,0.7914815785327317,3.0,3.0
13,1,Chynna Phillips,0.0887480798771121,4.440892098500626e-16,22.0,Safe,Improved,0.8945178609534183,0.894517860953419,0.8945178609534187,1.5,1.5
13,1,Kristin Cavallari,0.0846006144393241,0.0,19.0,Safe,Improved,0.3256712924954642,0.32567129249547266,0.32567129249546845,5.0,5.0
13,1,Carson Kressley,0.0818356374807987,5.10702591327572e-15,17.0,Safe,Improved,-0.37946017936751925,-0.3794601793675227,-0.37946017936752097,7.5,7.5
13,1,Chaz Bono,0.0818356374807987,3.4416913763379853e-15,17.0,Safe,Improved,-0.37946017936751925,-0.3794601793675227,-0.37946017936752097,7.5,7.5
13,1,Nancy Grace,0.080453149001536,4.107825191113079e-15,16.0,Safe,Improved,-0.6458421917574708,-0.645842191757477,-0.6458421917574739,9.5,9.5
13,1,Rob Kardashian,0.080453149001536,0.0,16.0,Safe,Improved,-0.6458421917574708,-0.645842191757477,-0.6458421917574739,9.5,9.5
13,2,Elisabetta Canalis,0.0253236920777279,0.9275954035874442,21.0,Eliminated,Improved,0.3743642064088368,-0.992306823988576,-0.30897130878986956,12.0,9.0
13,2,David Arquette,0.0825485799701046,0.1487820627802693,18.0,Safe,Improved,-0.09469553079659254,-0.0375678788955633,-0.06613170484607792,9.5,10.5
13,2,Ricki Lake,0.0892750373692077,0.1487820627802693,23.0,Safe,Improved,0.6163733186144222,0.2771353678988258,0.446754343256624,1.0,1.0
13,2,J.R. Martinez,0.0879297458893871,0.1487820627802687,22.0,Safe,Improved,0.5052360460525398,0.2166553436262585,0.36094569483939914,2.5,2.5
13,2,Metta World Peace (Ron),0.1195940956651719,0.1487820627802685,0.0,Safe,Improved,-0.9953028269364643,0.9398427620081333,-0.0277300324641655,8.0,7.0
13,2,Hope Solo,0.0838938714499252,0.1487820627802687,19.0,Safe,Improved,0.06773904529665566,0.026840385905853612,0.04728971560125463,7.0,8.0
13,2,Chynna Phillips,0.0865844544095665,0.1487820627802698,21.0,Safe,Improved,0.3743642064088368,0.15446525651483137,0.2644147314618341,5.0,5.0
13,2,Kristin Cavallari,0.0879297458893871,0.1487820627802691,22.0,Safe,Improved,0.5052360460525398,0.2166553436262585,0.36094569483939914,2.5,2.5
13,2,Carson Kressley,0.0825485799701046,0.1487820627802696,18.0,Safe,Improved,-0.09469553079659254,-0.0375678788955633,-0.06613170484607792,9.5,10.5
13,2,Chaz Bono,0.0812032884902839,0.1487820627802681,17.0,Safe,Improved,-0.2522396204020186,-0.10166551351884635,-0.17695256696043246,11.0,12.0
13,2,Nancy Grace,0.0865844544095665,0.1487820627802698,21.0,Safe,Improved,0.3743642064088368,0.15446525651483137,0.2644147314618341,5.0,5.0
13,2,Rob Kardashian,0.0865844544095665,0.1487820627802677,21.0,Safe,Improved,0.3743642064088368,0.15446525651483137,0.2644147314618341,5.0,5.0
13,3,Elisabetta Canalis,0.102248523206751,0.2455257383966252,0.0,Safe,Improved,-0.9688510429198137,0.6099083962706983,-0.17947132332455773,10.5,7.5
13,3,David Arquette,0.0887130801687763,0.2455257383966246,24.0,Safe,Improved,0.4187162191447304,0.19889881229821182,0.30880751572147114,5.0,5.0
13,3,Ricki Lake,0.0925105485232067,0.2455257383966236,27.0,Safe,Improved,0.6416965618778692,0.33093828028140204,0.4863174210796356,1.0,1.0
13,3,J.R. Martinez,0.0912447257383966,0.2455257383966246,26.0,Safe,Improved,0.5757486557629331,0.2880601843530368,0.43190442005798496,2.5,2.5
13,3,Metta World Peace (Ron),0.102248523206751,0.2455257383966248,0.0,Safe,Improved,-0.9688510429198137,0.6099083962706983,-0.17947132332455773,10.5,7.5
13,3,Hope Solo,0.0887130801687763,0.2455257383966245,24.0,Safe,Improved,0.4187162191447304,0.19889881229821182,0.30880751572147114,5.0,5.0
13,3,Chynna Phillips,0.0912447257383966,0.2455257383966245,26.0,Safe,Improved,0.5757486557629331,0.2880601843530368,0.43190442005798496,2.5,2.5
13,3,Kristin Cavallari,0.0008827004219409,0.9346908227848104,24.0,Eliminated,Improved,0.4187162191447304,-0.9958637958556409,-0.2885737883554552,12.0,10.0
13,3,Carson Kressley,0.0874472573839662,0.245525738396624,23.0,Safe,Improved,0.3285139593928896,0.15294422937920207,0.24072909438604584,7.0,9.0
13,3,Chaz Bono,0.0811181434599156,0.245525738396624,18.0,Safe,Improved,-0.1816634359363796,-0.08281578310962619,-0.1322396095230029,9.0,12.0
13,3,Nancy Grace,0.0849156118143459,0.2455257383966238,21.0,Safe,Improved,0.13046804480411409,0.05922054901557657,0.09484429690984533,8.0,11.0
13,3,Rob Kardashian,0.0887130801687763,0.2455257383966244,24.0,Safe,Improved,0.4187162191447304,0.19889881229821182,0.30880751572147114,5.0,5.0
13,4,Elisabetta Canalis,0.1005784688995214,0.3068200956937793,0.0,Safe,Improved,-0.9237475436544357,0.5621234547068299,-0.1808120444738029,11.0,8.0
13,4,David Arquette,0.0865653708133971,0.3068200956937796,23.0,Safe,Improved,0.4756936333014793,0.11862356729008043,0.29715860029577984,5.0,7.0
13,4,Ricki Lake,0.0951778110047846,0.3068200956937802,29.0,Safe,Improved,0.7907460270843939,0.4109696296921347,0.6008578283882643,1.0,1.0
13,4,J.R. Martinez,0.0908715909090909,0.3068200956937801,26.0,Safe,Improved,0.6614637415958059,0.2710354501578034,0.46624959587680465,2.0,2.0
13,4,Metta World Peace (Ron),0.1005784688995215,0.30682009569378,0.0,Safe,Improved,-0.9237475436544357,0.5621234547068323,-0.18081204447380167,9.5,5.5
13,4,Hope Solo,0.0880007775119617,0.3068200956937799,24.0,Safe,Improved,0.5441784287259062,0.17043711580889792,0.35730777226740207,3.5,3.5
13,4,Chynna Phillips,1.3877787807814457e-17,0.9339034688995214,21.0,Eliminated,Improved,0.3203750565548282,-0.9957251143969058,-0.33767502892103884,12.0,11.0
13,4,Kristin Cavallari,0.1005784688995215,0.3068200956937801,0.0,Safe,Improved,-0.9237475436544357,0.5621234547068323,-0.18081204447380167,9.5,5.5
13,4,Carson Kressley,0.0822591507177033,0.3068200956937811,20.0,Safe,Improved,0.23492488528566258,-0.03959088794948897,0.0976669986680868,8.0,12.0
13,4,Chaz Bono,0.0836945574162679,0.3068200956937801,21.0,Safe,Improved,0.3203750565548282,0.013319723166775252,0.16684738986080172,6.5,9.5
13,4,Nancy Grace,0.0836945574162679,0.3068200956937801,21.0,Safe,Improved,0.3203750565548282,0.013319723166775252,0.16684738986080172,6.5,9.5
13,4,Rob Kardashian,0.0880007775119617,0.30682009569378,24.0,Safe,Improved,0.5441784287259062,0.17043711580889792,0.35730777226740207,3.5,3.5
13,5,Elisabetta Canalis,0.101163829787234,0.4046553191489356,0.0,Safe,Improved,-0.8692113024969078,0.5706692784446007,-0.14927101202615356,9.5,6.5
13,5,David Arquette,0.0864170212765957,0.4046553191489361,25.0,Safe,Improved,0.6596804898692749,0.11168919603458537,0.3856848429519301,2.5,2.5
13,5,Ricki Lake,0.0848212765957446,0.4046553191489371,24.0,Safe,Improved,0.6090212372111555,0.05406536285211734,0.33154330003163646,4.5,6.5
13,5,J.R. Martinez,0.0912042553191489,0.4046553191489366,28.0,Safe,Improved,0.780597748681154,0.27870189829440173,0.5296498234877778,1.0,1.0
13,5,Metta World Peace (Ron),0.101163829787234,0.4046553191489359,0.0,Safe,Improved,-0.8692113024969078,0.5706692784446007,-0.14927101202615356,9.5,6.5
13,5,Hope Solo,0.0848212765957446,0.4046553191489357,24.0,Safe,Improved,0.6090212372111555,0.05406536285211734,0.33154330003163646,4.5,6.5
13,5,Chynna Phillips,0.101163829787234,0.4046553191489368,0.0,Safe,Improved,-0.8692113024969078,0.5706692784446007,-0.14927101202615356,9.5,6.5
13,5,Kristin Cavallari,0.101163829787234,0.4046553191489359,0.0,Safe,Improved,-0.8692113024969078,0.5706692784446007,-0.14927101202615356,9.5,6.5
13,5,Carson Kressley,0.0,0.9344888297872336,19.0,Eliminated,Improved,0.275629121884137,-0.995350661442239,-0.359860769779051,12.0,12.0
13,5,Chaz Bono,0.0800340425531915,0.4046553191489362,21.0,Safe,Improved,0.42412653355962254,-0.11942615239085345,0.15235019058438454,7.0,11.0
13,5,Nancy Grace,0.0816297872340425,0.4046553191489362,22.0,Safe,Improved,0.4911665874172278,-0.061880679909926635,0.21464295375365058,6.0,10.0
13,5,Rob Kardashian,0.0864170212765957,0.4046553191489367,25.0,Safe,Improved,0.6596804898692749,0.11168919603458537,0.3856848429519301,2.5,2.5
13,6,Elisabetta Canalis,0.1145578313253012,0.5727891566265051,0.0,Safe,Improved,-0.800951302801366,0.721496734155105,-0.039727284323130496,9.0,6.5
13,6,David Arquette,0.0684909638554216,0.5727891566265062,23.0,Safe,Improved,0.6229129095342627,-0.4077620089670248,0.10757545028361895,4.0,6.5
13,6,Ricki Lake,0.0793343373493975,0.5727891566265063,29.0,Safe,Improved,0.8358996772967762,-0.11611704316215181,0.3598913170673122,1.5,1.5
13,6,J.R. Martinez,0.0793343373493975,0.5727891566265058,29.0,Safe,Improved,0.8358996772967762,-0.11611704316215181,0.3598913170673122,1.5,1.5
13,6,Metta World Peace (Ron),0.1145578313253012,0.5727891566265064,0.0,Safe,Improved,-0.800951302801366,0.721496734155105,-0.039727284323130496,9.0,6.5
13,6,Hope Solo,0.0630692771084337,0.572789156626506,20.0,Safe,Improved,0.4549489457490252,-0.53066067181388,-0.037855863032427384,6.0,11.0
13,6,Chynna Phillips,0.1145578313253012,0.5727891566265051,0.0,Safe,Improved,-0.800951302801366,0.721496734155105,-0.039727284323130496,9.0,6.5
13,6,Kristin Cavallari,0.1145578313253012,0.5727891566265061,0.0,Safe,Improved,-0.800951302801366,0.721496734155105,-0.039727284323130496,9.0,6.5
13,6,Carson Kressley,0.1145578313253012,0.5727891566265061,0.0,Safe,Improved,-0.800951302801366,0.721496734155105,-0.039727284323130496,9.0,6.5
13,6,Chaz Bono,5.551115123125783e-17,0.9494875903614456,19.0,Eliminated,Improved,0.3895879197879375,-0.9846388825210008,-0.2975254813665317,12.0,12.0
13,6,Nancy Grace,0.0702981927710843,0.5727891566265062,24.0,Safe,Improved,0.6692370825929606,-0.3628902613933946,0.15317341059978298,3.0,3.0
13,6,Rob Kardashian,0.066683734939759,0.572789156626507,22.0,Safe,Improved,0.5717653380043313,-0.45074706154239574,0.06050913823096776,5.0,10.0
13,7,Elisabetta Canalis,0.1605095563139934,0.9733962457337868,0.0,Safe,Improved,-0.7416082175700633,0.7429171717706993,0.0006544771003179628,4.0,2.0
13,7,David Arquette,1.1102230246251563e-16,0.9966759196056124,23.5,Eliminated,Improved,0.7076240858083993,-0.7752303364684487,-0.03380312533002472,11.0,12.0
13,7,Ricki Lake,0.00921066552901,0.9733962457337888,26.5,Safe,Improved,0.8064703521039019,-0.7254692715174824,0.040500540293209764,1.0,1.0
13,7,J.R. Martinez,0.0040912116040953,0.9733962457337886,24.0,Safe,Improved,0.7265979501302151,-0.7541784561345707,-0.013790253002177788,10.0,10.0
13,7,Metta World Peace (Ron),0.1605095563139933,0.9733962457337888,0.0,Safe,Improved,-0.7416082175700633,0.7429171717706987,0.0006544771003176852,5.0,4.0
13,7,Hope Solo,0.0061389931740612,0.9733962457337878,25.0,Safe,Improved,0.761438440850681,-0.7430178133703838,0.009210313740148635,3.0,6.5
13,7,Chynna Phillips,0.160509556313993,0.973396245733788,0.0,Safe,Improved,-0.7416082175700633,0.7429171717706969,0.0006544771003167971,9.0,11.0
13,7,Kristin Cavallari,0.1605095563139932,0.9733962457337876,0.0,Safe,Improved,-0.7416082175700633,0.742917171770698,0.0006544771003173522,6.5,6.5
13,7,Carson Kressley,0.1605095563139931,0.9733962457337872,0.0,Safe,Improved,-0.7416082175700633,0.7429171717706976,0.0006544771003171301,8.0,9.0
13,7,Chaz Bono,0.1605095563139932,0.9733962457337884,0.0,Safe,Improved,-0.7416082175700633,0.742917171770698,0.0006544771003173522,6.5,6.5
13,7,Nancy Grace,0.0103389078498293,0.9733962457337888,22.0,Safe,Improved,0.6441229789480095,-0.7187748687213111,-0.03732594488665081,12.0,6.5
13,7,Rob Kardashian,0.0071628839590442,0.9733962457337898,25.5,Safe,Improved,0.777375294359607,-0.7372771666730754,0.02004906384326577,2.0,3.0
14,2,William Levy,0.0862143742255266,1.63202784619898e-14,25.0,Safe,Improved,0.7108267819825203,0.7108267819825226,0.7108267819825214,3.5,3.5
14,2,Jack Wagner,0.0817534076827757,0.0,21.0,Safe,Improved,-0.45217869803641414,-0.45217869803640304,-0.4521786980364086,8.5,8.5
14,2,Sherri Sheperd,0.0839838909541511,0.0,23.0,Safe,Improved,0.19805637279609917,0.1980563727960937,0.19805637279609645,6.0,6.0
14,2,Jaleel White,0.0828686493184634,2.220446049250313e-15,22.0,Safe,Improved,-0.14238922178644986,-0.14238922178644575,-0.1423892217864478,7.0,7.0
14,2,Roshon Fegan,0.0873296158612143,2.220446049250313e-16,26.0,Safe,Improved,0.8434257308172837,0.8434257308172822,0.843425730817283,1.5,1.5
14,2,Melissa Gilbert,0.0806381660470879,0.0,20.0,Safe,Improved,-0.681284747635566,-0.6812847476355693,-0.6812847476355677,10.0,10.0
14,2,Martina Navratilova,0.0772924411400247,0.8966220260223048,17.0,Eliminated,Improved,-0.9530217520360931,-0.9530217520360937,-0.9530217520360934,12.0,12.0
14,2,Donald Driver,0.0850991325898389,0.0,24.0,Safe,Improved,0.4965984066435489,0.49659840664355975,0.4965984066435543,5.0,5.0
14,2,Gavin DeGraw,0.0817534076827757,1.1102230246251563e-16,21.0,Safe,Improved,-0.45217869803641414,-0.45217869803640304,-0.4521786980364086,8.5,8.5
14,2,Gladys Knight,0.0795229244114002,0.0,19.0,Safe,Improved,-0.8260527329683399,-0.8260527329683387,-0.8260527329683394,11.0,11.0
14,2,Katherine Jenkins,0.0873296158612143,3.3306690738754696e-16,26.0,Safe,Improved,0.8434257308172837,0.8434257308172822,0.843425730817283,1.5,1.5
14,2,Maria Menounos,0.0862143742255266,1.0325074129013956e-14,25.0,Safe,Improved,0.7108267819825203,0.7108267819825226,0.7108267819825214,3.5,3.5
14,3,William Levy,0.0883333333284826,0.0862142857142866,28.0,Safe,Improved,0.5499289604226565,0.25421265877753185,0.40207080960009417,2.0,2.0
14,3,Jack Wagner,0.0282833333575865,0.9191392857142856,24.0,Eliminated,Improved,0.08809666471184113,-0.9934831591842096,-0.4526932472361842,12.0,12.0
14,3,Sherri Sheperd,0.0840476190427684,0.0862142857142862,24.0,Safe,Improved,0.08809666471184113,0.03711314576865027,0.0626049052402457,8.5,9.5
14,3,Jaleel White,0.0851190476141969,0.086214285714286,25.0,Safe,Improved,0.21729385624903202,0.09255980244742673,0.15492682934822938,5.5,5.5
14,3,Roshon Fegan,0.0851190476141969,0.0862142857142862,25.0,Safe,Improved,0.21729385624903202,0.09255980244742673,0.15492682934822938,5.5,5.5
14,3,Melissa Gilbert,0.0840476190427684,0.086214285714286,24.0,Safe,Improved,0.08809666471184113,0.03711314576865027,0.0626049052402457,8.5,9.5
14,3,Martina Navratilova,0.1140976190718722,0.0862142857142864,0.0,Safe,Improved,-0.9958792085926527,0.921547698328453,-0.037165755132099854,11.0,7.0
14,3,Donald Driver,0.0861904761856255,0.0862142857142858,26.0,Safe,Improved,0.33930115905243674,0.14743830417811662,0.2433697316152767,4.0,4.0
14,3,Gavin DeGraw,0.0840476190427684,0.0862142857142858,24.0,Safe,Improved,0.08809666471184113,0.03711314576865027,0.0626049052402457,8.5,9.5
14,3,Gladys Knight,0.0840476190427684,0.0862142857142858,24.0,Safe,Improved,0.08809666471184113,0.03711314576865027,0.0626049052402457,8.5,9.5
14,3,Katherine Jenkins,0.0894047618999112,0.0862142857142859,29.0,Safe,Improved,0.6356068641188579,0.305529090442926,0.47056797728089195,1.0,1.0
14,3,Maria Menounos,0.0872619047570541,0.0862142857142853,27.0,Safe,Improved,0.45086943318111045,0.20142377942752313,0.3261466063043168,3.0,3.0
14,4,William Levy,0.086659513590844,0.1848493562231761,22.0,Safe,Improved,0.2703713012008933,0.13574516498737377,0.20305823309413354,7.0,9.0
14,4,Jack Wagner,0.0974224606580829,0.1848493562231764,0.0,Safe,Improved,-0.9695030383216281,0.5216212849399934,-0.22394087669081736,10.5,6.5
14,4,Sherri Sheperd,0.007193705293276,0.9235537553648072,21.0,Eliminated,Improved,0.16831907619159103,-0.9961591553944316,-0.41392003960142026,12.0,11.5
14,4,Jaleel White,0.086659513590844,0.1848493562231761,22.0,Safe,Improved,0.2703713012008933,0.13574516498737377,0.20305823309413354,7.0,9.0
14,4,Roshon Fegan,0.0918097281831187,0.1848493562231763,26.0,Safe,Improved,0.6085258248681822,0.3346715388626574,0.47159868186541976,2.5,2.5
14,4,Melissa Gilbert,0.086659513590844,0.1848493562231761,22.0,Safe,Improved,0.2703713012008933,0.13574516498737377,0.20305823309413354,7.0,9.0
14,4,Martina Navratilova,0.0974224606580829,0.1848493562231762,0.0,Safe,Improved,-0.9695030383216281,0.5216212849399934,-0.22394087669081736,10.5,6.5
14,4,Donald Driver,0.0930972818311874,0.1848493562231762,27.0,Safe,Improved,0.6717388563645681,0.38076384595994295,0.5262513511622555,1.0,1.0
14,4,Gavin DeGraw,0.0879470672389127,0.184849356223176,23.0,Safe,Improved,0.36668913660233854,0.18722631874162807,0.2769577276719833,5.0,5.0
14,4,Gladys Knight,0.0840844062947067,0.1848493562231756,20.0,Safe,Improved,0.0625264069926924,0.030832740410899458,0.04667957370179593,9.0,11.5
14,4,Katherine Jenkins,0.0892346208869813,0.184849356223176,24.0,Safe,Improved,0.4557394937794193,0.23769914948065599,0.34671932163003766,4.0,4.0
14,4,Maria Menounos,0.0918097281831187,0.1848493562231763,26.0,Safe,Improved,0.6085258248681822,0.3346715388626574,0.47159868186541976,2.5,2.5
14,5,William Levy,0.097172619047619,0.2547642857142871,29.0,Safe,Improved,0.709352148187548,0.48250261212287965,0.5959273801552138,1.5,1.5
14,5,Jack Wagner,0.0859252976190475,0.2547642857142854,0.0,Safe,Improved,-0.9217132379775576,0.09824198214428136,-0.4117356279166381,11.0,12.0
14,5,Sherri Sheperd,0.0859252976190476,0.2547642857142859,0.0,Safe,Improved,-0.9217132379775576,0.09824198214428502,-0.41173562791663626,9.5,9.5
14,5,Jaleel White,0.0904761904761904,0.2547642857142865,24.0,Safe,Improved,0.427822014015038,0.2651207868750005,0.34647140044501923,6.0,6.0
14,5,Roshon Fegan,0.0931547619047619,0.2547642857142855,26.0,Safe,Improved,0.557148194725661,0.35701573583508733,0.45708196528037415,5.0,5.0
14,5,Melissa Gilbert,0.0864583333333333,0.2547642857142856,21.0,Safe,Improved,0.19741099011264418,0.11827250399416521,0.1578417470534047,8.0,8.0
14,5,Martina Navratilova,0.0859252976190476,0.2547642857142863,0.0,Safe,Improved,-0.9217132379775576,0.09824198214428502,-0.41173562791663626,9.5,9.5
14,5,Donald Driver,0.0944940476190476,0.2547642857142862,27.0,Safe,Improved,0.6134399420533369,0.4006206943865078,0.5070303182199223,3.5,3.5
14,5,Gavin DeGraw,0.001003869047619,0.918246428571428,19.0,Eliminated,Improved,0.02856895454123999,-0.996189305875514,-0.483810175667137,12.0,11.0
14,5,Gladys Knight,0.087797619047619,0.2547642857142859,22.0,Safe,Improved,0.2782344092791088,0.16814320415763664,0.2231888067183727,7.0,7.0
14,5,Katherine Jenkins,0.097172619047619,0.254764285714286,29.0,Safe,Improved,0.709352148187548,0.48250261212287965,0.5959273801552138,1.5,1.5
14,5,Maria Menounos,0.0944940476190476,0.2547642857142849,27.0,Safe,Improved,0.6134399420533369,0.4006206943865078,0.5070303182199223,3.5,3.5
14,6,William Levy,0.0926338672125964,0.3724940328132665,36.0,Safe,Improved,0.7087585105020567,0.33678648329515876,0.5227724968986077,3.0,3.0
14,6,Jack Wagner,0.0931235082033168,0.3724940328132676,0.0,Safe,Improved,-0.8647213685231641,0.3530415486099382,-0.25583990995661293,10.0,8.0
14,6,Sherri Sheperd,0.0931235082033169,0.3724940328132679,0.0,Safe,Improved,-0.8647213685231641,0.3530415486099414,-0.2558399099566113,8.0,5.0
14,6,Jaleel White,0.0937964285063674,0.3724940328132683,36.9998,Safe,Improved,0.7378233567848755,0.37503651042706604,0.5564299336059708,2.0,2.0
14,6,Roshon Fegan,0.0833312838334943,0.3724940328132677,27.9998,Safe,Improved,0.3770125326589089,-7.72294121091641e-05,0.18846765162339987,7.0,11.0
14,6,Melissa Gilbert,0.0856571040973477,0.3724940328132673,30.0,Safe,Improved,0.47662633916218977,0.08734139329596467,0.28198386622907723,5.0,6.0
14,6,Martina Navratilova,0.0931235082033168,0.3724940328132671,0.0,Safe,Improved,-0.8647213685231641,0.3530415486099382,-0.25583990995661293,10.0,8.0
14,6,Donald Driver,0.0903081632281283,0.3724940328132676,33.9999,Safe,Improved,0.6426373822710072,0.25693695757657986,0.44978716992379353,4.0,4.0
14,6,Gavin DeGraw,0.0931235082033168,0.3724940328132671,0.0,Safe,Improved,-0.8647213685231641,0.3530415486099382,-0.25583990995661293,10.0,8.0
14,6,Gladys Knight,1.3877787807814457e-17,0.9264485082033164,24.0,Eliminated,Improved,0.15136271101425566,-0.9962614973553884,-0.42244939317056635,12.0,12.0
14,6,Katherine Jenkins,0.0961221324908356,0.3724940328132677,38.9999,Safe,Improved,0.7885992397777121,0.44777078100955775,0.6181850103936349,1.0,1.0
14,6,Maria Menounos,0.0856569878179625,0.3724940328132673,29.9999,Safe,Improved,0.47662162393580254,0.08733704507095905,0.2819793345033808,6.0,10.0
14,7,William Levy,0.0510519981834695,0.7063220708446845,26.5,Safe,Improved,0.6791150580020432,-0.5581476956216532,0.06048368119019498,3.5,3.5
14,7,Jack Wagner,0.1390645776566757,0.7063220708446868,0.0,Safe,Improved,-0.8106517694330593,0.7961052622979957,-0.007273253567531779,7.5,6.5
14,7,Sherri Sheperd,0.1390645776566756,0.7063220708446865,0.0,Safe,Improved,-0.8106517694330593,0.796105262297995,-0.007273253567532112,10.0,9.5
14,7,Jaleel White,0.0,0.9723895776566754,25.5,Eliminated,Improved,0.637317572606544,-0.9255880069457476,-0.14413521716960181,12.0,11.5
14,7,Roshon Fegan,0.0502345594913715,0.7063220708446862,26.0,Safe,Improved,0.6587242498222262,-0.5690354493875301,0.044844400217348035,5.0,9.5
14,7,Melissa Gilbert,0.046147366030881,0.7063220708446862,23.5,Safe,Improved,0.5412988213614612,-0.6205371713390191,-0.03961917498877893,11.0,11.5
14,7,Martina Navratilova,0.1390645776566757,0.7063220708446868,0.0,Safe,Improved,-0.8106517694330593,0.7961052622979957,-0.007273253567531779,7.5,6.5
14,7,Donald Driver,0.0510519981834695,0.7063220708446872,26.5,Safe,Improved,0.6791150580020432,-0.5581476956216532,0.06048368119019498,3.5,3.5
14,7,Gavin DeGraw,0.1390645776566757,0.7063220708446867,0.0,Safe,Improved,-0.8106517694330593,0.7961052622979957,-0.007273253567531779,7.5,6.5
14,7,Gladys Knight,0.1390645776566757,0.706322070844686,0.0,Safe,Improved,-0.8106517694330593,0.7961052622979957,-0.007273253567531779,7.5,6.5
14,7,Katherine Jenkins,0.0518694368755676,0.7063220708446866,27.0,Safe,Improved,0.6985089842148039,-0.5470642804003192,0.07572235190724236,2.0,2.0
14,7,Maria Menounos,0.0543217529518619,0.7063220708446869,28.5,Safe,Improved,0.7509466558785022,-0.512645905873549,0.1191503750024766,1.0,1.0
15,1,Gilles Marini,0.0798859368479621,6.994405055138486e-15,24.0,Safe,Improved,0.8782648636844362,0.8782648636844334,0.8782648636844348,2.0,2.0
15,1,Sabrina Bryan,0.0782584504103491,0.0,22.5,Safe,Improved,0.5487710440703715,0.5487710440703686,0.54877104407037,3.0,3.0
15,1,Kirstie Alley,0.0744609820559187,0.0,19.0,Safe,Improved,-0.8133659361690305,-0.813365936169036,-0.8133659361690333,12.0,12.0
15,1,Kelly Monaco,0.0771734594519404,0.0,21.5,Safe,Improved,0.11510403625208537,0.11510403625207426,0.11510403625207982,7.0,7.0
15,1,Apolo Anton Ohno,0.0777159549311448,2.886579864025407e-15,22.0,Safe,Improved,0.3505921796638589,0.3505921796638746,0.3505921796638668,4.5,4.5
15,1,Emmitt Smith,0.0804284323271665,0.0,24.5,Safe,Improved,0.924425267320678,0.9244252673206803,0.9244252673206792,1.0,1.0
15,1,Shawn Johnson,0.0777159549311448,0.0,22.0,Safe,Improved,0.3505921796638589,0.3505921796638746,0.3505921796638668,4.5,4.5
15,1,Pamela Anderson,0.0722910001391014,0.9077289748226456,17.0,Eliminated,Improved,-0.972633597291262,-0.9726335972912612,-0.9726335972912616,13.0,13.0
15,1,Helio Castroneves,0.0771734594519404,0.0,21.5,Safe,Improved,0.11510403625208537,0.11510403625207426,0.11510403625207982,7.0,7.0
15,1,Joey Fatone,0.0760884684935317,0.0,20.5,Safe,Improved,-0.3673776163185769,-0.36737761631859833,-0.3673776163185876,10.0,10.0
15,1,Drew Lachey,0.0771734594519404,0.0,21.5,Safe,Improved,0.11510403625208537,0.11510403625207426,0.11510403625207982,7.0,7.0
15,1,Bristol Palin,0.0750034775351231,0.0,19.5,Safe,Improved,-0.7096074880057789,-0.7096074880057723,-0.7096074880057757,11.0,11.0
15,1,Melissa Rycroft,0.0766309639727361,1.5987211554602254e-14,21.0,Safe,Improved,-0.13407372324524858,-0.13407372324524425,-0.1340737232452464,9.0,9.0
15,2,Gilles Marini,0.0815635451505016,0.1056724637681159,25.5,Safe,Improved,0.5621314915573855,0.2592610710387776,0.41069628129808156,2.0,2.0
15,2,Sabrina Bryan,0.0821070234113712,0.105672463768116,26.0,Safe,Improved,0.6109425463293761,0.28800469828506214,0.4494736223072191,1.0,1.0
15,2,Kirstie Alley,0.0766722408026756,0.1056724637681157,21.0,Safe,Improved,-0.03436181370888513,-0.014340425926782942,-0.024351119817834034,10.0,12.0
15,2,Kelly Monaco,0.0777591973244147,0.1056724637681164,22.0,Safe,Improved,0.11408562790986959,0.0477683143202969,0.08092697111508325,9.0,10.0
15,2,Apolo Anton Ohno,0.0804765886287625,0.1056724637681161,24.5,Safe,Improved,0.4518194645691747,0.20041987475440612,0.3261196696617904,4.0,4.0
15,2,Emmitt Smith,0.0783026755852843,0.1056724637681166,22.5,Safe,Improved,0.18684343626486774,0.07871457144255788,0.1327790038537128,7.0,8.0
15,2,Shawn Johnson,0.0810200668896321,0.105672463768116,25.0,Safe,Improved,0.5090628578208715,0.23005071479370767,0.36955678630728955,3.0,3.0
15,2,Pamela Anderson,0.1068852842809364,0.105672463768116,0.0,Safe,Improved,-0.9964246992582899,0.9370233384463088,-0.029700680405990554,11.0,7.0
15,2,Helio Castroneves,0.0788461538461538,0.105672463768116,23.0,Safe,Improved,0.25760766482942454,0.10950986336768992,0.18355876409855723,6.0,6.0
15,2,Joey Fatone,0.0252635451505017,0.9277678929765888,22.5,Eliminated,Improved,0.18684343626486774,-0.9945752104615218,-0.403865887098327,13.0,11.0
15,2,Drew Lachey,0.0783026755852842,0.1056724637681156,22.5,Safe,Improved,0.18684343626486774,0.07871457144255234,0.13277900385371005,8.0,9.0
15,2,Bristol Palin,0.0734113712374582,0.1056724637681155,18.0,Safe,Improved,-0.4472480251615906,-0.19812455596113082,-0.3226862905613607,12.0,13.0
15,2,Melissa Rycroft,0.0793896321070234,0.1056724637681146,23.5,Safe,Improved,0.32571238649973727,0.14009635221184125,0.23290436935578926,5.0,5.0
15,3,Gilles Marini,0.0813641394710971,0.207734532374101,25.5,Safe,Improved,0.4052549418767057,0.19000985746619717,0.29763239967145144,5.0,5.0
15,3,Sabrina Bryan,0.0813641394710971,0.2077345323741007,25.5,Safe,Improved,0.4052549418767057,0.19000985746619717,0.29763239967145144,5.0,5.0
15,3,Kirstie Alley,0.0797454344351259,0.2077345323741009,24.0,Safe,Improved,0.2666190216746483,0.12163423010612315,0.1941266258903857,8.5,11.5
15,3,Kelly Monaco,0.0829828445070684,0.2077345323741009,27.0,Safe,Improved,0.5274607685889569,0.2565906434322937,0.39202570601062525,1.0,1.0
15,3,Apolo Anton Ohno,0.0813641394710971,0.2077345323741009,25.5,Safe,Improved,0.4052549418767057,0.19000985746619717,0.29763239967145144,5.0,5.0
15,3,Emmitt Smith,0.0808245711257734,0.2077345323741019,25.0,Safe,Improved,0.36069728981194477,0.1673879349897515,0.26404261240084814,7.0,9.0
15,3,Shawn Johnson,0.0824432761617446,0.2077345323741011,26.5,Safe,Improved,0.4887275982207727,0.23463226722093233,0.3616799327208525,3.0,3.0
15,3,Pamela Anderson,0.093627688573561,0.207734532374101,0.0,Safe,Improved,-0.9773187796431417,0.6190697975624518,-0.17912449104034495,11.5,7.5
15,3,Helio Castroneves,0.001801069868525,0.9379727725511896,25.5,Eliminated,Improved,0.4052549418767057,-0.9970192517792171,-0.2958821549512557,13.0,10.0
15,3,Joey Fatone,0.093627688573561,0.2077345323741009,0.0,Safe,Improved,-0.9773187796431417,0.6190697975624518,-0.17912449104034495,11.5,7.5
15,3,Drew Lachey,0.0797454344351259,0.2077345323741013,24.0,Eliminated,Improved,0.2666190216746483,0.12163423010612315,0.1941266258903857,8.5,11.5
15,3,Bristol Palin,0.0781267293991547,0.2077345323741007,22.5,Safe,Improved,0.11599604731022116,0.052084362997618504,0.08404020515391983,10.0,13.0
15,3,Melissa Rycroft,0.0829828445070683,0.2077345323740996,27.0,Safe,Improved,0.5274607685889569,0.2565906434322898,0.39202570601062336,2.0,2.0
15,4,Gilles Marini,0.0782742612752721,0.4048545878693639,39.5,Safe,Improved,0.6915366420598477,0.052082823883413024,0.37180973297163034,1.5,1.5
15,4,Sabrina Bryan,0.0745417573872472,0.4048545878693623,35.5,Safe,Improved,0.5514371756124047,-0.0916159778403082,0.22991059888604826,6.0,10.0
15,4,Kirstie Alley,0.069409564541213,0.4048545878693629,30.0,Safe,Improved,0.2945803026207539,-0.2820230242511826,0.0062786391847856615,8.0,12.5
15,4,Kelly Monaco,0.0764080093312597,0.4048545878693624,37.5,Safe,Improved,0.6265216186042232,-0.01986918871500479,0.3033262149446092,3.0,3.0
15,4,Apolo Anton Ohno,0.073608631415241,0.4048545878693622,34.5,Safe,Improved,0.5100752315595554,-0.12718203392882868,0.19144659881536336,7.0,11.0
15,4,Emmitt Smith,0.0750083203732503,0.4048545878693623,36.0,Safe,Improved,0.5711651612285014,-0.07373906422933628,0.24871304849958253,5.0,7.0
15,4,Shawn Johnson,0.0782742612752721,0.4048545878693628,39.5,Safe,Improved,0.6915366420598477,0.052082823883413024,0.37180973297163034,1.5,1.5
15,4,Pamela Anderson,0.0996334370139968,0.4048545878693614,0.0,Safe,Improved,-0.89059716481504,0.7045042555352419,-0.09304645463989908,10.5,7.0
15,4,Helio Castroneves,0.0996334370139968,0.4048545878693622,0.0,Safe,Improved,-0.89059716481504,0.7045042555352419,-0.09304645463989908,10.5,7.0
15,4,Joey Fatone,0.0996334370139968,0.4048545878693624,0.0,Safe,Improved,-0.89059716481504,0.7045042555352419,-0.09304645463989908,10.5,7.0
15,4,Drew Lachey,0.0996334370139968,0.4048545878693619,0.0,Safe,Improved,-0.89059716481504,0.7045042555352419,-0.09304645463989908,10.5,7.0
15,4,Bristol Palin,4.163336342344337e-17,0.9457795908601512,32.0,Eliminated,Improved,0.39591883116401905,-0.9947263154643421,-0.2994037421501615,13.0,12.5
15,4,Melissa Rycroft,0.0759414463452566,0.4048545878693614,37.0,Safe,Improved,0.6087060109078037,-0.0378541571663108,0.28542592687074647,4.0,4.0
15,6,Gilles Marini,0.0473053097345132,0.726863716814161,27.5,Safe,Improved,0.6076513031458504,-0.550701494137776,0.02847490450403717,4.5,9.0
15,6,Sabrina Bryan,8.326672684688674e-17,0.9789895166780124,30.0,Eliminated,Improved,0.7061565272714908,-0.9229631770750545,-0.10840332490178184,13.0,6.0
15,6,Kirstie Alley,0.0473053097345132,0.7268637168141594,27.5,Safe,Improved,0.6076513031458504,-0.550701494137776,0.02847490450403717,4.5,9.0
15,6,Kelly Monaco,0.0466415929203538,0.7268637168141598,27.0,Safe,Improved,0.5851982513837004,-0.5602981843381056,0.012450033522797388,6.0,12.0
15,6,Apolo Anton Ohno,0.0506238938053097,0.7268637168141595,30.0,Safe,Improved,0.7061565272714908,-0.5005104908969322,0.10282301818727929,1.0,1.0
15,6,Emmitt Smith,0.0459778761061946,0.726863716814159,26.5,Safe,Improved,0.5618104985841164,-0.5697467689048599,-0.003968135160371755,7.0,13.0
15,6,Shawn Johnson,0.0479690265486725,0.7268637168141592,28.0,Safe,Improved,0.629173293824402,-0.5409569730978098,0.04410816036329612,3.0,3.0
15,6,Pamela Anderson,0.1328433628318583,0.7268637168141596,0.0,Safe,Improved,-0.8372665563850636,0.8240939719526635,-0.0065862922162000515,11.0,9.0
15,6,Helio Castroneves,0.1328433628318583,0.7268637168141594,0.0,Safe,Improved,-0.8372665563850636,0.8240939719526635,-0.0065862922162000515,11.0,9.0
15,6,Joey Fatone,0.1328433628318584,0.726863716814159,0.0,Safe,Improved,-0.8372665563850636,0.8240939719526643,-0.006586292216199663,8.5,4.5
15,6,Drew Lachey,0.1328433628318584,0.7268637168141598,0.0,Safe,Improved,-0.8372665563850636,0.8240939719526643,-0.006586292216199663,8.5,4.5
15,6,Bristol Palin,0.1328433628318583,0.7268637168141596,0.0,Safe,Improved,-0.8372665563850636,0.8240939719526635,-0.0065862922162000515,11.0,9.0
15,6,Melissa Rycroft,0.0499601769911504,0.7268637168141583,29.5,Safe,Improved,0.6882475104477002,-0.510841055227394,0.08870322761015309,2.0,2.0
15,8,Gilles Marini,0.0,0.9931654733475118,29.2777,Eliminated,Improved,0.7361048254286902,-0.8128327477126844,-0.03836396114199714,12.0,8.0
15,8,Sabrina Bryan,0.1470193195013582,0.914675749181794,0.0,Safe,Improved,-0.7759602430953447,0.7757320233408942,-0.00011410987722526578,9.5,10.0
15,8,Kirstie Alley,0.0190569916106893,0.914675749181792,25.5,Eliminated,Improved,0.5959376109677211,-0.6931825185536166,-0.04862245379294772,13.0,12.0
15,8,Kelly Monaco,0.0189123762353382,0.9146757491817932,28.3333,Safe,Improved,0.7054914900570916,-0.6942896976793973,0.0056008961888471265,4.0,10.0
15,8,Apolo Anton Ohno,0.0203341129701612,0.9146757491817944,29.2777,Safe,Improved,0.7361048254286902,-0.6832619149893366,0.02642145521967676,2.0,2.0
15,8,Emmitt Smith,0.0199994538467483,0.914675749181794,29.0554,Safe,Improved,0.7291510211335793,-0.6858864369417762,0.021632292095901562,3.0,5.0
15,8,Shawn Johnson,0.0181596566595108,0.914675749181793,27.8333,Safe,Improved,0.6881254222554543,-0.6999997297240672,-0.005937153734306477,11.0,13.0
15,8,Pamela Anderson,0.1470193195013583,0.9146757491817924,0.0,Safe,Improved,-0.7759602430953447,0.7757320233408949,-0.00011410987722493271,6.5,5.0
15,8,Helio Castroneves,0.1470193195013583,0.9146757491817932,0.0,Safe,Improved,-0.7759602430953447,0.7757320233408949,-0.00011410987722493271,6.5,5.0
15,8,Joey Fatone,0.1470193195013582,0.914675749181792,0.0,Safe,Improved,-0.7759602430953447,0.7757320233408942,-0.00011410987722526578,9.5,10.0
15,8,Drew Lachey,0.1470193195013583,0.914675749181794,0.0,Safe,Improved,-0.7759602430953447,0.7757320233408949,-0.00011410987722493271,6.5,5.0
15,8,Bristol Palin,0.1470193195013583,0.9146757491817932,0.0,Safe,Improved,-0.7759602430953447,0.7757320233408949,-0.00011410987722493271,6.5,5.0
15,8,Melissa Rycroft,0.0214214916694017,0.9146757491817916,30.0,Safe,Improved,0.7576602327872713,-0.6746113202402291,0.04152445627352114,1.0,1.0
16,3,Ingo Rademacher,0.0851418896032163,0.0639298958806739,21.0,Safe,Improved,0.19583074597507408,0.11339147740957509,0.15461111169232458,7.0,8.0
16,3,Zendaya,0.0915246238717002,0.0639298958806739,25.9998,Safe,Improved,0.715596262719172,0.4744438132064243,0.5950200379627981,1.5,1.5
16,3,Dorothy Hamill,0.0998727656557713,0.0639298958806737,0.0,Safe,Improved,-0.9917360025436696,0.7784622308257382,-0.10663688585896569,9.0,6.0
16,3,Victor Ortiz,0.0876950854384432,0.0639298958806741,23.0,Safe,Improved,0.4450185900274292,0.267947250459024,0.3564829202432266,4.5,4.5
16,3,Alexandra Raisman,0.0876950854384432,0.0639298958806738,23.0,Safe,Improved,0.4450185900274292,0.267947250459024,0.3564829202432266,4.5,4.5
16,3,Jacoby Jones,0.0915246238717002,0.0639298958806739,25.9998,Safe,Improved,0.715596262719172,0.4744438132064243,0.5950200379627981,1.5,1.5
16,3,D. L. Hughley,0.0787589000151489,0.0639298958806739,16.0,Safe,Improved,-0.46353310024699973,-0.2803326884820444,-0.37193289436452204,11.0,11.0
16,3,Andy Dick,0.0813120958503759,0.0639298958806742,18.0,Safe,Improved,-0.21816046234913253,-0.12659057303033894,-0.17237551768973575,10.0,10.0
16,3,Wynonna Judd,0.0359428697750975,0.8972548958806741,15.0,Eliminated,Improved,-0.5661517514871462,-0.9948952186574903,-0.7805234850723183,12.0,12.0
16,3,Kellie Pickler,0.0902482812736702,0.0639298958806738,25.0,Safe,Improved,0.6402218073481569,0.4098415053639993,0.5250316563560782,3.0,3.0
16,3,Lisa Vanderpump,0.0851418896032163,0.0639298958806738,21.0,Safe,Improved,0.19583074597507408,0.11339147740957509,0.15461111169232458,7.0,8.0
16,3,Sean Lowe,0.0851418896032163,0.0639298958806733,21.0,Safe,Improved,0.19583074597507408,0.11339147740957509,0.15461111169232458,7.0,8.0
16,4,Ingo Rademacher,0.0891369047619047,0.1610142857142855,23.0,Safe,Improved,0.4382799447479785,0.25159000467919485,0.3449349747135867,5.0,5.0
16,4,Zendaya,0.0931547619047619,0.161014285714286,26.0,Safe,Improved,0.6615435870991108,0.40958165572890315,0.535562621414007,2.5,2.5
16,4,Dorothy Hamill,0.0931880952380952,0.1610142857142856,0.0,Safe,Improved,-0.9657549813464338,0.410809911363554,-0.27747253499143987,10.5,6.5
16,4,Victor Ortiz,0.0824404761904761,0.1610142857142865,18.0,Safe,Improved,-0.07219721064211072,-0.03953469671289617,-0.055865953677503445,9.0,11.0
16,4,Alexandra Raisman,0.0944940476190476,0.1610142857142861,27.0,Safe,Improved,0.7182583949710722,0.4577344109981674,0.5879964029846199,1.0,1.0
16,4,Jacoby Jones,0.0904761904761904,0.1610142857142863,24.0,Safe,Improved,0.5216357551263355,0.3062866855716234,0.4139612203489795,4.0,4.0
16,4,D. L. Hughley,0.0864583333333333,0.1610142857142859,21.0,Safe,Improved,0.2478592644615341,0.1375658272310596,0.19271254584629685,6.5,8.5
16,4,Andy Dick,0.0864583333333333,0.1610142857142859,21.0,Safe,Improved,0.2478592644615341,0.1375658272310596,0.19271254584629685,6.5,8.5
16,4,Wynonna Judd,0.0931880952380952,0.1610142857142857,0.0,Safe,Improved,-0.9657549813464338,0.410809911363554,-0.27747253499143987,10.5,6.5
16,4,Kellie Pickler,0.0931547619047619,0.161014285714286,26.0,Safe,Improved,0.6615435870991108,0.40958165572890315,0.535562621414007,2.5,2.5
16,4,Lisa Vanderpump,0.0127309523809523,0.9137821428571428,18.0,Eliminated,Improved,-0.07219721064211072,-0.9961681862650724,-0.5341826984535916,12.0,12.0
16,4,Sean Lowe,0.0851190476190476,0.1610142857142851,20.0,Safe,Improved,0.14364567720919716,0.07894600143783165,0.1112958393235144,8.0,10.0
16,5,Ingo Rademacher,0.0884768740080404,0.2587732057416274,21.0,Safe,Improved,0.31405332014094056,0.19043489569311065,0.2522441079170256,6.5,6.5
16,5,Zendaya,0.0999601275965571,0.2587732057416269,29.0,Safe,Improved,0.7820774103849231,0.5533519040137941,0.6677146571993586,1.0,1.0
16,5,Dorothy Hamill,0.0863487639456416,0.2587732057416265,0.0,Safe,Improved,-0.9185746903779823,0.11254449784990143,-0.4030150962640405,10.0,10.0
16,5,Victor Ortiz,0.0884768740080404,0.2587732057416266,21.0,Safe,Improved,0.31405332014094056,0.19043489569311065,0.2522441079170256,6.5,6.5
16,5,Alexandra Raisman,0.0942185008022988,0.2587732057416263,25.0,Safe,Improved,0.5966098180608023,0.3867681133787209,0.4916889657197616,4.0,4.0
16,5,Jacoby Jones,0.0956539075008633,0.2587732057416269,26.0,Safe,Improved,0.651887720921587,0.4315464209818334,0.5417170709517102,3.0,3.0
16,5,D. L. Hughley,0.000124362031766,0.9195494019138756,18.0,Eliminated,Improved,0.05286350133102959,-0.9960986182520847,-0.47161755846052755,12.0,12.0
16,5,Andy Dick,0.0841706539123466,0.258773205741627,18.0,Safe,Improved,0.05286350133102959,0.031373856839060535,0.04211867908504506,8.0,8.0
16,5,Wynonna Judd,0.0863487639456416,0.2587732057416274,0.0,Safe,Improved,-0.9185746903779823,0.11254449784990143,-0.4030150962640405,10.0,10.0
16,5,Kellie Pickler,0.097089314199428,0.2587732057416272,27.0,Safe,Improved,0.7010092325601708,0.4742945160000614,0.5876518742801161,2.0,2.0
16,5,Lisa Vanderpump,0.0863487639456416,0.2587732057416261,0.0,Safe,Improved,-0.9185746903779823,0.11254449784990143,-0.4030150962640405,10.0,10.0
16,5,Sean Lowe,0.0927830941037342,0.2587732057416262,24.0,Safe,Improved,0.5350249271652009,0.3400885226374915,0.43755672490134623,5.0,5.0
16,6,Ingo Rademacher,0.0804657824933686,0.4248031830238727,23.0,Safe,Improved,0.551232919585809,-0.0993109818828678,0.2259609688514706,4.5,6.5
16,6,Zendaya,0.0844445623342174,0.4248031830238715,25.5,Safe,Improved,0.6819625662691889,0.038592940446992574,0.36027775335809076,3.0,3.0
16,6,Dorothy Hamill,0.1062007957559681,0.4248031830238726,0.0,Safe,Improved,-0.8707037175552866,0.6609961894312044,-0.10485376406204111,9.5,6.5
16,6,Victor Ortiz,0.0,0.939525795755968,20.0,Eliminated,Improved,0.3496131444133136,-0.9939099908918791,-0.3221484232392828,12.0,12.0
16,6,Alexandra Raisman,0.0852403183023872,0.4248031830238724,26.0,Safe,Improved,0.7040561016233181,0.06616561544617894,0.3851108585347485,2.0,2.0
16,6,Jacoby Jones,0.0796700265251989,0.4248031830238724,22.5,Safe,Improved,0.5209378496652575,-0.12660667394748787,0.1971655878588848,6.0,10.0
16,6,D. L. Hughley,0.1062007957559681,0.424803183023873,0.0,Safe,Improved,-0.8707037175552866,0.6609961894312044,-0.10485376406204111,9.5,6.5
16,6,Andy Dick,0.0780785145888594,0.4248031830238732,21.5,Safe,Improved,0.45625922028501,-0.18058789891219787,0.13783566068640607,7.0,11.0
16,6,Wynonna Judd,0.1062007957559681,0.4248031830238731,0.0,Safe,Improved,-0.8707037175552866,0.6609961894312044,-0.10485376406204111,9.5,6.5
16,6,Kellie Pickler,0.0868318302387267,0.4248031830238726,27.0,Safe,Improved,0.7444318735356127,0.12096775579745006,0.4326998146665314,1.0,1.0
16,6,Lisa Vanderpump,0.1062007957559681,0.4248031830238729,0.0,Safe,Improved,-0.8707037175552866,0.6609961894312044,-0.10485376406204111,9.5,6.5
16,6,Sean Lowe,0.0804657824933686,0.4248031830238733,23.0,Safe,Improved,0.551232919585809,-0.0993109818828678,0.2259609688514706,4.5,6.5
16,7,Ingo Rademacher,0.0849710144927535,0.4624565217391301,25.0,Safe,Improved,0.5976035689618718,0.06172689978395329,0.32966523437291256,5.0,7.5
16,7,Zendaya,0.093123188405797,0.4624565217391312,30.0,Safe,Improved,0.7802475844905878,0.3535240884074152,0.5668858364490015,2.0,2.0
16,7,Dorothy Hamill,0.0924913043478261,0.4624565217391313,0.0,Safe,Improved,-0.7981697073161925,0.33248401858429416,-0.23284284436594918,9.0,7.5
16,7,Victor Ortiz,0.0924913043478261,0.462456521739131,0.0,Safe,Improved,-0.7981697073161925,0.33248401858429416,-0.23284284436594918,9.0,7.5
16,7,Alexandra Raisman,0.0963840579710144,0.4624565217391306,32.0,Safe,Improved,0.8301565673477063,0.4562217464408524,0.6431891568942794,1.0,1.0
16,7,Jacoby Jones,0.0882318840579709,0.46245652173913,27.0,Safe,Improved,0.6815741095712436,0.18279180076169863,0.43218295516647115,4.0,4.0
16,7,D. L. Hughley,0.0924913043478261,0.462456521739131,0.0,Safe,Improved,-0.7981697073161925,0.33248401858429416,-0.23284284436594918,9.0,7.5
16,7,Andy Dick,0.0,0.9264743083003948,17.0,Eliminated,Improved,0.1183073383566145,-0.9962971182079889,-0.43899488992568725,12.0,12.0
16,7,Wynonna Judd,0.0924913043478261,0.4624565217391305,0.0,Safe,Improved,-0.7981697073161925,0.33248401858429416,-0.23284284436594918,9.0,7.5
16,7,Kellie Pickler,0.0914927536231883,0.4624565217391309,29.0,Safe,Improved,0.7507557324978441,0.2985559434950056,0.5246558379964248,3.0,3.0
16,7,Lisa Vanderpump,0.0924913043478261,0.4624565217391305,0.0,Safe,Improved,-0.7981697073161925,0.33248401858429416,-0.23284284436594918,9.0,7.5
16,7,Sean Lowe,0.0833405797101448,0.4624565217391306,24.0,Safe,Improved,0.549798688092633,0.00027347555506733586,0.27503608182385014,6.0,11.0
16,8,Ingo Rademacher,0.0322272668810289,0.8108893890675263,24.0,Safe,Improved,0.6679372353291206,-0.728978894995871,-0.030520829833375174,11.0,11.0
16,8,Zendaya,0.0418735691318327,0.8108893890675238,29.0,Safe,Improved,0.8250552706235412,-0.6361375730241078,0.09445884879971672,1.0,1.0
16,8,Dorothy Hamill,0.1351482315112541,0.8108893890675261,0.0,Safe,Improved,-0.7384646768714409,0.7349445296041068,-0.0017600736336670364,5.5,3.5
16,8,Victor Ortiz,0.1351482315112541,0.8108893890675232,0.0,Safe,Improved,-0.7384646768714409,0.7349445296041068,-0.0017600736336670364,5.5,3.5
16,8,Alexandra Raisman,0.039944308681672,0.8108893890675238,28.0,Safe,Improved,0.8002690434454488,-0.656499149799653,0.07188494682289792,2.0,2.0
16,8,Jacoby Jones,0.0360857877813504,0.8108893890675246,26.0,Safe,Improved,0.741221473179488,-0.6944968007724154,0.023362336203536338,4.0,8.0
16,8,D. L. Hughley,0.135148231511254,0.8108893890675244,0.0,Safe,Improved,-0.7384646768714409,0.734944529604106,-0.0017600736336674805,7.5,6.5
16,8,Andy Dick,0.1351482315112539,0.810889389067524,0.0,Safe,Improved,-0.7384646768714409,0.7349445296041052,-0.001760073633667869,9.5,9.5
16,8,Wynonna Judd,0.1351482315112539,0.8108893890675233,0.0,Safe,Improved,-0.7384646768714409,0.7349445296041052,-0.001760073633667869,9.5,9.5
16,8,Kellie Pickler,0.0389796784565916,0.8108893890675244,27.5,Safe,Improved,0.7867393476933108,-0.6663363669371127,0.06020149037809902,3.0,5.0
16,8,Lisa Vanderpump,0.135148231511254,0.8108893890675246,0.0,Safe,Improved,-0.7384646768714409,0.734944529604106,-0.0017600736336674805,7.5,6.5
16,8,Sean Lowe,0.0,0.97396209807074,21.0,Eliminated,Improved,0.5282729488053132,-0.9070844565680827,-0.18940575388138475,12.0,12.0
17,2,Valerie Harper,0.0797619047619047,0.0038593984962378,19.0,Safe,Improved,-0.7785270686115251,-0.7679149217746774,-0.7732209951931013,10.0,10.0
17,2,Brant Daugherty,0.0842731829573934,0.0038593984962408,23.0,Safe,Improved,0.2674455796020617,0.2609846635204342,0.26421512156124793,7.0,7.0
17,2,Elizabeth Berkley Lauren,0.0865288220551378,0.0038593984962409,25.0,Safe,Improved,0.7315138349681498,0.7203442469424447,0.7259290409552972,2.5,2.5
17,2,Leah Remini,0.0854010025062656,0.0038593984962407,24.0,Safe,Improved,0.5392115598813026,0.5282844301036801,0.5337479949924914,5.0,5.0
17,2,Corbin Bleu,0.08765664160401,0.0038593984962408,26.0,Safe,Improved,0.8513144311062077,0.8422767739768966,0.8467956025415522,1.0,1.0
17,2,Amber Riley,0.0854010025062656,0.0038593984962409,24.0,Safe,Improved,0.5392115598813026,0.5282844301036801,0.5337479949924914,5.0,5.0
17,2,Keyshawn Johnson,0.0761404761904761,0.9010941729323309,18.0,Eliminated,Improved,-0.8788181421518412,-0.9670510225188346,-0.9229345823353379,12.0,12.0
17,2,Bill Engvall,0.0820175438596491,0.0038593984962438,21.0,Safe,Improved,-0.36596386302005135,-0.3575122389710008,-0.3617380509955261,8.0,8.0
17,2,Christina Milian,0.0865288220551378,0.0038593984962408,25.0,Safe,Improved,0.7315138349681498,0.7203442469424447,0.7259290409552972,2.5,2.5
17,2,"Nicole ""Snooki"" Polizzi",0.0808897243107769,0.0038593984962459,20.0,Safe,Improved,-0.612359339109859,-0.6009471060413698,-0.6066532225756144,9.0,9.0
17,2,Jack Osbourne,0.0854010025062656,0.0038593984962402,24.0,Safe,Improved,0.5392115598813026,0.5282844301036801,0.5337479949924914,5.0,5.0
17,2,Bill Nye,0.0799998746867167,0.00385939849624,17.0,Safe,Improved,-0.9353447368390115,-0.7386854741861748,-0.8370151055125932,11.0,11.0
17,3,Valerie Harper,0.0771568627438853,0.0629450980392158,16.0,Safe,Improved,-0.5981786464766499,-0.3763795522543446,-0.48727909936549724,11.0,11.0
17,3,Brant Daugherty,0.0900980392144736,0.0629450980392157,27.0,Safe,Improved,0.6387442013514901,0.40827008067185866,0.5235071410116744,1.0,1.0
17,3,Elizabeth Berkley Lauren,0.087745098038003,0.0629450980392156,25.0,Safe,Improved,0.456654265101807,0.27543841581928397,0.3660463404605455,4.5,4.5
17,3,Leah Remini,0.0865686274497677,0.0629450980392154,24.0,Safe,Improved,0.34661284779134865,0.20442107067148868,0.27551695923141867,7.0,8.0
17,3,Corbin Bleu,0.0889215686262383,0.0629450980392158,26.0,Safe,Improved,0.5542968646867242,0.3435714513307186,0.4489341580087214,2.5,2.5
17,3,Amber Riley,0.0865686274497677,0.0629450980392156,24.0,Safe,Improved,0.34661284779134865,0.20442107067148868,0.27551695923141867,7.0,8.0
17,3,Keyshawn Johnson,0.0991676470648868,0.0629450980392151,0.0,Safe,Improved,-0.9925443290684817,0.7677328981722346,-0.11240571544812356,10.0,6.0
17,3,Bill Engvall,0.0865686274497677,0.0629450980392155,24.0,Safe,Improved,0.34661284779134865,0.20442107067148868,0.27551695923141867,7.0,8.0
17,3,Christina Milian,0.0889215686262383,0.0629450980392155,26.0,Safe,Improved,0.5542968646867242,0.3435714513307186,0.4489341580087214,2.5,2.5
17,3,"Nicole ""Snooki"" Polizzi",0.087745098038003,0.0629450980392158,25.0,Safe,Improved,0.456654265101807,0.27543841581928397,0.3660463404605455,4.5,4.5
17,3,Jack Osbourne,0.0842156862732971,0.062945098039216,22.0,Safe,Improved,0.09829672836531018,0.05648765270371099,0.07739219053451059,9.0,10.0
17,3,Bill Nye,0.0363225490256711,0.8961700980392158,16.0,Eliminated,Improved,-0.5981786464766499,-0.9951795073254618,-0.7966790769010559,12.0,12.0
17,4,Valerie Harper,0.0152286919831223,0.909374367088608,18.0,Eliminated,Improved,-0.1800827449690662,-0.9963430807039055,-0.5882129128364859,12.0,12.0
17,4,Brant Daugherty,0.084915611814346,0.1520987341772148,21.0,Safe,Improved,0.12932048743520771,0.0730820513249468,0.10120126938007726,8.5,10.5
17,4,Elizabeth Berkley Lauren,0.0925105485232067,0.1520987341772153,27.0,Safe,Improved,0.6376969242738434,0.4008262626512842,0.5192615934625637,2.0,2.0
17,4,Leah Remini,0.0887130801687763,0.1520987341772151,24.0,Safe,Improved,0.41543792981620287,0.24390578508431618,0.3296718574502595,5.5,5.5
17,4,Corbin Bleu,0.0925105485232067,0.1520987341772148,27.0,Safe,Improved,0.6376969242738434,0.4008262626512842,0.5192615934625637,2.0,2.0
17,4,Amber Riley,0.0925105485232067,0.1520987341772149,27.0,Safe,Improved,0.6376969242738434,0.4008262626512842,0.5192615934625637,2.0,2.0
17,4,Keyshawn Johnson,0.0912780590717299,0.1520987341772147,0.0,Safe,Improved,-0.9676995583083989,0.35189527113814784,-0.3079021435851256,10.5,8.5
17,4,Bill Engvall,0.084915611814346,0.1520987341772151,21.0,Safe,Improved,0.12932048743520771,0.0730820513249468,0.10120126938007726,8.5,10.5
17,4,Christina Milian,0.0887130801687763,0.1520987341772152,24.0,Safe,Improved,0.41543792981620287,0.24390578508431618,0.3296718574502595,5.5,5.5
17,4,"Nicole ""Snooki"" Polizzi",0.0887130801687763,0.1520987341772151,24.0,Safe,Improved,0.41543792981620287,0.24390578508431618,0.3296718574502595,5.5,5.5
17,4,Jack Osbourne,0.0887130801687763,0.1520987341772151,24.0,Safe,Improved,0.41543792981620287,0.24390578508431618,0.3296718574502595,5.5,5.5
17,4,Bill Nye,0.0912780590717299,0.1520987341772139,0.0,Safe,Improved,-0.9676995583083989,0.35189527113814784,-0.3079021435851256,10.5,8.5
17,5,Valerie Harper,0.1192489361702127,0.4308872340425507,0.0,Safe,Improved,-0.927732784166455,0.8141613928886173,-0.05678569563891883,10.0,6.0
17,5,Brant Daugherty,0.0817178191489361,0.430887234042553,27.0,Safe,Improved,0.5523887820289456,-0.05119961965259568,0.25059458118817496,3.0,3.0
17,5,Elizabeth Berkley Lauren,0.0804412234042553,0.4308872340425526,26.0,Safe,Improved,0.4914518204124027,-0.0914818065720035,0.1999850069201996,5.5,9.5
17,5,Leah Remini,0.0753348404255319,0.4308872340425538,22.0,Safe,Improved,0.1998853057525778,-0.2484064745739076,-0.024260584410664907,8.0,12.0
17,5,Corbin Bleu,0.082994414893617,0.4308872340425528,28.0,Safe,Improved,0.6079433669305817,-0.010750145574499496,0.2985966106780411,1.0,1.0
17,5,Amber Riley,0.0804412234042553,0.430887234042553,26.0,Safe,Improved,0.4914518204124027,-0.0914818065720035,0.1999850069201996,5.5,9.5
17,5,Keyshawn Johnson,0.1192489361702127,0.4308872340425536,0.0,Safe,Improved,-0.927732784166455,0.8141613928886173,-0.05678569563891883,10.0,6.0
17,5,Bill Engvall,0.0778880319148936,0.430887234042554,24.0,Safe,Improved,0.3542478626049588,-0.1710285694850727,0.09160964655994304,7.0,11.0
17,5,Christina Milian,5.551115123125783e-17,0.9525739361702128,28.0,Eliminated,Improved,0.6079433669305817,-0.9899340618824017,-0.19099534747591002,12.0,8.0
17,5,"Nicole ""Snooki"" Polizzi",0.0817178191489361,0.4308872340425536,27.0,Safe,Improved,0.5523887820289456,-0.05119961965259568,0.25059458118817496,3.0,3.0
17,5,Jack Osbourne,0.0817178191489361,0.430887234042554,27.0,Safe,Improved,0.5523887820289456,-0.05119961965259568,0.25059458118817496,3.0,3.0
17,5,Bill Nye,0.1192489361702127,0.4308872340425528,0.0,Safe,Improved,-0.927732784166455,0.8141613928886173,-0.05678569563891883,10.0,6.0
17,7,Valerie Harper,0.1219961625282167,0.4995713318284405,0.0,Safe,Improved,-0.8736415057083369,0.7991622655047217,-0.03723962010180759,9.0,6.0
17,7,Brant Daugherty,0.0741124798452112,0.4995713318284427,28.5,Safe,Improved,0.6251877663048174,-0.2556592141349993,0.18476427608490906,3.5,3.5
17,7,Elizabeth Berkley Lauren,0.0720808771364076,0.4995713318284426,27.0,Safe,Improved,0.5538457323273952,-0.3086611217441442,0.12259230529162551,5.0,8.5
17,7,Leah Remini,0.071403676233473,0.4995713318284424,26.5,Safe,Improved,0.5280159248177143,-0.3259293531074431,0.10104328585513561,6.0,10.0
17,7,Corbin Bleu,0.0754668816510802,0.4995713318284428,29.5,Safe,Improved,0.6676660722280032,-0.21942720871047558,0.2241194317587638,1.5,1.5
17,7,Amber Riley,0.0754668816510802,0.4995713318284432,29.5,Safe,Improved,0.6676660722280032,-0.21942720871047558,0.2241194317587638,1.5,1.5
17,7,Keyshawn Johnson,0.1219961625282166,0.4995713318284428,0.0,Safe,Improved,-0.8736415057083369,0.7991622655047208,-0.037239620101808035,11.0,8.5
17,7,Bill Engvall,0.0693720735246694,0.499571331828442,25.0,Safe,Improved,0.4445001041104835,-0.37641251066956993,0.03404379672045679,7.0,12.0
17,7,Christina Milian,0.1219961625282167,0.4995713318284425,0.0,Safe,Improved,-0.8736415057083369,0.7991622655047217,-0.03723962010180759,9.0,6.0
17,7,"Nicole ""Snooki"" Polizzi",0.0,0.9553211625282164,27.0,Eliminated,Improved,0.5538457323273952,-0.9824294661273654,-0.21429186689998508,12.0,11.0
17,7,Jack Osbourne,0.0741124798452112,0.4995713318284429,28.5,Safe,Improved,0.6251877663048174,-0.2556592141349993,0.18476427608490906,3.5,3.5
17,7,Bill Nye,0.1219961625282167,0.4995713318284429,0.0,Safe,Improved,-0.8736415057083369,0.7991622655047217,-0.03723962010180759,9.0,6.0
17,8,Valerie Harper,0.1407250000000001,0.7298666666666656,0.0,Safe,Improved,-0.8092127775410514,0.7974966133669532,-0.005858082087049077,5.5,3.5
17,8,Brant Daugherty,5.551115123125783e-17,0.97405,27.0,Eliminated,Improved,0.6488220171167107,-0.9194032740553096,-0.13529062846929946,12.0,11.0
17,8,Elizabeth Berkley Lauren,0.0454895833333333,0.7298666666666673,25.0,Safe,Improved,0.5598870088107847,-0.6168218800631481,-0.028467435626181703,10.0,10.0
17,8,Leah Remini,0.0501770833333333,0.729866666666666,28.0,Safe,Improved,0.6876890799657372,-0.5585298090149221,0.06457963547540757,3.5,5.5
17,8,Corbin Bleu,0.0533020833333333,0.7298666666666659,30.0,Safe,Improved,0.7548572872133446,-0.5162770742400864,0.11929010648662908,1.5,1.5
17,8,Amber Riley,0.0501770833333333,0.729866666666666,28.0,Safe,Improved,0.6876890799657372,-0.5585298090149221,0.06457963547540757,3.5,5.5
17,8,Keyshawn Johnson,0.140725,0.7298666666666664,0.0,Safe,Improved,-0.8092127775410514,0.7974966133669524,-0.005858082087049465,7.0,7.0
17,8,Bill Engvall,0.0439270833333333,0.7298666666666669,24.0,Safe,Improved,0.5097352958155966,-0.6348986463538837,-0.06258167526914354,11.0,12.0
17,8,Christina Milian,0.1407249999999998,0.7298666666666664,0.0,Safe,Improved,-0.8092127775410514,0.7974966133669511,-0.0058580820870501316,8.0,8.0
17,8,"Nicole ""Snooki"" Polizzi",0.1407249999999997,0.7298666666666667,0.0,Safe,Improved,-0.8092127775410514,0.7974966133669504,-0.005858082087050465,9.0,9.0
17,8,Jack Osbourne,0.0533020833333333,0.7298666666666672,30.0,Safe,Improved,0.7548572872133446,-0.5162770742400864,0.11929010648662908,1.5,1.5
17,8,Bill Nye,0.1407250000000001,0.7298666666666671,0.0,Safe,Improved,-0.8092127775410514,0.7974966133669532,-0.005858082087049077,5.5,3.5
18,2,Billy Dee Williams,0.076775956284153,0.1111557377049172,15.0,Safe,Improved,-0.6423360079989642,-0.3237724035049839,-0.483054205751974,12.0,12.0
18,2,Danica McKellar,0.0878415300546448,0.1111557377049183,24.0,Safe,Improved,0.4807594589469232,0.2268828601653548,0.353821159556139,4.5,4.5
18,2,James Maslow,0.0890710382513661,0.1111557377049184,25.0,Safe,Improved,0.582919121616812,0.28569617793393953,0.4343076497753758,2.0,2.0
18,2,Candace Cameron Bure,0.0841530054644808,0.1111557377049176,21.0,Safe,Improved,0.09498038721810657,0.041957298239718055,0.06846884272891232,8.0,9.0
18,2,Sean Avery,0.0281603825136611,0.919490573770492,21.0,Eliminated,Improved,0.09498038721810657,-0.9930014454016084,-0.44901052909175093,11.0,11.0
18,2,Diana Nyad,0.1143259562841529,0.1111557377049186,0.0,Eliminated,Improved,-0.9940309223059084,0.9197465459638492,-0.0371421881710296,10.0,6.5
18,2,Charlie White,0.0890710382513661,0.1111557377049181,25.0,Safe,Improved,0.582919121616812,0.28569617793393953,0.4343076497753758,2.0,2.0
18,2,Amy Purdy,0.0878415300546448,0.1111557377049181,24.0,Safe,Improved,0.4807594589469232,0.2268828601653548,0.353821159556139,4.5,4.5
18,2,Meryl Davis,0.0890710382513661,0.111155737704918,25.0,Safe,Improved,0.582919121616812,0.28569617793393953,0.4343076497753758,2.0,2.0
18,2,Drew Carey,0.0841530054644808,0.1111557377049179,21.0,Safe,Improved,0.09498038721810657,0.041957298239718055,0.06846884272891232,8.0,9.0
18,2,Cody Simpson,0.0853825136612021,0.111155737704918,22.0,Safe,Improved,0.23376545000744134,0.10457117551497565,0.1691683127612085,6.0,6.5
18,2,NeNe Leakes,0.0841530054644808,0.1111557377049173,21.0,Safe,Improved,0.09498038721810657,0.041957298239718055,0.06846884272891232,8.0,9.0
18,5,Billy Dee Williams,0.1056900621118012,0.3358037267080743,0.0,Safe,Improved,-0.926270498409908,0.6649203686911543,-0.13067506485937685,10.0,6.0
18,5,Danica McKellar,0.0881612577639751,0.3358037267080748,39.0,Safe,Improved,0.6289846623129651,0.17139280830041034,0.40018873530668775,2.0,2.0
18,5,James Maslow,0.0890929347826086,0.3358037267080753,40.0,Safe,Improved,0.6643354692749062,0.20361955628887662,0.4339775127818914,1.0,1.0
18,5,Candace Cameron Bure,0.0844345496894409,0.3358037267080742,35.0,Safe,Improved,0.4593870036518531,0.039462705377473706,0.2494248545146634,7.0,10.0
18,5,Sean Avery,0.1056900621118012,0.3358037267080747,0.0,Safe,Improved,-0.926270498409908,0.6649203686911543,-0.13067506485937685,10.0,6.0
18,5,Diana Nyad,0.1056900621118012,0.3358037267080744,0.0,Safe,Improved,-0.926270498409908,0.6649203686911543,-0.13067506485937685,10.0,6.0
18,5,Charlie White,0.086297903726708,0.3358037267080743,37.0,Safe,Improved,0.5498276291239452,0.10589374395248922,0.3278606865382172,3.5,3.5
18,5,Amy Purdy,0.086297903726708,0.3358037267080745,37.0,Safe,Improved,0.5498276291239452,0.10589374395248922,0.3278606865382172,3.5,3.5
18,5,Meryl Davis,0.0853662267080745,0.335803726708075,36.0,Safe,Improved,0.5059967917277604,0.07275892419403474,0.28937785796089754,5.5,8.5
18,5,Drew Carey,0.0779128105590061,0.3358037267080744,28.0,Safe,Improved,0.07081470565766304,-0.19193788264773734,-0.06056158849503715,8.0,11.5
18,5,Cody Simpson,0.0,0.9390150621118012,34.0,Eliminated,Improved,0.41010209847577633,-0.9949334037391997,-0.29241565263171165,12.0,11.5
18,5,NeNe Leakes,0.0853662267080745,0.335803726708075,36.0,Safe,Improved,0.5059967917277604,0.07275892419403474,0.28937785796089754,5.5,8.5
18,6,Billy Dee Williams,0.1135751773049645,0.4544007092198571,0.0,Safe,Improved,-0.872249625644722,0.7454486630205978,-0.0634004813120621,9.5,6.5
18,6,Danica McKellar,0.0782609929078014,0.4544007092198583,36.0,Safe,Improved,0.6132085154784688,-0.16006981710965915,0.2265693491844048,3.5,3.5
18,6,James Maslow,0.0771971631205673,0.4544007092198587,35.0,Safe,Improved,0.5763123809937846,-0.19287472374476142,0.19171882862451156,5.0,9.0
18,6,Candace Cameron Bure,0.0740056737588652,0.4544007092198586,32.0,Safe,Improved,0.4506791163392719,-0.28848228480275817,0.08109841576825685,7.0,11.0
18,6,Sean Avery,0.1135751773049645,0.4544007092198587,0.0,Safe,Improved,-0.872249625644722,0.7454486630205978,-0.0634004813120621,9.5,6.5
18,6,Diana Nyad,0.1135751773049645,0.4544007092198576,0.0,Safe,Improved,-0.872249625644722,0.7454486630205978,-0.0634004813120621,9.5,6.5
18,6,Charlie White,0.0782609929078014,0.4544007092198586,36.0,Safe,Improved,0.6132085154784688,-0.16006981710965915,0.2265693491844048,3.5,3.5
18,6,Amy Purdy,0.0803886524822695,0.4544007092198588,38.0,Safe,Improved,0.6795593666590299,-0.09345898766344678,0.2930501894977916,2.0,2.0
18,6,Meryl Davis,0.0825163120567376,0.4544007092198586,40.0,Safe,Improved,0.7363881867419849,-0.02600085220569707,0.35519366726814394,1.0,1.0
18,6,Drew Carey,0.0,0.9469001773049648,32.0,Eliminated,Improved,0.4506791163392719,-0.9901175548065245,-0.2697192192336263,12.0,12.0
18,6,Cody Simpson,0.1135751773049645,0.4544007092198585,0.0,Safe,Improved,-0.872249625644722,0.7454486630205978,-0.0634004813120621,9.5,6.5
18,6,NeNe Leakes,0.0750695035460993,0.4544007092198584,33.0,Safe,Improved,0.49501088458147174,-0.2571433486180312,0.11893376798172028,6.0,10.0
18,7,Billy Dee Williams,0.1305347826086955,0.652673913043478,0.0,Safe,Improved,-0.8108596693743055,0.7840625304594394,-0.013398569457433063,9.0,6.5
18,7,Danica McKellar,0.0570971673254282,0.652673913043478,36.0,Safe,Improved,0.663564872257946,-0.5276378400650774,0.0679635160964343,4.0,6.5
18,7,James Maslow,0.0559113965744401,0.6526739130434794,35.0,Safe,Improved,0.6325056234096732,-0.5465089972142709,0.042998313097701135,6.0,11.0
18,7,Candace Cameron Bure,0.0582829380764163,0.6526739130434782,37.0,Safe,Improved,0.6924935691648324,-0.5082311065604083,0.09213123130221207,3.0,3.0
18,7,Sean Avery,0.1305347826086955,0.6526739130434783,0.0,Safe,Improved,-0.8108596693743055,0.7840625304594394,-0.013398569457433063,9.0,6.5
18,7,Diana Nyad,0.1305347826086955,0.6526739130434787,0.0,Safe,Improved,-0.8108596693743055,0.7840625304594394,-0.013398569457433063,9.0,6.5
18,7,Charlie White,0.0565042819499341,0.6526739130434781,35.5,Safe,Improved,0.6483048766888305,-0.5371406296426792,0.05558212352307568,5.0,10.0
18,7,Amy Purdy,0.0588758234519104,0.6526739130434784,37.5,Safe,Improved,0.7061780038537027,-0.49832849512621663,0.10392475436374302,2.0,2.0
18,7,Meryl Davis,0.0606544795783926,0.6526739130434789,39.0,Safe,Improved,0.7442235863269333,-0.46783407548034217,0.13819475542329557,1.0,1.0
18,7,Drew Carey,0.1305347826086955,0.6526739130434782,0.0,Safe,Improved,-0.8108596693743055,0.7840625304594394,-0.013398569457433063,9.0,6.5
18,7,Cody Simpson,0.1305347826086955,0.6526739130434783,0.0,Safe,Improved,-0.8108596693743055,0.7840625304594394,-0.013398569457433063,9.0,6.5
18,7,NeNe Leakes,6.938893903907227e-17,0.9638597826086956,33.0,Eliminated,Improved,0.5638311013576873,-0.9530515395121858,-0.19461021907724924,12.0,12.0
19,1,Antonio Sabato Jr.,0.0740074441687344,0.0054763440860214,25.0,Safe,Improved,-0.6498884787299468,-0.6325288929372651,-0.6412086858336059,10.5,10.5
19,1,Jonathan Bennett,0.0780397022332506,0.0054763440860217,30.0,Safe,Improved,0.28842634019888563,0.2780401498563242,0.28323324502760494,6.0,6.0
19,1,Lea Thompson,0.079652605459057,0.0054763440860217,32.0,Safe,Improved,0.6203850348571304,0.6031143487411629,0.6117496917991466,3.5,3.5
19,1,Janel Parrish,0.0772332506203474,0.0054763440860228,29.0,Safe,Improved,0.08227166510669422,0.07915538031397294,0.08071352271033358,7.5,7.5
19,1,Alfonso Ribeiro,0.0828784119106699,0.0054763440860217,36.0,Safe,Improved,0.9190993118089823,0.9092137362987052,0.9141565240538437,1.0,1.0
19,1,Lolo Jones,0.0680434656741108,0.9053859387923906,22.0,Eliminated,Improved,-0.8892392178752846,-0.9789120453437323,-0.9340756316095085,13.0,12.5
19,1,Randy Couture,0.0788461538461538,0.0054763440860217,31.0,Safe,Improved,0.4709106879339435,0.45563772071292835,0.4632742043234359,5.0,5.0
19,1,Tommy Chong,0.0756203473945409,0.0054763440860143,27.0,Safe,Improved,-0.33311126807954294,-0.3213479465129605,-0.3272296072962517,9.0,9.0
19,1,Betsey Johnson,0.0735198097601323,0.0054763440860213,20.0,Safe,Improved,-0.951468311927704,-0.7015387743030025,-0.8265035431153532,12.0,12.5
19,1,Michael Waltrip,0.0740074441687344,0.0054763440860253,25.0,Safe,Improved,-0.6498884787299468,-0.6325288929372651,-0.6412086858336059,10.5,10.5
19,1,Tavis Smiley,0.0772332506203474,0.0054763440860203,29.0,Safe,Improved,0.08227166510669422,0.07915538031397294,0.08071352271033358,7.5,7.5
19,1,Bethany Mota,0.079652605459057,0.0054763440860216,32.0,Safe,Improved,0.6203850348571304,0.6031143487411629,0.6117496917991466,3.5,3.5
19,1,Sadie Robertson,0.0812655086848635,0.0054763440860202,34.0,Safe,Improved,0.8192106196208402,0.8042385380258861,0.8117245788233631,2.0,2.0
19,2,Antonio Sabato Jr.,0.0795367615809604,0.0888977900552492,31.0,Safe,Improved,0.3407077556456683,0.15447100602848693,0.2475893808370776,5.5,5.5
19,2,Jonathan Bennett,0.0787080322991925,0.088897790055249,30.0,Safe,Improved,0.2377292492674007,0.10594460295900934,0.171836926113205,7.0,8.0
19,2,Lea Thompson,0.0828516787080322,0.0888977900552487,35.0,Safe,Improved,0.666823453416565,0.33922184834635355,0.5030226508814593,1.0,1.0
19,2,Janel Parrish,0.0820229494262643,0.088897790055249,34.0,Safe,Improved,0.5995691008802311,0.2948219524624441,0.44719552667133755,2.0,2.0
19,2,Alfonso Ribeiro,0.0803654908627284,0.0888977900552489,32.0,Safe,Improved,0.43611242192500266,0.2022633985362007,0.31918791023060167,4.0,4.0
19,2,Lolo Jones,0.1041723969400764,0.0888977900552487,0.0,Safe,Improved,-0.9962109517060871,0.9251236895729258,-0.03554363106658065,11.0,7.0
19,2,Randy Couture,0.0770505737356565,0.088897790055249,28.0,Safe,Improved,0.017310125062760542,0.0075958308554058005,0.012452977959083171,9.0,10.0
19,2,Tommy Chong,0.0770505737356565,0.0888977900552486,28.0,Safe,Improved,0.017310125062760542,0.0075958308554058005,0.012452977959083171,9.0,10.0
19,2,Betsey Johnson,0.0770505737356565,0.0888977900552483,28.0,Safe,Improved,0.017310125062760542,0.0075958308554058005,0.012452977959083171,9.0,10.0
19,2,Michael Waltrip,0.0737356566085847,0.0888977900552483,24.0,Safe,Improved,-0.4076556139799131,-0.18764917284447052,-0.29765239341219185,12.0,13.0
19,2,Tavis Smiley,0.0267243306417339,0.9235942201444964,28.0,Eliminated,Improved,0.017310125062760542,-0.9949624449103255,-0.4888261599237825,13.0,12.0
19,2,Bethany Mota,0.0811942201444963,0.0888977900552486,33.0,Safe,Improved,0.5226269939249716,0.2491114295594956,0.3858692117422336,3.0,3.0
19,2,Sadie Robertson,0.0795367615809604,0.0888977900552481,31.0,Safe,Improved,0.3407077556456683,0.15447100602848693,0.2475893808370776,5.5,5.5
19,3,Antonio Sabato Jr.,0.0784920461974286,0.1475087818696884,29.0,Safe,Improved,0.14397704022437932,0.07906046117847654,0.11151875070142793,8.5,10.5
19,3,Jonathan Bennett,0.0810416212682501,0.1475087818696884,32.0,Safe,Improved,0.36321469295494985,0.2050204759320857,0.28411758444351776,5.0,5.0
19,3,Lea Thompson,0.0801917629113096,0.1475087818696886,31.0,Safe,Improved,0.29318838169246775,0.16357107755323372,0.22837972962285075,7.0,8.0
19,3,Janel Parrish,0.0878404881237742,0.1475087818696886,40.0,Safe,Improved,0.76528600963511,0.5014786042706852,0.6333823069528977,1.5,1.5
19,3,Alfonso Ribeiro,0.0810416212682501,0.1475087818696884,32.0,Safe,Improved,0.36321469295494985,0.2050204759320857,0.28411758444351776,5.0,5.0
19,3,Lolo Jones,0.0857963899179196,0.1475087818696886,0.0,Safe,Improved,-0.9722845909064681,0.4203045918340786,-0.27598999953619474,11.5,8.0
19,3,Randy Couture,0.0120419989830754,0.9199005447809984,26.0,Eliminated,Improved,-0.09036807648405458,-0.9971506848941645,-0.5437593806891096,13.0,13.0
19,3,Tommy Chong,0.0827413379821311,0.1475087818696885,34.0,Safe,Improved,0.49120755707886266,0.2856246171440485,0.3884160871114556,3.0,3.0
19,3,Betsey Johnson,0.0784920461974286,0.1475087818696883,29.0,Safe,Improved,0.14397704022437932,0.07906046117847654,0.11151875070142793,8.5,10.5
19,3,Michael Waltrip,0.0776421878404881,0.1475087818696886,28.0,Safe,Improved,0.06635356870899199,0.03629587637724463,0.05132472254311831,10.0,12.0
19,3,Tavis Smiley,0.0857963899179196,0.1475087818696886,0.0,Safe,Improved,-0.9722845909064681,0.4203045918340786,-0.27598999953619474,11.5,8.0
19,3,Bethany Mota,0.0878404881237742,0.1475087818696888,40.0,Safe,Improved,0.76528600963511,0.5014786042706852,0.6333823069528977,1.5,1.5
19,3,Sadie Robertson,0.0810416212682501,0.1475087818696872,32.0,Safe,Improved,0.36321469295494985,0.2050204759320857,0.28411758444351776,5.0,5.0
19,4,Antonio Sabato Jr.,0.0777444444444444,0.3038249999999989,29.0,Safe,Improved,0.286011186161334,0.03427614805704214,0.16014366710918806,6.0,9.0
19,4,Jonathan Bennett,0.0730569444444444,0.3038250000000009,24.0,Safe,Improved,-0.04127011076858162,-0.16001218459874034,-0.10064114768366098,9.0,13.0
19,4,Lea Thompson,0.0871194444444444,0.3038250000000007,39.0,Safe,Improved,0.7466037914783937,0.40169392965685996,0.5741488605676268,2.0,2.0
19,4,Janel Parrish,0.0843069444444444,0.3038250000000004,36.0,Safe,Improved,0.6433865450109507,0.2988477493967571,0.4711171472038539,4.0,4.0
19,4,Alfonso Ribeiro,0.0880569444444444,0.3038250000000002,40.0,Safe,Improved,0.7748447907861713,0.43399223143809457,0.604418511112133,1.0,1.0
19,4,Lolo Jones,0.090725,0.3038250000000009,0.0,Safe,Improved,-0.9290963630219954,0.5198893113366355,-0.20460352584267993,11.0,7.0
19,4,Randy Couture,0.090725,0.3038250000000002,0.0,Safe,Improved,-0.9290963630219954,0.5198893113366355,-0.20460352584267993,11.0,7.0
19,4,Tommy Chong,0.0768069444444444,0.3038250000000004,28.0,Safe,Improved,0.22328859427065129,-0.004848137640502307,0.10922022831507448,7.0,10.0
19,4,Betsey Johnson,2.775557561562892e-17,0.936871153846154,29.0,Eliminated,Improved,0.286011186161334,-0.9967564344726652,-0.3553726241556656,13.0,11.0
19,4,Michael Waltrip,0.0739944444444444,0.3038250000000002,25.0,Safe,Improved,0.025802749791334904,-0.1216558826950564,-0.04792656645186075,8.0,12.0
19,4,Tavis Smiley,0.090725,0.3038250000000001,0.0,Safe,Improved,-0.9290963630219954,0.5198893113366355,-0.20460352584267993,11.0,7.0
19,4,Bethany Mota,0.0814944444444444,0.3038250000000005,33.0,Safe,Improved,0.5099223508003993,0.18855705343283707,0.34923970211661814,5.0,5.0
19,4,Sadie Robertson,0.0852444444444444,0.3038249999999997,37.0,Safe,Improved,0.6810302907798044,0.3340602824212144,0.5075452866005093,3.0,3.0
19,6,Antonio Sabato Jr.,0.0656069965870307,0.4717897610921505,28.0,Safe,Improved,0.3301136682019181,-0.3637655972480526,-0.016825964523067227,7.5,12.5
19,6,Jonathan Bennett,1.3877787807814457e-17,0.9554611709110004,32.0,Eliminated,Improved,0.5328628306563681,-0.9888381914578671,-0.22798768040074952,13.0,11.0
19,6,Lea Thompson,0.0697025597269624,0.4717897610921505,32.0,Safe,Improved,0.5328628306563681,-0.23855994461891,0.14715144301872904,5.0,9.0
19,6,Janel Parrish,0.0707264505119453,0.47178976109215,33.0,Safe,Improved,0.5763163504408172,-0.20577309511345418,0.1852716276636815,4.0,4.0
19,6,Alfonso Ribeiro,0.076869795221843,0.4717897610921485,39.0,Safe,Improved,0.7753871709842376,-0.0017949654241908308,0.3867961027800234,1.0,1.0
19,6,Lolo Jones,0.1093150170648464,0.4717897610921501,0.0,Safe,Improved,-0.8886136045162959,0.7973258444008813,-0.04564388005770731,10.5,6.5
19,6,Randy Couture,0.1093150170648464,0.4717897610921506,0.0,Safe,Improved,-0.8886136045162959,0.7973258444008813,-0.04564388005770731,10.5,6.5
19,6,Tommy Chong,0.0656069965870307,0.4717897610921504,28.0,Safe,Improved,0.3301136682019181,-0.3637655972480526,-0.016825964523067227,7.5,12.5
19,6,Betsey Johnson,0.1093150170648464,0.4717897610921502,0.0,Safe,Improved,-0.8886136045162959,0.7973258444008813,-0.04564388005770731,10.5,6.5
19,6,Michael Waltrip,0.0676547781569965,0.4717897610921504,30.0,Safe,Improved,0.4370231745330611,-0.30246697581155396,0.06727809936075357,6.0,10.0
19,6,Tavis Smiley,0.1093150170648464,0.4717897610921497,0.0,Safe,Improved,-0.8886136045162959,0.7973258444008813,-0.04564388005770731,10.5,6.5
19,6,Bethany Mota,0.0737981228668941,0.4717897610921504,36.0,Safe,Improved,0.6886132703932306,-0.10488704816363942,0.29186311111479557,2.0,2.0
19,6,Sadie Robertson,0.0727742320819112,0.4717897610921496,35.0,Safe,Improved,0.6541501193391717,-0.13886427040220253,0.2576429244684846,3.0,3.0
19,7,Antonio Sabato Jr.,6.938893903907227e-17,0.9603660764767148,29.5,Eliminated,Improved,0.5235292565902879,-0.9757382731676565,-0.22610450828868428,13.0,12.5
19,7,Jonathan Bennett,0.1142199226305608,0.5770023210831717,0.0,Safe,Improved,-0.8342330295022281,0.7881922238748489,-0.02302040281368961,10.5,9.5
19,7,Lea Thompson,0.0639241503177673,0.5770023210831716,35.0,Safe,Improved,0.7228697364577225,-0.35552337250756794,0.18367318197507726,2.0,2.0
19,7,Janel Parrish,0.062183337938657,0.5770023210831726,33.5,Safe,Improved,0.6766798767141136,-0.3982245806641863,0.13922764802496362,4.0,5.5
19,7,Alfonso Ribeiro,0.0627636087316938,0.5770023210831722,34.0,Safe,Improved,0.6927301452720259,-0.38416968711208294,0.1542802290799715,3.0,3.0
19,7,Lolo Jones,0.1142199226305609,0.5770023210831725,0.0,Safe,Improved,-0.8342330295022281,0.7881922238748499,-0.02302040281368911,8.0,5.5
19,7,Randy Couture,0.1142199226305609,0.5770023210831722,0.0,Safe,Improved,-0.8342330295022281,0.7881922238748499,-0.02302040281368911,8.0,5.5
19,7,Tommy Chong,0.0581214423873998,0.5770023210831716,30.0,Safe,Improved,0.545119631751226,-0.49124648098718404,0.02693657538202099,6.0,11.0
19,7,Betsey Johnson,0.1142199226305608,0.5770023210831718,0.0,Safe,Improved,-0.8342330295022281,0.7881922238748489,-0.02302040281368961,10.5,9.5
19,7,Michael Waltrip,0.0558003592152528,0.5770023210831721,28.0,Safe,Improved,0.4546320024597376,-0.5399477875069137,-0.042657892523588065,12.0,12.5
19,7,Tavis Smiley,0.1142199226305609,0.5770023210831727,0.0,Safe,Improved,-0.8342330295022281,0.7881922238748499,-0.02302040281368911,8.0,5.5
19,7,Bethany Mota,0.066825504282951,0.5770023210831724,37.5,Safe,Improved,0.7874707670186502,-0.2810090295570684,0.25323086873079087,1.0,1.0
19,7,Sadie Robertson,0.0592819839734734,0.5770023210831717,31.0,Safe,Improved,0.5861986183288227,-0.46565821726265194,0.06027020053308538,5.0,8.0
19,8,Antonio Sabato Jr.,0.1009064516129033,0.605438709677417,0.0,Safe,Improved,-0.7632445752228797,0.6735230647178322,-0.044860755252523754,6.0,3.0
19,8,Jonathan Bennett,0.1009064516129032,0.6054387096774204,0.0,Safe,Improved,-0.7632445752228797,0.6735230647178302,-0.04486075525252475,9.0,8.0
19,8,Lea Thompson,0.0595102150537634,0.6054387096774204,32.0,Safe,Improved,0.5915775697876262,-0.5322594403694187,0.029659064709103733,5.0,11.0
19,8,Janel Parrish,0.0728166666666666,0.6054387096774196,43.0,Safe,Improved,0.8507813321681268,-0.13900805708496455,0.3558866375415811,1.0,1.0
19,8,Alfonso Ribeiro,0.0703973118279569,0.6054387096774191,41.0,Safe,Improved,0.8189837570556241,-0.21875332318270901,0.30011521693645754,2.0,2.0
19,8,Lolo Jones,0.1009064516129032,0.6054387096774194,0.0,Safe,Improved,-0.7632445752228797,0.6735230647178302,-0.04486075525252475,9.0,8.0
19,8,Randy Couture,0.1009064516129032,0.6054387096774192,0.0,Safe,Improved,-0.7632445752228797,0.6735230647178302,-0.04486075525252475,9.0,8.0
19,8,Tommy Chong,0.0558811827956989,0.6054387096774196,29.0,Safe,Improved,0.47940510536872577,-0.6150109947618893,-0.06780294469658174,12.0,12.0
19,8,Betsey Johnson,0.1009064516129032,0.6054387096774194,0.0,Safe,Improved,-0.7632445752228797,0.6735230647178302,-0.04486075525252475,9.0,8.0
19,8,Michael Waltrip,0.0,0.9512537634408604,25.0,Eliminated,Improved,0.301989841990088,-0.9894748536708478,-0.3437425058403799,13.0,13.0
19,8,Tavis Smiley,0.1009064516129032,0.6054387096774201,0.0,Safe,Improved,-0.7632445752228797,0.6735230647178302,-0.04486075525252475,9.0,8.0
19,8,Bethany Mota,0.0691876344086021,0.6054387096774198,40.0,Safe,Improved,0.8008928159689249,-0.2576247492569243,0.27163403335600034,3.0,4.0
19,8,Sadie Robertson,0.0667682795698925,0.6054387096774206,38.0,Safe,Improved,0.7598437700284497,-0.33281900645504775,0.21351238178670098,4.0,5.0
20,2,Suzanne Somers,0.0825408261287223,0.0900371757925067,28.0,Safe,Improved,-0.25413110715803017,-0.11901864977690617,-0.18657487846746817,7.5,7.5
20,2,Willow Shields,0.0859990393852065,0.0900371757925073,32.0,Safe,Improved,0.703377579551462,0.3818656668584335,0.5426216232049477,3.0,3.0
20,2,Riker Lynch,0.0859990393852065,0.0900371757925069,32.0,Safe,Improved,0.703377579551462,0.3818656668584335,0.5426216232049477,3.0,3.0
20,2,Rumer Willis,0.0859990393852065,0.0900371757925071,32.0,Safe,Improved,0.703377579551462,0.3818656668584335,0.5426216232049477,3.0,3.0
20,2,Nastia Liukin,0.0877281460134486,0.090037175792507,34.0,Safe,Improved,0.8938673736277041,0.5804597027280872,0.7371635381778956,1.0,1.0
20,2,Michael Sam,0.0825408261287223,0.0900371757925071,28.0,Safe,Improved,-0.25413110715803017,-0.11901864977690617,-0.18657487846746817,7.5,7.5
20,2,Robert Herjavec,0.0825408261287223,0.0900371757925069,28.0,Safe,Improved,-0.25413110715803017,-0.11901864977690617,-0.18657487846746817,7.5,7.5
20,2,Charlotte McKinney,0.0808450528338136,0.0900371757925068,26.0,Safe,Improved,-0.6787073143642846,-0.3587664060536656,-0.518736860208975,12.0,12.0
20,2,Noah Galloway,0.0816762728146013,0.0900371757925068,27.0,Safe,Improved,-0.49545834628987256,-0.24495844638597558,-0.3702083963379241,11.0,11.0
20,2,Redfoo,0.0663358309317963,0.9227621757925072,31.0,Eliminated,Improved,0.530262002770866,-0.9882327342714416,-0.22898536575028783,10.0,10.0
20,2,Patti LaBelle,0.0825408261287223,0.0900371757925072,28.0,Safe,Improved,-0.25413110715803017,-0.11901864977690617,-0.18657487846746817,7.5,7.5
20,2,Chris Soules,0.0952542747358309,0.0900371757925065,21.0,Safe,Improved,-0.9777609917404888,0.9466828179965256,-0.015539086871981578,5.0,5.0
20,3,Suzanne Somers,0.0822949946751863,0.0704875399361025,25.0,Safe,Improved,-0.11575100110948229,-0.06145650452677873,-0.08860375281813052,9.0,9.0
20,3,Willow Shields,0.0890042598509052,0.0704875399361024,32.0,Safe,Improved,0.5615024991965333,0.3239648804508811,0.4427336898237072,4.0,4.0
20,3,Riker Lynch,0.0909211927582534,0.0704875399361029,34.0,Safe,Improved,0.6909028396434767,0.4216292849004261,0.5562660622719514,1.5,1.5
20,3,Rumer Willis,0.0899627263045793,0.0704875399361024,33.0,Safe,Improved,0.6305646681603365,0.3738328697755266,0.5021987689679316,3.0,3.0
20,3,Nastia Liukin,0.0909211927582534,0.0704875399361024,34.0,Safe,Improved,0.6909028396434767,0.4216292849004261,0.5562660622719514,1.5,1.5
20,3,Michael Sam,0.0813365282215122,0.0704875399361024,24.0,Safe,Improved,-0.21994688492497824,-0.1177854407844236,-0.1688661628547009,10.0,10.0
20,3,Robert Herjavec,0.0861288604898828,0.0704875399361024,29.0,Safe,Improved,0.3032005398269765,0.16416940684170936,0.2336849733343429,6.0,6.5
20,3,Charlotte McKinney,0.0336826943556975,0.9037125399361025,22.0,Eliminated,Improved,-0.41219827834340506,-0.994452596199946,-0.7033254372716755,12.0,12.0
20,3,Noah Galloway,0.0870873269435569,0.0704875399361029,30.0,Safe,Improved,0.3972408710159868,0.21887030494687118,0.308055587981429,5.0,5.0
20,3,Redfoo,0.1040702342917997,0.0704875399361023,0.0,Safe,Improved,-0.9926238176270257,0.842263088766382,-0.07518036443032183,8.0,6.5
20,3,Patti LaBelle,0.079419595314164,0.0704875399361029,22.0,Safe,Improved,-0.41219827834340506,-0.22786467869913832,-0.3200314785212717,11.0,11.0
20,3,Chris Soules,0.0851703940362087,0.0704875399361016,28.0,Safe,Improved,0.20285881482987986,0.10843985842972392,0.1556493366298019,7.0,8.0
20,4,Suzanne Somers,0.0841794871794871,0.2004999999999996,28.0,Safe,Improved,0.06983832438029812,0.03404158782025462,0.051939956100276366,8.0,10.0
20,4,Willow Shields,0.0943333333333333,0.2005000000000003,39.0,Safe,Improved,0.7208338729261693,0.4158896448012288,0.5683617588636991,1.0,1.0
20,4,Riker Lynch,0.0897179487179487,0.2005000000000002,34.0,Safe,Improved,0.4837138066714373,0.25144856041094915,0.36758118354119323,4.5,4.5
20,4,Rumer Willis,0.0906410256410256,0.2004999999999998,35.0,Safe,Improved,0.5399837349675775,0.2859124951214178,0.41294811504449763,3.0,3.0
20,4,Nastia Liukin,0.0915641025641025,0.2005000000000008,36.0,Safe,Improved,0.5918080537181488,0.3196523142547714,0.45573018398646015,2.0,2.0
20,4,Michael Sam,0.0059589743589743,0.9257326923076922,30.0,Eliminated,Improved,0.21897114773895426,-0.9960613656240511,-0.38854510894254846,12.0,11.0
20,4,Robert Herjavec,0.0897179487179487,0.2005000000000004,34.0,Safe,Improved,0.4837138066714373,0.25144856041094915,0.36758118354119323,4.5,4.5
20,4,Charlotte McKinney,0.0983666666666667,0.2004999999999999,0.0,Safe,Improved,-0.9684534470966756,0.5406257323213965,-0.21391385738763952,10.0,6.0
20,4,Noah Galloway,0.0878717948717948,0.2005000000000003,32.0,Safe,Improved,0.3585301051382239,0.18065265175935843,0.26959137844879116,6.0,8.0
20,4,Redfoo,0.0983666666666666,0.2005000000000005,0.0,Safe,Improved,-0.9684534470966756,0.5406257323213938,-0.2139138573876409,11.0,7.0
20,4,Patti LaBelle,0.086025641025641,0.2004999999999999,30.0,Safe,Improved,0.21897114773895426,0.10793392336202928,0.16345253555049177,7.0,9.0
20,4,Chris Soules,0.0832564102564102,0.2004999999999994,27.0,Safe,Improved,-0.0063592052559550225,-0.0030958761490345117,-0.004727540702494767,9.0,12.0
20,5,Suzanne Somers,1.3877787807814457e-17,0.932364929328622,28.0,Eliminated,Improved,0.28524687303414537,-0.9956507261595697,-0.3552019265627122,12.0,11.0
20,5,Willow Shields,0.0901126766784452,0.3187212014134274,34.0,Safe,Improved,0.5992296956239159,0.24425305684072776,0.42174137623232183,4.0,4.0
20,5,Riker Lynch,0.0943529593639576,0.3187212014134274,38.0,Safe,Improved,0.7432273101471948,0.3844039476546764,0.5638156289009356,2.5,2.5
20,5,Rumer Willis,0.0954130300353356,0.3187212014134271,39.0,Safe,Improved,0.7715222324265226,0.4171182890547275,0.594320260740625,1.0,1.0
20,5,Nastia Liukin,0.0943529593639576,0.3187212014134276,38.0,Safe,Improved,0.7432273101471948,0.3844039476546764,0.5638156289009356,2.5,2.5
20,5,Michael Sam,0.0990399293286219,0.3187212014134278,0.0,Safe,Improved,-0.9164772096654883,0.5208952997881587,-0.19779095493866478,9.5,5.5
20,5,Robert Herjavec,0.0795119699646643,0.3187212014134271,24.0,Safe,Improved,0.027670712476094133,-0.13960266215341496,-0.055965974838660414,8.0,12.0
20,5,Charlotte McKinney,0.0990399293286218,0.3187212014134276,0.0,Safe,Improved,-0.9164772096654883,0.5208952997881557,-0.19779095493866627,11.0,8.0
20,5,Noah Galloway,0.0837522526501766,0.3187212014134275,28.0,Safe,Improved,0.28524687303414537,0.015403408115203797,0.15032514057467458,5.0,7.0
20,5,Redfoo,0.0990399293286219,0.3187212014134277,0.0,Safe,Improved,-0.9164772096654883,0.5208952997881587,-0.19779095493866478,9.5,5.5
20,5,Patti LaBelle,0.0826921819787985,0.3187212014134269,27.0,Safe,Improved,0.22313957719009664,-0.02357224209850459,0.09978366754579603,6.5,9.5
20,5,Chris Soules,0.0826921819787985,0.3187212014134265,27.0,Safe,Improved,0.22313957719009664,-0.02357224209850459,0.09978366754579603,6.5,9.5
20,6,Suzanne Somers,0.1202413427561837,0.4829321554770316,0.0,Safe,Improved,-0.8741938443290955,0.7908100387576253,-0.04169190278573509,9.5,6.5
20,6,Willow Shields,0.0751321554770317,0.4829321554770314,36.5,Safe,Improved,0.6289793592410493,-0.23413336184605885,0.19742299869749524,3.0,3.0
20,6,Riker Lynch,0.0767222614840989,0.4829321554770314,38.0,Safe,Improved,0.6781221306799362,-0.1899686737066009,0.24407672848666767,1.0,1.0
20,6,Rumer Willis,0.0740720848056537,0.4829321554770314,35.5,Safe,Improved,0.593114083639141,-0.26306061503830114,0.16502673430041992,4.0,4.0
20,6,Nastia Liukin,0.0751321554770318,0.4829321554770319,36.5,Safe,Improved,0.6289793592410493,-0.23413336184605615,0.19742299869749658,2.0,2.0
20,6,Michael Sam,0.1202413427561837,0.4829321554770318,0.0,Safe,Improved,-0.8741938443290955,0.7908100387576253,-0.04169190278573509,9.5,6.5
20,6,Robert Herjavec,0.0719519434628975,0.4829321554770311,33.5,Safe,Improved,0.5138288864540431,-0.31947739109998124,0.09717574767703094,7.0,12.0
20,6,Charlotte McKinney,0.1202413427561837,0.482932155477032,0.0,Safe,Improved,-0.8741938443290955,0.7908100387576253,-0.04169190278573509,9.5,6.5
20,6,Noah Galloway,0.0724819787985865,0.4829321554770314,34.0,Safe,Improved,0.5345921618577054,-0.3055657881687343,0.11451318684448555,6.0,10.0
20,6,Redfoo,0.1202413427561837,0.4829321554770316,0.0,Safe,Improved,-0.8741938443290955,0.7908100387576253,-0.04169190278573509,9.5,6.5
20,6,Patti LaBelle,0.0,0.9535663427561838,34.0,Eliminated,Improved,0.5345921618577054,-0.9844347060320009,-0.22492127208714774,12.0,11.0
20,6,Chris Soules,0.0735420494699646,0.4829321554770318,35.0,Safe,Improved,0.5742372896358533,-0.2773524044796202,0.14844244257811656,5.0,9.0
20,7,Suzanne Somers,0.1536433070866142,0.8513937007874017,0.0,Safe,Improved,-0.8075266954144744,0.805711519797564,-0.0009075878084552347,6.5,4.5
20,7,Willow Shields,1.3877787807814457e-17,0.9869683070866144,39.0,Eliminated,Improved,0.736835233076522,-0.8670704262208995,-0.06511759657218874,10.0,9.0
20,7,Riker Lynch,0.0400085301837269,0.8513937007874018,37.0,Safe,Improved,0.6845912915404698,-0.5959638760712774,0.0443137077345962,3.5,7.5
20,7,Rumer Willis,0.0400085301837269,0.8513937007874002,37.0,Safe,Improved,0.6845912915404698,-0.5959638760712774,0.0443137077345962,3.5,7.5
20,7,Nastia Liukin,0.0447329396325458,0.851393700787401,41.0,Safe,Improved,0.7815477212980448,-0.545508414502256,0.11801965339789444,1.0,1.0
20,7,Michael Sam,0.1536433070866142,0.851393700787402,0.0,Safe,Improved,-0.8075266954144744,0.805711519797564,-0.0009075878084552347,6.5,4.5
20,7,Robert Herjavec,0.0329219160104986,0.8513937007874011,31.0,Safe,Improved,0.4778995566592417,-0.663597382540248,-0.09284891294050315,11.5,11.5
20,7,Charlotte McKinney,0.1536433070866141,0.8513937007874008,0.0,Safe,Improved,-0.8075266954144744,0.8057115197975634,-0.0009075878084555122,9.0,10.0
20,7,Noah Galloway,0.0411896325459316,0.8513937007874011,38.0,Safe,Improved,0.7116959464633648,-0.583754664674467,0.06397064089444887,2.0,2.0
20,7,Redfoo,0.1536433070866142,0.8513937007874016,0.0,Safe,Improved,-0.8075266954144744,0.805711519797564,-0.0009075878084552347,6.5,4.5
20,7,Patti LaBelle,0.1536433070866142,0.8513937007874015,0.0,Safe,Improved,-0.8075266954144744,0.805711519797564,-0.0009075878084552347,6.5,4.5
20,7,Chris Soules,0.0329219160104986,0.8513937007873996,31.0,Safe,Improved,0.4778995566592417,-0.663597382540248,-0.09284891294050315,11.5,11.5
20,8,Suzanne Somers,0.1466721040189125,0.8800326241134746,0.0,Safe,Improved,-0.7381770471431462,0.7404204601059283,0.0011217064813910382,6.5,6.5
20,8,Willow Shields,0.1466721040189125,0.8800326241134755,0.0,Safe,Improved,-0.7381770471431462,0.7404204601059283,0.0011217064813910382,6.5,6.5
20,8,Riker Lynch,0.0281069503546098,0.8800326241134755,39.0,Safe,Improved,0.8170361477926701,-0.6802362015131769,0.0683999731397466,2.0,2.0
20,8,Rumer Willis,0.0295253900709219,0.8800326241134744,40.0,Safe,Improved,0.8341227130952197,-0.6686221943183385,0.0827502593884406,1.0,1.0
20,8,Nastia Liukin,0.0266885106382978,0.8800326241134763,38.0,Safe,Improved,0.7983830156014134,-0.6915184162150037,0.0534322996932049,3.0,4.0
20,8,Michael Sam,0.1466721040189125,0.880032624113476,0.0,Safe,Improved,-0.7381770471431462,0.7404204601059283,0.0011217064813910382,6.5,6.5
20,8,Robert Herjavec,0.0,0.9859044917257684,31.0,Eliminated,Improved,0.6158160638874459,-0.8487728086004273,-0.11647837235649067,12.0,12.0
20,8,Charlotte McKinney,0.1466721040189124,0.8800326241134735,0.0,Safe,Improved,-0.7381770471431462,0.7404204601059275,0.0011217064813906497,9.0,10.0
20,8,Noah Galloway,0.0174686524822695,0.8800326241134752,31.5,Safe,Improved,0.6322087554164689,-0.7570854642358243,-0.06243835440967771,11.0,11.0
20,8,Redfoo,0.1466721040189125,0.8800326241134748,0.0,Safe,Improved,-0.7381770471431462,0.7404204601059283,0.0011217064813910382,6.5,6.5
20,8,Patti LaBelle,0.1466721040189126,0.8800326241134754,0.0,Safe,Improved,-0.7381770471431462,0.7404204601059289,0.0011217064813913158,4.0,3.0
20,8,Chris Soules,0.0181778723404256,0.880032624113475,32.0,Eliminated,Improved,0.648054340345141,-0.7525016662127134,-0.05222366293378622,10.0,9.0
21,2,Gary Busey,0.0729799184795488,0.0207327171903883,16.5,Safe,Improved,-0.890488135384115,-0.7332747535227914,-0.8118814444534532,12.0,13.0
21,2,Alexa PenaVega,0.0793544717759135,0.0207327171903882,23.0,Safe,Improved,0.6199082975560979,0.5204879382207008,0.5701981178883994,3.0,3.0
21,2,Carlos PenaVega,0.0787999431252666,0.0207327171903883,22.5,Safe,Improved,0.5076346199886811,0.418118950821749,0.46287678540521504,5.5,5.5
21,2,Victor Espinoza,0.0654862031375894,0.9146380207592782,18.5,Eliminated,Improved,-0.6428444154868034,-0.9912573219146398,-0.8170508687007216,13.0,12.0
21,2,Alek Skarlatos,0.0787999431252666,0.0207327171903881,22.5,Safe,Improved,0.5076346199886811,0.418118950821749,0.46287678540521504,5.5,5.5
21,2,Chaka Khan,0.0785252049860183,0.0207327171903881,15.0,Eliminated,Improved,-0.9579364933845577,0.3628902889980165,-0.2975231021932706,9.0,11.0
21,2,Andy Grammer,0.0782454144746196,0.0207327171903883,22.0,Safe,Improved,0.3749925442498936,0.30390083602653806,0.3394466901382158,8.0,8.0
21,2,Tamar Braxton,0.0810180577278544,0.0207327171903882,24.5,Safe,Improved,0.8398930467749701,0.7494960716221019,0.7946945591985359,1.0,1.0
21,2,Nick Carter,0.0787999431252666,0.0207327171903881,22.5,Safe,Improved,0.5076346199886811,0.418118950821749,0.46287678540521504,5.5,5.5
21,2,Hayes Grier,0.0787999431252666,0.0207327171903883,22.5,Safe,Improved,0.5076346199886811,0.418118950821749,0.46287678540521504,5.5,5.5
21,2,Bindi Irwin,0.0804635290772074,0.0207327171903882,24.0,Safe,Improved,0.783932485084524,0.6859180214740365,0.7349252532792803,2.0,2.0
21,2,Kim Zolciak-Biermann,0.074363713920091,0.0207327171903878,18.5,Safe,Improved,-0.6428444154868034,-0.5422785222494285,-0.592561468868116,10.5,9.5
21,2,Paula Deen,0.074363713920091,0.0207327171903872,18.5,Safe,Improved,-0.6428444154868034,-0.5422785222494285,-0.592561468868116,10.5,9.5
21,4,Gary Busey,0.0080084419867843,0.9140427640156458,16.0,Eliminated,Improved,-0.19427504244634444,-0.9968608941060282,-0.5955679682761863,13.0,11.0
21,4,Alexa PenaVega,0.0805410690981523,0.203689830508475,21.0,Safe,Improved,0.2543194283392427,0.16784936801504227,0.21108439817714247,8.0,8.0
21,4,Carlos PenaVega,0.0856258148608642,0.2036898305084749,25.0,Safe,Improved,0.5549229004837852,0.3864353692691346,0.4706791348764599,5.0,5.0
21,4,Victor Espinoza,0.0759050521562758,0.2036898305084752,0.0,Safe,Improved,-0.9300204395093291,-0.04764427066843274,-0.4888323550888809,10.0,10.0
21,4,Alek Skarlatos,0.0843546284201862,0.2036898305084742,24.0,Safe,Improved,0.4885138822055585,0.3346586650106748,0.41158627360811667,6.0,6.0
21,4,Chaka Khan,0.0759050521562757,0.2036898305084741,0.0,Safe,Improved,-0.9300204395093291,-0.04764427066843729,-0.4888323550888832,11.5,12.5
21,4,Andy Grammer,0.0830834419795083,0.2036898305084746,23.0,Safe,Improved,0.41591817678108217,0.2807792747205317,0.34834872575080694,7.0,7.0
21,4,Tamar Braxton,0.0881681877422201,0.2036898305084746,27.0,Safe,Improved,0.6685891898717736,0.48283749399939074,0.5757133419355822,3.0,3.0
21,4,Nick Carter,0.0881681877422201,0.2036898305084749,27.0,Safe,Improved,0.6685891898717736,0.48283749399939074,0.5757133419355822,3.0,3.0
21,4,Hayes Grier,0.0881681877422201,0.2036898305084744,27.0,Safe,Improved,0.6685891898717736,0.48283749399939074,0.5757133419355822,3.0,3.0
21,4,Bindi Irwin,0.0894393741828981,0.2036898305084744,28.0,Safe,Improved,0.7160776351015924,0.5271681499714053,0.6216228925364988,1.0,1.0
21,4,Kim Zolciak-Biermann,0.0759050521562757,0.2036898305084749,0.0,Safe,Improved,-0.9300204395093291,-0.04764427066843729,-0.4888323550888832,11.5,12.5
21,4,Paula Deen,0.0767275097761184,0.2036898305084734,18.0,Safe,Improved,-0.014054509522876228,-0.009159357928329517,-0.011606933725602873,9.0,9.0
21,6,Gary Busey,0.0767773162939297,0.3071092651757193,0.0,Safe,Improved,-0.8819618613001113,-0.00612088539492957,-0.4440413733475205,10.5,11.0
21,6,Alexa PenaVega,0.0807407348242811,0.3071092651757189,30.0,Safe,Improved,0.32801607384741593,0.1589563835098191,0.24348622867861752,7.5,7.5
21,6,Carlos PenaVega,0.0884084664536741,0.3071092651757192,38.0,Safe,Improved,0.6643940847064106,0.4480907276040619,0.5562424061552362,5.0,5.0
21,6,Victor Espinoza,0.0767773162939297,0.307109265175719,0.0,Safe,Improved,-0.8819618613001113,-0.00612088539492957,-0.4440413733475205,10.5,11.0
21,6,Alek Skarlatos,0.0807407348242811,0.3071092651757192,30.0,Safe,Improved,0.32801607384741593,0.1589563835098191,0.24348622867861752,7.5,7.5
21,6,Chaka Khan,0.0767773162939297,0.3071092651757185,0.0,Safe,Improved,-0.8819618613001113,-0.00612088539492957,-0.4440413733475205,10.5,11.0
21,6,Andy Grammer,0.0903253993610223,0.3071092651757184,40.0,Safe,Improved,0.723832274348703,0.5100571496317028,0.616944711990203,2.0,2.0
21,6,Tamar Braxton,0.0903253993610223,0.3071092651757187,40.0,Safe,Improved,0.723832274348703,0.5100571496317028,0.616944711990203,2.0,2.0
21,6,Nick Carter,0.0893669329073482,0.3071092651757187,39.0,Safe,Improved,0.6953001264353245,0.4796717890223863,0.5874859577288554,4.0,4.0
21,6,Hayes Grier,0.0826576677316293,0.307109265175719,32.0,Safe,Improved,0.42650152627494514,0.23626453246263202,0.3313830293687886,6.0,6.0
21,6,Bindi Irwin,0.0903253993610223,0.3071092651757193,40.0,Safe,Improved,0.723832274348703,0.5100571496317028,0.616944711990203,2.0,2.0
21,6,Kim Zolciak-Biermann,0.0767773162939297,0.3071092651757189,0.0,Safe,Improved,-0.8819618613001113,-0.00612088539492957,-0.4440413733475205,10.5,11.0
21,6,Paula Deen,0.0,0.9229234701400836,24.0,Eliminated,Improved,-0.004423393311652987,-0.9968768553064397,-0.5006501243090463,13.0,11.0
21,7,Gary Busey,0.1267968325791855,0.652683710407236,0.0,Safe,Improved,-0.8379220248746311,0.8174150004824965,-0.010253512196067294,9.5,5.5
21,7,Alexa PenaVega,0.0521910148674855,0.6526837104072409,27.5,Safe,Improved,0.635101398106022,-0.5151904692085528,0.05995546444873456,4.0,8.0
21,7,Carlos PenaVega,0.0528697478991597,0.6526837104072409,28.0,Safe,Improved,0.6559267604932936,-0.5036119291764941,0.07615741565839973,2.5,2.5
21,7,Victor Espinoza,0.1267968325791855,0.6526837104072409,0.0,Safe,Improved,-0.8379220248746311,0.8174150004824965,-0.010253512196067294,9.5,5.5
21,7,Alek Skarlatos,0.050833548804137,0.6526837104072414,26.5,Safe,Improved,0.590542925540153,-0.5377913865635694,0.02637576948829179,7.0,13.0
21,7,Chaka Khan,0.1267968325791854,0.65268371040724,0.0,Safe,Improved,-0.8379220248746311,0.8174150004824957,-0.010253512196067682,12.0,9.5
21,7,Andy Grammer,0.0528697478991597,0.65268371040724,28.0,Safe,Improved,0.6559267604932936,-0.5036119291764941,0.07615741565839973,2.5,2.5
21,7,Tamar Braxton,0.0515122818358112,0.65268371040724,27.0,Safe,Improved,0.6133099053729333,-0.5265839672379398,0.04336296906749676,6.0,12.0
21,7,Nick Carter,0.0515122818358113,0.6526837104072403,27.0,Safe,Improved,0.6133099053729333,-0.5265839672379381,0.04336296906749759,5.0,11.0
21,7,Hayes Grier,0.0,0.9729429864253392,28.0,Eliminated,Improved,0.6559267604932936,-0.9438426066175696,-0.143957923062138,13.0,9.5
21,7,Bindi Irwin,0.0542272139625081,0.6526837104072407,29.0,Safe,Improved,0.6947355468348229,-0.47990496378369335,0.10741529152556475,1.0,1.0
21,7,Kim Zolciak-Biermann,0.1267968325791855,0.6526837104072404,0.0,Safe,Improved,-0.8379220248746311,0.8174150004824965,-0.010253512196067294,9.5,5.5
21,7,Paula Deen,0.1267968325791855,0.6526837104072403,0.0,Safe,Improved,-0.8379220248746311,0.8174150004824965,-0.010253512196067294,9.5,5.5
21,8,Gary Busey,0.1238106918887377,0.742864151332423,0.0,Safe,Improved,-0.7727665844654417,0.7633957946489506,-0.004685394908245544,10.5,10.0
21,8,Alexa PenaVega,0.0407939065447281,0.7428641513324277,26.9998,Safe,Improved,0.6811465643930463,-0.6491710772217846,0.015987743585630876,5.0,10.0
21,8,Carlos PenaVega,0.0438866996152222,0.7428641513324283,28.9998,Safe,Improved,0.7482252809190296,-0.609181565870119,0.06952185752445533,2.0,2.0
21,8,Victor Espinoza,0.1238106918887378,0.7428641513324272,0.0,Safe,Improved,-0.7727665844654417,0.7633957946489516,-0.004685394908245044,7.5,5.5
21,8,Alek Skarlatos,0.0377014227535411,0.7428641513324257,25.0,Safe,Improved,0.6002914406946389,-0.6858640301530292,-0.04278629472919515,12.0,12.0
21,8,Chaka Khan,0.1238106918887378,0.7428641513324282,0.0,Safe,Improved,-0.7727665844654417,0.7633957946489516,-0.004685394908245044,7.5,5.5
21,8,Andy Grammer,0.0,0.9713109934618356,23.9998,Eliminated,Improved,0.5544324321569052,-0.9285337724532771,-0.18705067014818594,13.0,13.0
21,8,Tamar Braxton,0.0423406123592822,0.7428641513324271,28.0,Safe,Improved,0.7163437038637458,-0.6295891396467422,0.04337728210850178,3.5,5.5
21,8,Nick Carter,0.0500725950355173,0.7428641513324279,33.0,Safe,Improved,0.8466623958646502,-0.5191101308249557,0.16377613251984724,1.0,1.0
21,8,Hayes Grier,0.1238106918887378,0.742864151332427,0.0,Safe,Improved,-0.7727665844654417,0.7633957946489516,-0.004685394908245044,7.5,5.5
21,8,Bindi Irwin,0.0423406123592822,0.742864151332427,28.0,Safe,Improved,0.7163437038637458,-0.6295891396467422,0.04337728210850178,3.5,5.5
21,8,Kim Zolciak-Biermann,0.1238106918887378,0.7428641513324273,0.0,Safe,Improved,-0.7727665844654417,0.7633957946489516,-0.004685394908245044,7.5,5.5
21,8,Paula Deen,0.1238106918887377,0.7428641513324259,0.0,Safe,Improved,-0.7727665844654417,0.7633957946489506,-0.004685394908245544,10.5,10.0
22,2,Mischa Barton,0.0774011299435028,4.440892098500626e-16,15.0,Safe,Improved,-0.9023551520523847,-0.9023551520523824,-0.9023551520523836,11.0,11.0
22,2,Kim Fields,0.0824858757062146,2.55351295663786e-15,19.0,Safe,Improved,-0.2089832558713696,-0.20898325587137853,-0.20898325587137406,9.5,9.5
22,2,Jodie Sweetin,0.0850282485875706,0.0,21.0,Safe,Improved,0.4004761173012943,0.40047611730129934,0.40047611730129684,3.5,3.5
22,2,Doug Flutie,0.0837570621468926,0.0,20.0,Safe,Improved,0.10565813500903966,0.10565813500903799,0.10565813500903883,6.5,6.5
22,2,Von Miller,0.0837570621468926,1.1102230246251563e-16,20.0,Safe,Improved,0.10565813500903966,0.10565813500903799,0.10565813500903883,6.5,6.5
22,2,Antonio Brown,0.0824858757062146,1.4432899320127037e-15,19.0,Safe,Improved,-0.2089832558713696,-0.20898325587137853,-0.20898325587137406,9.5,9.5
22,2,Paige VanZant,0.0888418079096045,0.0,24.0,Safe,Improved,0.8806601826041274,0.8806601826041277,0.8806601826041276,1.5,1.5
22,2,Geraldo Rivera,0.0748587570621468,0.8885097457627122,13.0,Eliminated,Improved,-0.9716544614785458,-0.971654461478546,-0.9716544614785458,12.0,12.0
22,2,Nyle DiMarco,0.0837570621468926,2.1094237467877974e-15,20.0,Safe,Improved,0.10565813500903966,0.10565813500903799,0.10565813500903883,6.5,6.5
22,2,Ginger Zee,0.0850282485875706,3.3306690738754696e-16,21.0,Safe,Improved,0.4004761173012943,0.40047611730129934,0.40047611730129684,3.5,3.5
22,2,Wanya Morris,0.0888418079096045,3.3306690738754696e-16,24.0,Safe,Improved,0.8806601826041274,0.8806601826041277,0.8806601826041276,1.5,1.5
22,2,Marla Maples,0.0837570621468926,1.7763568394002505e-14,20.0,Safe,Improved,0.10565813500903966,0.10565813500903799,0.10565813500903883,6.5,6.5
22,3,Mischa Barton,0.0317010548280674,0.909374367088608,18.0,Eliminated,Improved,-0.26197026265805506,-0.9944750452616351,-0.6282226539598451,12.0,12.0
22,3,Kim Fields,0.0861814346040067,0.0760493670886082,22.0,Safe,Improved,0.33180725461597765,0.1610052077334573,0.2464062311747175,5.0,5.0
22,3,Jodie Sweetin,0.0874472573888168,0.0760493670886077,23.0,Safe,Improved,0.46064352420849997,0.23039301835157838,0.3455182712800392,4.0,4.0
22,3,Doug Flutie,0.0836497890343865,0.0760493670886079,20.0,Safe,Improved,0.03829878376767009,0.018044539611637166,0.028171661689653626,9.0,10.0
22,3,Von Miller,0.0836497890343865,0.0760493670886081,20.0,Safe,Improved,0.03829878376767009,0.018044539611637166,0.028171661689653626,9.0,10.0
22,3,Antonio Brown,0.0836497890343865,0.0760493670886081,20.0,Safe,Improved,0.03829878376767009,0.018044539611637166,0.028171661689653626,9.0,10.0
22,3,Paige VanZant,0.0874472573888169,0.0760493670886075,23.0,Safe,Improved,0.46064352420849997,0.23039301835158366,0.3455182712800418,3.0,3.0
22,3,Geraldo Rivera,0.107750421916675,0.0760493670886066,0.0,Safe,Improved,-0.9953148961269693,0.8837047389005042,-0.055805078613232584,11.0,6.0
22,3,Nyle DiMarco,0.0899789029584371,0.0760493670886083,25.0,Safe,Improved,0.6666383796452725,0.36181825318857974,0.5142283164169261,1.0,1.0
22,3,Ginger Zee,0.0849156118191966,0.0760493670886084,21.0,Safe,Improved,0.18927741529929135,0.08998839807264657,0.13963290668596895,6.5,7.5
22,3,Wanya Morris,0.088713080173627,0.0760493670886077,24.0,Safe,Improved,0.5726102968385823,0.29751445849545805,0.43506237766702016,2.0,2.0
22,3,Marla Maples,0.0849156118191966,0.0760493670886069,21.0,Safe,Improved,0.18927741529929135,0.08998839807264657,0.13963290668596895,6.5,7.5
22,4,Mischa Barton,0.0964021943428148,0.1916225705329158,0.0,Safe,Improved,-0.967209826612446,0.49673131138454013,-0.23523925761395295,10.5,6.5
22,4,Kim Fields,0.0884273772253313,0.1916225705329149,32.0,Safe,Improved,0.3945056644420735,0.20927795509443514,0.30189180976825436,6.5,8.5
22,4,Jodie Sweetin,0.0837251828679645,0.1916225705329154,27.0,Safe,Improved,0.03207553381931927,0.016338246963518457,0.024206890391418864,8.0,10.0
22,4,Doug Flutie,0.0809038662535444,0.1916225705329151,24.0,Safe,Improved,-0.19635308779426972,-0.10096099522917401,-0.14865704151172188,9.0,12.0
22,4,Von Miller,0.0884273772253313,0.1916225705329153,32.0,Safe,Improved,0.3945056644420735,0.20927795509443514,0.30189180976825436,6.5,8.5
22,4,Antonio Brown,0.0912486938397513,0.1916225705329156,35.0,Safe,Improved,0.5704219757735014,0.3185764456669087,0.44449921072020504,3.5,3.5
22,4,Paige VanZant,0.0921891327112247,0.1916225705329152,36.0,Safe,Improved,0.6200927835299943,0.35335935769896276,0.48672607061447853,1.5,1.5
22,4,Geraldo Rivera,0.0964021943428148,0.1916225705329143,0.0,Safe,Improved,-0.967209826612446,0.49673131138454013,-0.23523925761395295,10.5,6.5
22,4,Nyle DiMarco,0.090308254968278,0.1916225705329153,34.0,Safe,Improved,0.5161963203525591,0.28291390486931195,0.39955511261093557,5.0,5.0
22,4,Ginger Zee,0.0921891327112247,0.1916225705329147,36.0,Safe,Improved,0.6200927835299943,0.35335935769896276,0.48672607061447853,1.5,1.5
22,4,Wanya Morris,0.0912486938397513,0.1916225705329149,35.0,Safe,Improved,0.5704219757735014,0.3185764456669087,0.44449921072020504,3.5,3.5
22,4,Marla Maples,0.0085278996719684,0.9211992946708464,28.0,Eliminated,Improved,0.10866349230888728,-0.9961024788174376,-0.4437194932542752,12.0,11.0
22,6,Mischa Barton,0.092611013215859,0.2778330396475765,0.0,Safe,Improved,-0.9262653091932377,0.33826836585017217,-0.29399847167153276,9.5,6.5
22,6,Kim Fields,0.0879580947136564,0.2778330396475765,24.0,Safe,Improved,0.4123194512124545,0.173752669567535,0.29303606038999475,7.0,10.0
22,6,Jodie Sweetin,0.0892796806167401,0.2778330396475776,25.0,Safe,Improved,0.4812775988416244,0.22193893752418056,0.3516082681829025,4.5,4.5
22,6,Doug Flutie,0.0,0.9259360132158592,21.0,Eliminated,Improved,0.1777643937697983,-0.9964275411174932,-0.4093315736738474,12.0,12.0
22,6,Von Miller,0.0879580947136564,0.2778330396475774,24.0,Safe,Improved,0.4123194512124545,0.173752669567535,0.29303606038999475,7.0,10.0
22,6,Antonio Brown,0.0919228524229075,0.2778330396475771,27.0,Safe,Improved,0.602544148056028,0.3149369844985869,0.4587405662773074,3.0,3.0
22,6,Paige VanZant,0.0932444383259912,0.2778330396475774,28.0,Safe,Improved,0.6546396389922687,0.35938334290207835,0.5070114909471736,2.0,2.0
22,6,Geraldo Rivera,0.092611013215859,0.2778330396475772,0.0,Safe,Improved,-0.9262653091932377,0.33826836585017217,-0.29399847167153276,9.5,6.5
22,6,Nyle DiMarco,0.0892796806167401,0.2778330396475774,25.0,Safe,Improved,0.4812775988416244,0.22193893752418056,0.3516082681829025,4.5,4.5
22,6,Ginger Zee,0.0879580947136564,0.2778330396475775,24.0,Safe,Improved,0.4123194512124545,0.173752669567535,0.29303606038999475,7.0,10.0
22,6,Wanya Morris,0.0945660242290749,0.2778330396475772,29.0,Safe,Improved,0.701180090933968,0.40225690136576336,0.5517184961498657,1.0,1.0
22,6,Marla Maples,0.0926110132158589,0.2778330396475772,0.0,Safe,Improved,-0.9262653091932377,0.33826836585016884,-0.2939984716715344,11.0,8.0
22,7,Mischa Barton,0.1215953271028037,0.489017757009344,0.0,Safe,Improved,-0.8744553859315859,0.7975841090251807,-0.03843563845320258,9.0,6.0
22,7,Kim Fields,0.0,0.9549203271028036,26.0,Eliminated,Improved,0.55043529619354,-0.9829536210814416,-0.21625916244395077,12.0,11.0
22,7,Jodie Sweetin,0.071471562082777,0.4890177570093461,25.5,Safe,Improved,0.523469776886507,-0.32615218760686043,0.09865879463982327,7.0,12.0
22,7,Doug Flutie,0.1215953271028036,0.4890177570093462,0.0,Safe,Improved,-0.8744553859315859,0.7975841090251797,-0.03843563845320308,10.5,7.5
22,7,Von Miller,0.0721724966622163,0.4890177570093449,26.0,Eliminated,Improved,0.55043529619354,-0.30816152512311723,0.1211368855352114,5.5,9.5
22,7,Antonio Brown,0.0721724966622163,0.4890177570093456,26.0,Safe,Improved,0.55043529619354,-0.30816152512311723,0.1211368855352114,5.5,9.5
22,7,Paige VanZant,0.074275300400534,0.489017757009346,27.5,Safe,Improved,0.6247147179779434,-0.25289390293132635,0.18591040752330854,3.0,3.0
22,7,Geraldo Rivera,0.1215953271028036,0.4890177570093461,0.0,Safe,Improved,-0.8744553859315859,0.7975841090251797,-0.03843563845320308,10.5,7.5
22,7,Nyle DiMarco,0.0749762349799733,0.4890177570093454,28.0,Safe,Improved,0.6472775180577462,-0.234076984816109,0.20660026662081862,1.0,1.0
22,7,Ginger Zee,0.074275300400534,0.4890177570093461,27.5,Safe,Improved,0.6247147179779434,-0.25289390293132635,0.18591040752330854,3.0,3.0
22,7,Wanya Morris,0.074275300400534,0.4890177570093459,27.5,Safe,Improved,0.6247147179779434,-0.25289390293132635,0.18591040752330854,3.0,3.0
22,7,Marla Maples,0.1215953271028038,0.4890177570093459,0.0,Safe,Improved,-0.8744553859315859,0.7975841090251817,-0.03843563845320208,8.0,5.0
23,2,Jake T. Austin,0.0705575174824694,0.9144279720279724,24.0,Eliminated,Improved,-0.7628656636967419,-0.977393264179259,-0.8701294639380004,13.0,13.0
23,2,Maureen McCormick,0.0760052447552535,0.0059818181818183,26.0,Safe,Improved,-0.33731713855539497,-0.31163129827427716,-0.32447421841483604,8.5,8.5
23,2,Marilu Henner,0.0768575174825262,0.0059818181818184,27.0,Safe,Improved,-0.02507061019794558,-0.023021014384831184,-0.024045812291388382,7.0,7.0
23,2,Ryan Lochte,0.074300699300708,0.0059818181818174,24.0,Safe,Improved,-0.7628656636967419,-0.7263717028788418,-0.7446186832877919,11.5,11.5
23,2,Calvin Johnson Jr.,0.0777097902097989,0.0059818181818189,28.0,Safe,Improved,0.2921455111855041,0.2694781183174898,0.28081181475149697,6.0,6.0
23,2,Laurie Hernandez,0.0811188811188898,0.0059818181818188,32.0,Safe,Improved,0.9223961535878147,0.9002629717263833,0.911329562657099,1.0,1.0
23,2,Amber Rose,0.074300699300708,0.0059818181818198,24.0,Safe,Improved,-0.7628656636967419,-0.7263717028788418,-0.7446186832877919,11.5,11.5
23,2,Rick Perry,0.0763393356642875,0.0059818181818193,22.0,Safe,Improved,-0.9295415234268823,-0.20219046523225975,-0.5658659943295711,10.0,10.0
23,2,James Hinchcliffe,0.0785620629370716,0.0059818181818184,29.0,Safe,Improved,0.5559115963334135,0.5194798264320936,0.5376957113827535,4.5,4.5
23,2,Babyface,0.0794143356643444,0.0059818181818183,30.0,Safe,Improved,0.7410854020781109,0.7038819584941486,0.7224836802861297,3.0,3.0
23,2,Vanilla Ice,0.0760052447552535,0.0059818181818183,26.0,Safe,Improved,-0.33731713855539497,-0.31163129827427716,-0.32447421841483604,8.5,8.5
23,2,Jana Kramer,0.0785620629370716,0.0059818181818181,29.0,Safe,Improved,0.5559115963334135,0.5194798264320936,0.5376957113827535,4.5,4.5
23,2,Terra Jole,0.0802666083916171,0.0059818181818166,31.0,Safe,Improved,0.8561833145851439,0.8256391485520733,0.8409112315686086,2.0,2.0
23,3,Jake T. Austin,0.0998961538338407,0.0709692307692313,0.0,Safe,Improved,-0.9959883940587579,0.8987181941889071,-0.04863509993492543,11.0,7.0
23,3,Maureen McCormick,0.0796923076945464,0.0709692307692307,28.0,Safe,Improved,0.35624825135175436,0.17484158575770958,0.26554491855473195,5.5,5.5
23,3,Marilu Henner,0.0796923076945464,0.0709692307692306,28.0,Safe,Improved,0.35624825135175436,0.17484158575770958,0.26554491855473195,5.5,5.5
23,3,Ryan Lochte,0.0769230769253156,0.0709692307692307,25.0,Safe,Improved,0.0,1.4281322308124304e-10,7.140661154062152e-11,9.0,10.0
23,3,Calvin Johnson Jr.,0.0833846153868541,0.0709692307692307,32.0,Safe,Improved,0.7010480136937942,0.3903380155850183,0.5456930146394062,1.0,1.0
23,3,Laurie Hernandez,0.0824615384637772,0.0709692307692306,31.0,Safe,Improved,0.6322552128378052,0.33931058914796347,0.48578290099288435,2.0,2.0
23,3,Amber Rose,0.0769230769253156,0.0709692307692309,25.0,Safe,Improved,0.0,1.4281322308124304e-10,7.140661154062152e-11,9.0,10.0
23,3,Rick Perry,0.0290269230646099,0.9170153846153846,23.0,Eliminated,Improved,-0.2434028740672816,-0.9955724790407318,-0.6194876765540067,13.0,13.0
23,3,James Hinchcliffe,0.0806153846176233,0.0709692307692306,29.0,Safe,Improved,0.45957806449817545,0.23128071861761645,0.345429391557896,4.0,4.0
23,3,Babyface,0.0769230769253156,0.0709692307692306,25.0,Safe,Improved,0.0,1.4281322308124304e-10,7.140661154062152e-11,9.0,10.0
23,3,Vanilla Ice,0.0750769230791618,0.0709692307692306,23.0,Safe,Improved,-0.2434028740672816,-0.11722957843341768,-0.18031622625034963,12.0,12.0
23,3,Jana Kramer,0.0778461538483926,0.0709692307692306,26.0,Safe,Improved,0.12355944514284589,0.058817567659259634,0.09118850640105276,7.0,8.0
23,3,Terra Jole,0.0815384615407003,0.0709692307692294,30.0,Safe,Improved,0.5518032460756912,0.2862049347170814,0.4190040903963863,3.0,3.0
23,4,Jake T. Austin,0.0837645446507515,0.1381310344827591,0.0,Safe,Improved,-0.9726534589354728,0.34679125598345306,-0.3129311014760099,11.5,8.0
23,4,Maureen McCormick,0.0814323607427055,0.1381310344827586,24.0,Safe,Improved,0.3952600193695925,0.23404134315684977,0.31465068126322115,4.5,4.5
23,4,Marilu Henner,0.0779840848806366,0.1381310344827588,21.0,Safe,Improved,0.09804139903629788,0.05604960789156548,0.07704550346393169,10.0,12.0
23,4,Ryan Lochte,0.0791335101679929,0.1381310344827588,22.0,Safe,Improved,0.20209053723950401,0.1163630200960244,0.1592267786677642,9.0,11.0
23,4,Calvin Johnson Jr.,0.0802829354553492,0.1381310344827592,23.0,Safe,Improved,0.30176922712594156,0.17583026282027314,0.23879974497310735,7.0,8.0
23,4,Laurie Hernandez,0.0883289124668435,0.1381310344827591,30.0,Safe,Improved,0.7846442496126161,0.5392981945086011,0.6619712220606087,1.0,1.0
23,4,Amber Rose,0.0814323607427055,0.1381310344827591,24.0,Safe,Improved,0.3952600193695925,0.23404134315684977,0.31465068126322115,4.5,4.5
23,4,Rick Perry,0.0837645446507515,0.1381310344827588,0.0,Safe,Improved,-0.9726534589354728,0.34679125598345306,-0.3129311014760099,11.5,8.0
23,4,James Hinchcliffe,0.0860300618921308,0.1381310344827588,28.0,Safe,Improved,0.6880451272467717,0.4475218526080445,0.5677834899274081,2.0,2.0
23,4,Babyface,0.0146990274093722,0.9152116710875332,18.0,Eliminated,Improved,-0.2177606176503875,-0.9972311546845986,-0.6074958861674931,13.0,13.0
23,4,Vanilla Ice,0.0802829354553492,0.1381310344827587,23.0,Eliminated,Improved,0.30176922712594156,0.17583026282027314,0.23879974497310735,7.0,8.0
23,4,Jana Kramer,0.0802829354553492,0.1381310344827585,23.0,Safe,Improved,0.30176922712594156,0.17583026282027314,0.23879974497310735,7.0,8.0
23,4,Terra Jole,0.0825817860300618,0.1381310344827577,25.0,Safe,Improved,0.4812213962650977,0.2906214132837084,0.38592140477440307,3.0,3.0
23,6,Jake T. Austin,0.0919032786885246,0.3676131147540982,0.0,Safe,Improved,-0.8872779012253164,0.5526785789233353,-0.16729966115099054,10.0,6.0
23,6,Maureen McCormick,0.0754827868852459,0.3676131147540987,31.0,Safe,Improved,0.4241341642016729,-0.05975377626471946,0.18219019396847672,6.0,10.0
23,6,Marilu Henner,0.078433606557377,0.3676131147540988,34.0,Safe,Improved,0.5600371374621286,0.06266037263737986,0.31134875504975423,5.0,8.0
23,6,Ryan Lochte,0.0744991803278688,0.3676131147540992,30.0,Safe,Improved,0.373657402658394,-0.10034210457656235,0.13665764904091582,7.5,11.5
23,6,Calvin Johnson Jr.,0.0813844262295082,0.3676131147540983,37.0,Safe,Improved,0.6712706118453805,0.18321775655231712,0.4272441841988488,3.5,3.5
23,6,Laurie Hernandez,0.0813844262295082,0.3676131147540975,37.0,Safe,Improved,0.6712706118453805,0.18321775655231712,0.4272441841988488,3.5,3.5
23,6,Amber Rose,0.0,0.9380494325346784,28.0,Eliminated,Improved,0.26600280103638996,-0.9966500400011056,-0.3653236194823578,13.0,13.0
23,6,Rick Perry,0.0919032786885246,0.3676131147540984,0.0,Safe,Improved,-0.8872779012253164,0.5526785789233353,-0.16729966115099054,10.0,6.0
23,6,James Hinchcliffe,0.0823680327868852,0.3676131147540987,38.0,Safe,Improved,0.7029494256870742,0.22238715488963423,0.4626682902883542,2.0,2.0
23,6,Babyface,0.0919032786885245,0.3676131147540983,0.0,Safe,Improved,-0.8872779012253164,0.5526785789233324,-0.16729966115099199,12.0,9.0
23,6,Vanilla Ice,0.0919032786885246,0.3676131147540979,0.0,Safe,Improved,-0.8872779012253164,0.5526785789233353,-0.16729966115099054,10.0,6.0
23,6,Jana Kramer,0.0843352459016393,0.3676131147540983,40.0,Safe,Improved,0.7587308424937989,0.29850523823375524,0.528618040363777,1.0,1.0
23,6,Terra Jole,0.0744991803278688,0.3676131147540979,30.0,Safe,Improved,0.373657402658394,-0.10034210457656235,0.13665764904091582,7.5,11.5
23,7,Jake T. Austin,0.1198822141560799,0.6032408348457368,0.0,Safe,Improved,-0.8371106780612954,0.8050373364930028,-0.01603667078414628,8.5,4.5
23,7,Maureen McCormick,0.0,0.9660283680022336,33.0,Eliminated,Improved,0.5882436250330692,-0.9634957995191429,-0.18762608724303687,13.0,12.0
23,7,Marilu Henner,0.0543491055224267,0.6032408348457355,32.0,Safe,Improved,0.549602777997836,-0.5260949884138302,0.011753894792002895,7.0,13.0
23,7,Ryan Lochte,0.0554380347420274,0.6032408348457355,33.0,Safe,Improved,0.5882436250330692,-0.5053937592214085,0.041424932905830325,6.0,11.0
23,7,Calvin Johnson Jr.,0.0597937516204303,0.6032408348457358,37.0,Safe,Improved,0.7180619972421722,-0.41670534750720395,0.15067832486748414,2.0,2.0
23,7,Laurie Hernandez,0.0570714285714285,0.603240834845735,34.5,Safe,Improved,0.6415021821317223,-0.4732222992453741,0.08413994144317408,4.5,6.5
23,7,Amber Rose,0.1198822141560798,0.6032408348457348,0.0,Safe,Improved,-0.8371106780612954,0.805037336493002,-0.016036670784146667,11.0,9.0
23,7,Rick Perry,0.1198822141560798,0.6032408348457351,0.0,Safe,Improved,-0.8371106780612954,0.805037336493002,-0.016036670784146667,11.0,9.0
23,7,James Hinchcliffe,0.0597937516204304,0.6032408348457353,37.0,Safe,Improved,0.7180619972421722,-0.4167053475072017,0.15067832486748528,1.0,1.0
23,7,Babyface,0.1198822141560798,0.6032408348457354,0.0,Safe,Improved,-0.8371106780612954,0.805037336493002,-0.016036670784146667,11.0,9.0
23,7,Vanilla Ice,0.1198822141560799,0.6032408348457357,0.0,Safe,Improved,-0.8371106780612954,0.8050373364930028,-0.01603667078414628,8.5,4.5
23,7,Jana Kramer,0.0570714285714285,0.6032408348457345,34.5,Safe,Improved,0.6415021821317223,-0.4732222992453741,0.08413994144317408,4.5,6.5
23,7,Terra Jole,0.0570714285714286,0.6032408348457343,34.5,Safe,Improved,0.6415021821317223,-0.47322229924537224,0.08413994144317502,3.0,3.0
23,8,Jake T. Austin,0.1294533625406592,0.801795821886386,0.0,Safe,Improved,-0.7676216402361222,0.7675043905036217,-5.862486625024532e-05,8.0,8.0
23,8,Maureen McCormick,0.1294533625406593,0.8017958218863903,0.0,Safe,Improved,-0.7676216402361222,0.7675043905036226,-5.862486624980123e-05,5.0,3.0
23,8,Marilu Henner,0.0280093646195998,0.8017958218863918,23.0,Safe,Improved,0.45789060053750924,-0.7372370351517955,-0.13967321730714313,12.0,13.0
23,8,Ryan Lochte,0.0,0.9783813442962266,26.0,Eliminated,Improved,0.598934993620894,-0.902435651037889,-0.15175032870849753,13.0,12.0
23,8,Calvin Johnson Jr.,0.0384571362094223,0.8017958218863898,30.0,Safe,Improved,0.7415641689745741,-0.6307613388533024,0.05540141506063584,3.5,4.5
23,8,Laurie Hernandez,0.0429347526050605,0.8017958218863912,33.0,Safe,Improved,0.8180161135504983,-0.575847777538877,0.12108416800581068,2.0,2.0
23,8,Amber Rose,0.1294533625406592,0.8017958218863905,0.0,Safe,Improved,-0.7676216402361222,0.7675043905036217,-5.862486625024532e-05,8.0,8.0
23,8,Rick Perry,0.1294533625406592,0.80179582188639,0.0,Safe,Improved,-0.7676216402361222,0.7675043905036217,-5.862486625024532e-05,8.0,8.0
23,8,James Hinchcliffe,0.045919531694393,0.8017958218863909,34.9998,Safe,Improved,0.8570192249263562,-0.5360523524709331,0.16048343622771155,1.0,1.0
23,8,Babyface,0.1294533625406592,0.8017958218863902,0.0,Safe,Improved,-0.7676216402361222,0.7675043905036217,-5.862486625024532e-05,8.0,8.0
23,8,Vanilla Ice,0.1294533625406592,0.80179582188639,0.0,Safe,Improved,-0.7676216402361222,0.7675043905036217,-5.862486625024532e-05,8.0,8.0
23,8,Jana Kramer,0.0384571362094223,0.8017958218863903,30.0,Safe,Improved,0.7415641689745741,-0.6307613388533024,0.05540141506063584,3.5,4.5
23,8,Terra Jole,0.029501903418146,0.8017958218863908,24.0,Safe,Improved,0.5081660681853233,-0.7238008127311035,-0.10781737227289012,11.0,11.0
24,2,Charo,0.0811991869918699,0.0001000000000062,25.0,Safe,Improved,-0.6035615052416571,-0.603550683964988,-0.6035560946033225,9.5,9.5
24,2,Mr. T,0.0785052845528455,0.0001000000000002,22.0,Safe,Improved,-0.9212306784956978,-0.918709589649572,-0.919970134072635,11.0,11.0
24,2,Heather Morris,0.0857723577235772,9.999999999821264e-05,30.0,Safe,Improved,0.6632250288183024,0.6632141319684188,0.6632195803933606,3.0,3.0
24,2,Nancy Kerrigan,0.0839430894308943,0.0001000000000035,28.0,Safe,Improved,0.19702677533797694,0.19702210067938658,0.19702443800868175,6.0,6.0
24,2,Bonner Bolton,0.0839430894308943,9.999999999532604e-05,28.0,Safe,Improved,0.19702677533797694,0.19702210067938658,0.19702443800868175,6.0,6.0
24,2,Simone Biles,0.0848577235772357,0.0001000000000037,29.0,Safe,Improved,0.4614038501012057,0.4613942799127224,0.46139906500696404,4.0,4.0
24,2,David Ross,0.0830284552845528,0.0001000000000015,27.0,Safe,Improved,-0.09948846878859591,-0.09948606113157756,-0.09948726496008672,8.0,8.0
24,2,Rashad Jennings,0.0876016260162601,0.0001000000000001,32.0,Safe,Improved,0.8848017031554433,0.8847943110628218,0.8847980071091326,1.5,1.5
24,2,Chris Kattan,0.0784052845528455,0.9004981707317073,22.0,Eliminated,Improved,-0.9212306784956978,-0.9236652643207356,-0.9224479714082168,12.0,12.0
24,2,Erika Jayne,0.0839430894308943,9.999999999865672e-05,28.0,Safe,Improved,0.19702677533797694,0.19702210067938658,0.19702443800868175,6.0,6.0
24,2,Normani,0.0876016260162601,0.0001000000000001,32.0,Safe,Improved,0.8848017031554433,0.8847943110628218,0.8847980071091326,1.5,1.5
24,2,Nick Viall,0.0811991869918699,9.999999999732444e-05,25.0,Safe,Improved,-0.6035615052416571,-0.603550683964988,-0.6035560946033225,9.5,9.5
24,3,Charo,0.03161666665454,0.9096154761904764,24.0,Eliminated,Improved,-0.24190891896497038,-0.9940633495487491,-0.6179861342568598,12.0,12.0
24,3,Mr. T,0.0811904761929015,0.0764904761904764,24.0,Safe,Improved,-0.24190891896497038,-0.11992796892241368,-0.18091844394369203,10.5,10.5
24,3,Heather Morris,0.08976190476433,0.0764904761904766,33.0,Safe,Improved,0.6293880279855879,0.34655556479447985,0.48797179639003385,2.5,2.5
24,3,Nancy Kerrigan,0.08976190476433,0.0764904761904762,33.0,Safe,Improved,0.6293880279855879,0.34655556479447985,0.48797179639003385,2.5,2.5
24,3,Bonner Bolton,0.0811904761929015,0.0764904761904762,24.0,Safe,Improved,-0.24190891896497038,-0.11992796892241368,-0.18091844394369203,10.5,10.5
24,3,Simone Biles,0.0888095238119491,0.0764904761904763,32.0,Safe,Improved,0.5585428963650888,0.29858442376081795,0.4285636600629534,4.0,4.0
24,3,David Ross,0.0878571428595681,0.0764904761904764,31.0,Safe,Improved,0.47848970998740287,0.24905556071891136,0.3637726353531571,5.0,5.0
24,3,Rashad Jennings,0.0850000000024253,0.0764904761904761,28.0,Safe,Improved,0.18963265612813496,0.09345489499448963,0.14154377556131228,6.0,6.5
24,3,Chris Kattan,0.1079071428450162,0.0764904761904762,0.0,Safe,Improved,-0.9937093191535105,0.881389033522986,-0.056160142815262215,9.0,6.5
24,3,Erika Jayne,0.0830952380976634,0.0764904761904764,26.0,Safe,Improved,-0.02741542767815475,-0.013388971466635728,-0.020402199572395238,7.5,8.5
24,3,Normani,0.090714285716711,0.0764904761904761,34.0,Safe,Improved,0.6911171528304902,0.39277999293707294,0.5419485728837816,1.0,1.0
24,3,Nick Viall,0.0830952380976634,0.0764904761904763,26.0,Safe,Improved,-0.02741542767815475,-0.013388971466635728,-0.020402199572395238,7.5,8.5
24,4,Charo,0.095585480587149,0.1719791411042954,0.0,Safe,Improved,-0.9695591247909208,0.478962443266215,-0.24529834076235288,10.5,6.5
24,4,Mr. T,0.0095959100350018,0.9193145705521472,28.0,Eliminated,Improved,0.06386661205834915,-0.9962555857154388,-0.4661944868285448,12.0,12.0
24,4,Heather Morris,0.0905419222855379,0.1719791411042945,35.0,Safe,Improved,0.53787762157957,0.2976204294236896,0.4177490255016298,3.0,3.0
24,4,Nancy Kerrigan,0.0887014314879919,0.1719791411042948,33.0,Safe,Improved,0.41998649753467615,0.22464967238976083,0.3223180849622185,4.0,4.0
24,4,Bonner Bolton,0.0877811860892189,0.1719791411042943,32.0,Safe,Improved,0.3548059861763852,0.18713639674644483,0.270971191461415,5.5,6.5
24,4,Simone Biles,0.0914621676843109,0.1719791411042946,36.0,Safe,Improved,0.5901582209545658,0.3329001325425973,0.46152917674858157,2.0,2.0
24,4,David Ross,0.0868609406904458,0.171979141104295,31.0,Safe,Improved,0.28598381272864376,0.14906925444244373,0.21752653358554375,7.0,9.0
24,4,Rashad Jennings,0.0942229038806299,0.1719791411042944,39.0,Safe,Improved,0.7202392730892077,0.4330341298881844,0.5766367014886961,1.0,1.0
24,4,Chris Kattan,0.095585480587149,0.1719791411042944,0.0,Safe,Improved,-0.9695591247909208,0.478962443266215,-0.24529834076235288,10.5,6.5
24,4,Erika Jayne,0.0859406952916728,0.1719791411042948,30.0,Safe,Improved,0.21407906286396322,0.11055506981829119,0.1623170663411272,8.5,10.5
24,4,Normani,0.0877811860892189,0.1719791411042945,32.0,Safe,Improved,0.3548059861763852,0.18713639674644483,0.270971191461415,5.5,6.5
24,4,Nick Viall,0.0859406952916728,0.1719791411042941,30.0,Safe,Improved,0.21407906286396322,0.11055506981829119,0.1623170663411272,8.5,10.5
24,5,Charo,0.1053631578947368,0.3328368421052626,0.0,Safe,Improved,-0.9259042475943033,0.6591592046237945,-0.1333725214852544,10.0,7.0
24,5,Mr. T,0.1053631578947368,0.3328368421052631,0.0,Safe,Improved,-0.9259042475943033,0.6591592046237945,-0.1333725214852544,10.0,7.0
24,5,Heather Morris,0.0854888157894736,0.3328368421052631,34.0,Safe,Improved,0.5059371794392252,0.07727195834833286,0.29160456889377906,4.5,4.5
24,5,Nancy Kerrigan,0.0874624999999999,0.3328368421052627,36.0,Safe,Improved,0.5953100529056006,0.1472441201502603,0.37127708652793046,3.0,3.0
24,5,Bonner Bolton,0.081541447368421,0.3328368421052631,30.0,Safe,Improved,0.29136738329484313,-0.0642769484305975,0.11354521743212281,7.0,10.0
24,5,Simone Biles,0.0894361842105263,0.3328368421052632,38.0,Safe,Improved,0.6720367828953959,0.21577288563198088,0.44390483426368843,2.0,2.0
24,5,David Ross,0.0805546052631578,0.3328368421052631,29.0,Safe,Improved,0.23148815487207397,-0.09948353027554897,0.0660023122982625,8.0,12.0
24,5,Rashad Jennings,0.0835151315789473,0.3328368421052632,32.0,Safe,Improved,0.40419827467247027,0.006530216352369189,0.20536424551241972,6.0,9.0
24,5,Chris Kattan,0.1053631578947368,0.3328368421052631,0.0,Safe,Improved,-0.9259042475943033,0.6591592046237945,-0.1333725214852544,10.0,7.0
24,5,Erika Jayne,2.775557561562892e-17,0.9386881578947366,32.0,Eliminated,Improved,0.40419827467247027,-0.9949890743377989,-0.29539539983266433,12.0,11.0
24,5,Normani,0.0904230263157894,0.3328368421052631,39.0,Safe,Improved,0.7057908996205597,0.24930001771141672,0.47754545866598824,1.0,1.0
24,5,Nick Viall,0.0854888157894736,0.3328368421052642,34.0,Safe,Improved,0.5059371794392252,0.07727195834833286,0.29160456889377906,4.5,4.5
24,6,Charo,0.1376464684014869,0.6516576208178396,0.0,Safe,Improved,-0.8728490400351061,0.8434740972855103,-0.014687471374797922,10.0,8.0
24,6,Mr. T,0.1376464684014869,0.6516576208178442,0.0,Safe,Improved,-0.8728490400351061,0.8434740972855103,-0.014687471374797922,10.0,8.0
24,6,Heather Morris,0.0,0.9709714684014868,37.0,Eliminated,Improved,0.7038795194822787,-0.9555429670192083,-0.1258317237684648,12.0,5.5
24,6,Nancy Kerrigan,0.0646003186404673,0.6516576208178452,33.5,Safe,Improved,0.5816552715682763,-0.4013886037074426,0.09013333393041686,4.0,5.5
24,6,Bonner Bolton,0.0623698353690918,0.6516576208178446,31.5,Safe,Improved,0.49673918767241865,-0.44298836127392377,0.02687541319924744,5.0,10.0
24,6,Simone Biles,0.065715560276155,0.6516576208178437,34.5,Safe,Improved,0.6199704965763569,-0.3799347142880527,0.12001789114415212,3.0,3.0
24,6,David Ross,0.061812214551248,0.6516576208178454,31.0,Safe,Improved,0.4738081940473246,-0.4531066043128123,0.010350794867256152,6.0,11.0
24,6,Rashad Jennings,0.0662731810939989,0.6516576208178451,35.0,Safe,Improved,0.6380959683328086,-0.36905051485470153,0.13452272673905352,2.0,2.0
24,6,Chris Kattan,0.1376464684014869,0.651657620817845,0.0,Safe,Improved,-0.8728490400351061,0.8434740972855103,-0.014687471374797922,10.0,8.0
24,6,Erika Jayne,0.137646468401487,0.6516576208178453,0.0,Safe,Improved,-0.8728490400351061,0.843474097285511,-0.014687471374797534,8.0,4.0
24,6,Normani,0.0673884227296866,0.6516576208178446,36.0,Safe,Improved,0.6723128897873399,-0.34697771036706904,0.16266758971013545,1.0,1.0
24,6,Nick Viall,0.0612545937334041,0.6516576208178457,30.5,Safe,Improved,0.45021614785105113,-0.4631094334324491,-0.006446642790698981,7.0,12.0
24,7,Charo,0.1423924901185771,0.7557407114624477,0.0,Safe,Improved,-0.8070208731413834,0.798620508675964,-0.004200182232709682,5.0,5.0
24,7,Mr. T,0.142392490118577,0.7557407114624499,0.0,Safe,Improved,-0.8070208731413834,0.7986205086759632,-0.00420018223271007,7.5,8.5
24,7,Heather Morris,0.142392490118577,0.755740711462451,0.0,Safe,Improved,-0.8070208731413834,0.7986205086759632,-0.00420018223271007,7.5,8.5
24,7,Nancy Kerrigan,0.0,0.9757174901185768,36.0,Eliminated,Improved,0.6591435705303367,-0.9129180245071786,-0.12688722698842098,12.0,10.5
24,7,Bonner Bolton,0.0418797760210803,0.7557407114624513,31.0,Safe,Improved,0.4823622511785455,-0.6460175451530643,-0.08182764698725942,11.0,12.0
24,7,Simone Biles,0.0513659420289854,0.7557407114624506,39.0,Safe,Improved,0.7399828221843163,-0.5317531400468483,0.10411484106873403,2.5,2.5
24,7,David Ross,0.0430655467720684,0.7557407114624514,32.0,Safe,Improved,0.5220154662637874,-0.6330277714336199,-0.05550615258491626,10.0,10.5
24,7,Rashad Jennings,0.0513659420289854,0.7557407114624504,39.0,Safe,Improved,0.7399828221843163,-0.5317531400468483,0.10411484106873403,2.5,2.5
24,7,Chris Kattan,0.1423924901185771,0.7557407114624506,0.0,Safe,Improved,-0.8070208731413834,0.798620508675964,-0.004200182232709682,5.0,5.0
24,7,Erika Jayne,0.1423924901185771,0.7557407114624503,0.0,Safe,Improved,-0.8070208731413834,0.798620508675964,-0.004200182232709682,5.0,5.0
24,7,Normani,0.0549232542819498,0.7557407114624508,42.0,Safe,Improved,0.8039156783497761,-0.4828112906543467,0.16055219384771469,1.0,1.0
24,7,Nick Viall,0.0454370882740448,0.7557407114624514,34.0,Eliminated,Improved,0.5948908021824919,-0.6059463417235808,-0.005527769770544422,9.0,7.0
25,2,Sasha Pieterse,0.0785262269722964,0.0,22.5,Safe,Improved,0.5787923709180663,0.5787923709180669,0.5787923709180667,4.5,4.5
25,2,Frankie Muniz,0.0801715651807059,0.0,24.0,Safe,Improved,0.8713536329951663,0.8713536329951658,0.8713536329951661,1.5,1.5
25,2,Jordan Fisher,0.0801715651807059,0.0,24.0,Safe,Improved,0.8713536329951663,0.8713536329951658,0.8713536329951661,1.5,1.5
25,2,Derek Fisher,0.0746871044860076,2.220446049250313e-16,19.0,Safe,Improved,-0.7265711560434452,-0.7265711560434377,-0.7265711560434415,11.5,11.5
25,2,Nikki Bella,0.0752355505554774,1.1768364061026661e-14,19.5,Safe,Improved,-0.6014498055458702,-0.6014498055458694,-0.6014498055458698,9.5,9.5
25,2,Terrell Owens,0.0752355505554774,2.3536728122053322e-14,19.5,Safe,Improved,-0.6014498055458702,-0.6014498055458694,-0.6014498055458698,9.5,9.5
25,2,Victoria Arlen,0.0779777809028266,0.0,22.0,Safe,Improved,0.4091873410038636,0.4091873410038763,0.40918734100387,6.0,6.0
25,2,Barbara Corcoran,0.0724933202081282,0.9084033750527356,17.0,Eliminated,Improved,-0.9493805893048785,-0.9493805893048797,-0.949380589304879,13.0,13.0
25,2,Lindsey Stirling,0.0785262269722964,0.0,22.5,Safe,Improved,0.5787923709180663,0.5787923709180669,0.5787923709180667,4.5,4.5
25,2,Debbie Gibson,0.0763324426944171,0.0,20.5,Eliminated,Improved,-0.2387003248345711,-0.2387003248345591,-0.2387003248345651,7.5,7.5
25,2,Nick Lachey,0.0746871044860076,5.6621374255882976e-15,19.0,Safe,Improved,-0.7265711560434452,-0.7265711560434377,-0.7265711560434415,11.5,11.5
25,2,Drew Scott,0.0763324426944171,1.2212453270876722e-15,20.5,Safe,Improved,-0.2387003248345711,-0.2387003248345591,-0.2387003248345651,7.5,7.5
25,2,Vanessa Lachey,0.0796231191112361,1.3322676295501878e-15,23.5,Safe,Improved,0.805002388490051,0.8050023884900552,0.8050023884900531,3.0,3.0
25,4,Sasha Pieterse,0.0804144195288106,0.1737317343173436,24.0,Safe,Improved,0.3227096317491667,0.1590136105702045,0.24086162115968562,6.5,8.5
25,4,Frankie Muniz,0.0804144195288106,0.1737317343173431,24.0,Safe,Improved,0.3227096317491667,0.1590136105702045,0.24086162115968562,6.5,8.5
25,4,Jordan Fisher,0.0859494748793641,0.173731734317343,29.0,Safe,Improved,0.6989482582842333,0.39239425249468857,0.5456712553894609,1.0,1.0
25,4,Derek Fisher,0.0056860062446778,0.9311170025546412,23.0,Eliminated,Improved,0.2246560589588075,-0.9971282351536671,-0.3862360880974298,13.0,12.5
25,4,Nikki Bella,0.0804144195288106,0.1737317343173433,24.0,Safe,Improved,0.3227096317491667,0.1590136105702045,0.24086162115968562,6.5,8.5
25,4,Terrell Owens,0.0804144195288106,0.1737317343173432,24.0,Safe,Improved,0.3227096317491667,0.1590136105702045,0.24086162115968562,6.5,8.5
25,4,Victoria Arlen,0.0837354527391427,0.1737317343173431,27.0,Safe,Improved,0.573694314956967,0.3030966087683079,0.43839546186263745,2.0,2.0
25,4,Barbara Corcoran,0.0906568549531649,0.1737317343173435,0.0,Safe,Improved,-0.9763152525919554,0.5586441373310949,-0.20883555763043027,11.5,4.5
25,4,Lindsey Stirling,0.082628441669032,0.1737317343173431,26.0,Safe,Improved,0.4981915501378165,0.256235784331824,0.37721366723482025,3.0,3.0
25,4,Debbie Gibson,0.0906568549531649,0.1737317343173432,0.0,Safe,Improved,-0.9763152525919554,0.5586441373310949,-0.20883555763043027,11.5,4.5
25,4,Nick Lachey,0.0782003973885892,0.1737317343173431,22.0,Safe,Improved,0.1218315953932721,0.058606380574974984,0.09021898798412353,10.0,12.5
25,4,Drew Scott,0.0804144195288106,0.173731734317343,24.0,Safe,Improved,0.3227096317491667,0.1590136105702045,0.24086162115968562,6.5,8.5
25,4,Vanessa Lachey,0.0804144195288106,0.1737317343173424,24.0,Safe,Improved,0.3227096317491667,0.1590136105702045,0.24086162115968562,6.5,8.5
25,5,Sasha Pieterse,0.0,0.9382001768346596,24.0,Eliminated,Improved,0.32454479195678976,-0.996908962163575,-0.33618208510339265,13.0,12.0
25,5,Frankie Muniz,0.083491570881226,0.2840249042145606,29.0,Safe,Improved,0.6445214199481512,0.269453324741178,0.4569873723446646,2.0,2.0
25,5,Jordan Fisher,0.0846409961685823,0.2840249042145595,30.0,Safe,Improved,0.6919565926949783,0.31367806495588557,0.502817328825432,1.0,1.0
25,5,Derek Fisher,0.0920540229885056,0.2840249042145595,0.0,Safe,Improved,-0.9382480556065114,0.562453912671957,-0.1878970714672772,12.0,8.0
25,5,Nikki Bella,0.0811927203065134,0.2840249042145595,27.0,Safe,Improved,0.5329162721097073,0.17767745955253766,0.35529686583112247,4.5,4.5
25,5,Terrell Owens,0.0788938697318007,0.284024904214559,25.0,Safe,Improved,0.3990755529045518,0.08270322921717221,0.24088939106086202,6.5,9.5
25,5,Victoria Arlen,0.0811927203065134,0.284024904214559,27.0,Safe,Improved,0.5329162721097073,0.17767745955253766,0.35529686583112247,4.5,4.5
25,5,Barbara Corcoran,0.0920540229885057,0.2840249042145596,0.0,Safe,Improved,-0.9382480556065114,0.5624539126719597,-0.18789707146727586,10.5,6.5
25,5,Lindsey Stirling,0.0823421455938697,0.2840249042145594,28.0,Safe,Improved,0.5915451432463602,0.22406208057675794,0.40780361191155906,3.0,3.0
25,5,Debbie Gibson,0.0920540229885057,0.2840249042145598,0.0,Safe,Improved,-0.9382480556065114,0.5624539126719597,-0.18789707146727586,10.5,6.5
25,5,Nick Lachey,0.0754455938697317,0.2840249042145599,22.0,Safe,Improved,0.16357535505609555,-0.06206382881604654,0.05075576312002451,9.0,13.0
25,5,Drew Scott,0.0788938697318007,0.2840249042145594,25.0,Safe,Improved,0.3990755529045518,0.08270322921717221,0.24088939106086202,6.5,9.5
25,5,Vanessa Lachey,0.0777444444444444,0.2840249042145586,24.0,Safe,Improved,0.32454479195678976,0.0345334054744165,0.17953909871560314,8.0,11.0
25,6,Sasha Pieterse,0.0850673202614379,0.3402692810457509,0.0,Safe,Improved,-0.8860196789895058,0.33564337509636333,-0.27518815194657126,10.5,7.5
25,6,Frankie Muniz,0.07854477124183,0.3402692810457517,31.0,Safe,Improved,0.41759313474721577,0.06941637433607574,0.24350475454164575,6.5,10.5
25,6,Jordan Fisher,0.086387908496732,0.3402692810457519,39.0,Safe,Improved,0.7266739779929858,0.38489497505991205,0.5557844765264489,2.0,2.0
25,6,Derek Fisher,0.0850673202614379,0.3402692810457524,0.0,Safe,Improved,-0.8860196789895058,0.33564337509636333,-0.27518815194657126,10.5,7.5
25,6,Nikki Bella,0.0834467320261437,0.3402692810457521,36.0,Safe,Improved,0.6308441953212928,0.27262172953884517,0.451732962430069,4.5,4.5
25,6,Terrell Owens,0.0844271241830065,0.3402692810457518,37.0,Safe,Improved,0.6653908114291951,0.31106765619325066,0.48822923381122285,3.0,3.0
25,6,Victoria Arlen,0.07854477124183,0.3402692810457522,31.0,Safe,Improved,0.41759313474721577,0.06941637433607574,0.24350475454164575,6.5,10.5
25,6,Barbara Corcoran,0.0850673202614379,0.340269281045752,0.0,Safe,Improved,-0.8860196789895058,0.33564337509636333,-0.27518815194657126,10.5,7.5
25,6,Lindsey Stirling,0.0873683006535947,0.3402692810457517,40.0,Safe,Improved,0.7536074921043403,0.4201106790575092,0.5868590855809248,1.0,1.0
25,6,Debbie Gibson,0.0850673202614379,0.3402692810457522,0.0,Safe,Improved,-0.8860196789895058,0.33564337509636333,-0.27518815194657126,10.5,7.5
25,6,Nick Lachey,0.0,0.9312134741075918,26.0,Eliminated,Improved,0.1456852991594069,-0.9972720004993813,-0.4257933506699872,13.0,13.0
25,6,Drew Scott,0.0775643790849673,0.3402692810457519,30.0,Safe,Improved,0.3671840684011286,0.0274881330872168,0.1973361007441727,8.0,12.0
25,6,Vanessa Lachey,0.0834467320261437,0.3402692810457511,36.0,Safe,Improved,0.6308441953212928,0.27262172953884517,0.451732962430069,4.5,4.5
25,7,Sasha Pieterse,0.1117279069767441,0.5586395348837211,0.0,Safe,Improved,-0.835756900506406,0.7790686528737795,-0.028344123816313294,11.5,9.5
25,7,Frankie Muniz,0.0668388704318936,0.5586395348837205,30.0,Safe,Improved,0.7540972404401216,-0.29331868109447906,0.23038927967282127,1.0,1.0
25,7,Jordan Fisher,0.0626528239202657,0.5586395348837219,27.0,Safe,Improved,0.6431074164868784,-0.4033444512667195,0.11988148261007947,5.0,8.0
25,7,Derek Fisher,0.1117279069767441,0.5586395348837215,0.0,Safe,Improved,-0.835756900506406,0.7790686528737795,-0.028344123816313294,11.5,9.5
25,7,Nikki Bella,4.163336342344337e-17,0.9578740608228984,24.0,Eliminated,Improved,0.4964040124078579,-0.9802985174290639,-0.241947252510603,13.0,13.0
25,7,Terrell Owens,0.0591644518272425,0.5586395348837214,24.5,Safe,Improved,0.5234002741036494,-0.48704028956836276,0.01817999226764333,7.0,12.0
25,7,Victoria Arlen,0.0647458471760797,0.5586395348837211,28.5,Safe,Improved,0.702855061647013,-0.34953606081471744,0.17665950041614775,2.5,2.5
25,7,Barbara Corcoran,0.1117279069767442,0.5586395348837216,0.0,Safe,Improved,-0.835756900506406,0.7790686528737806,-0.02834412381631274,9.0,5.0
25,7,Lindsey Stirling,0.0605598006644518,0.558639534883721,25.5,Safe,Improved,0.574349125936693,-0.4545008736953335,0.05992412612067974,6.0,11.0
25,7,Debbie Gibson,0.1117279069767442,0.5586395348837205,0.0,Safe,Improved,-0.835756900506406,0.7790686528737806,-0.02834412381631274,9.0,5.0
25,7,Nick Lachey,0.1117279069767442,0.5586395348837209,0.0,Safe,Improved,-0.835756900506406,0.7790686528737806,-0.02834412381631274,9.0,5.0
25,7,Drew Scott,0.0647458471760797,0.5586395348837206,28.5,Safe,Improved,0.702855061647013,-0.34953606081471744,0.17665950041614775,2.5,2.5
25,7,Vanessa Lachey,0.0626528239202658,0.5586395348837195,27.0,Eliminated,Improved,0.6431074164868784,-0.4033444512667167,0.11988148261008086,4.0,7.0
26,1,Jamie Anderson,0.0908857142857142,0.89056619047619,19.0,Eliminated,Improved,-0.6650327905570789,-0.9750421721984888,-0.8200374813777838,10.0,9.5
26,1,Johnny Damon,0.095747619047619,0.0144857142857148,18.0,Eliminated,Improved,-0.8344688968084333,-0.76974772916175,-0.8021083129850917,9.0,9.5
26,1,Kareem Abdul-Jabbar,0.1005095238095238,0.0144857142857139,17.0,Safe,Improved,-0.9222037903145989,0.12157791130183916,-0.40031293950637986,8.0,7.5
26,1,Arike Ogunbowale,0.0985714285714285,0.0144857142857144,20.0,Safe,Improved,-0.38071181601279974,-0.3297673575579905,-0.35523958678539513,7.0,7.5
26,1,Jennie Finch Daigle,0.0999999999999999,0.0144857142857144,21.0,Safe,Improved,0.0,-9.983557418307315e-15,-4.9917787091536574e-15,5.5,5.5
26,1,Chris Mazdzer,0.0999999999999999,0.0144857142857147,21.0,Safe,Improved,0.0,-9.983557418307315e-15,-4.9917787091536574e-15,5.5,5.5
26,1,Mirai Nagasu,0.1028571428571428,0.0144857142857146,23.0,Safe,Improved,0.6650327905570789,0.5948471621796438,0.6299399763683613,3.5,3.5
26,1,Tonya Harding,0.1028571428571428,0.0144857142857147,23.0,Safe,Improved,0.6650327905570789,0.5948471621796438,0.6299399763683613,3.5,3.5
26,1,Josh Norman,0.1042857142857142,0.0144857142857142,24.0,Safe,Improved,0.8344688968084333,0.7729848933849531,0.8037268950966932,1.5,1.5
26,1,Adam Rippon,0.1042857142857142,0.0144857142857153,24.0,Safe,Improved,0.8344688968084333,0.7729848933849531,0.8037268950966932,1.5,1.5
26,2,Jamie Anderson,0.1178214953271028,0.2207607476635513,0.0,Safe,Improved,-0.953664262000863,0.4949885803432426,-0.22933784082881017,8.0,4.0
26,2,Johnny Damon,0.1178214953271027,0.2207607476635515,0.0,Safe,Improved,-0.953664262000863,0.49498858034324034,-0.2293378408288113,9.0,7.0
26,2,Kareem Abdul-Jabbar,0.0074411214953271,0.9103703738317755,29.5,Eliminated,Improved,0.1899859413778446,-0.9928957256647385,-0.40145489214344693,10.0,10.0
26,2,Arike Ogunbowale,0.1092523364485981,0.2207607476635518,35.0,Eliminated,Improved,0.5204580372470542,0.2745001447168679,0.39747909098196105,3.0,3.0
26,2,Jennie Finch Daigle,0.1053271028037383,0.2207607476635511,31.5,Safe,Improved,0.32049040383457034,0.16079711531842977,0.24064375957650005,6.5,8.5
26,2,Chris Mazdzer,0.1070093457943925,0.2207607476635509,33.0,Safe,Improved,0.4112350832279681,0.21024479483986042,0.3107399390339143,4.5,5.5
26,2,Mirai Nagasu,0.1114953271028037,0.2207607476635517,37.0,Safe,Improved,0.6149473154543937,0.3363941821275303,0.47567074879096205,1.5,1.5
26,2,Tonya Harding,0.1070093457943925,0.2207607476635515,33.0,Safe,Improved,0.4112350832279681,0.21024479483986042,0.3107399390339143,4.5,5.5
26,2,Josh Norman,0.1053271028037383,0.2207607476635518,31.5,Safe,Improved,0.32049040383457034,0.16079711531842977,0.24064375957650005,6.5,8.5
26,2,Adam Rippon,0.1114953271028037,0.2207607476635525,37.0,Safe,Improved,0.6149473154543937,0.3363941821275303,0.47567074879096205,1.5,1.5
26,3,Jamie Anderson,0.1375407582938389,0.5501630331753555,0.0,Safe,Improved,-0.8163038873522284,0.7085696770937663,-0.05386710512923104,6.0,3.0
26,3,Johnny Damon,0.1375407582938388,0.5501630331753555,0.0,Safe,Improved,-0.8163038873522284,0.7085696770937651,-0.05386710512923165,8.0,7.0
26,3,Kareem Abdul-Jabbar,0.1375407582938388,0.5501630331753558,0.0,Safe,Improved,-0.8163038873522284,0.7085696770937651,-0.05386710512923165,8.0,7.0
26,3,Arike Ogunbowale,0.1375407582938388,0.5501630331753561,0.0,Safe,Improved,-0.8163038873522284,0.7085696770937651,-0.05386710512923165,8.0,7.0
26,3,Jennie Finch Daigle,0.0,0.937530758293839,29.0,Eliminated,Improved,0.4044313607447937,-0.9821719468539108,-0.2888702930545586,10.0,10.0
26,3,Chris Mazdzer,0.08513327014218,0.5501630331753558,33.0,Eliminated,Improved,0.5690509169222001,-0.336551880500445,0.11624951821087756,5.0,9.0
26,3,Mirai Nagasu,0.0879768720379146,0.5501630331753553,35.0,Eliminated,Improved,0.6379501206341454,-0.27587830708083155,0.1810359067766569,3.5,4.5
26,3,Tonya Harding,0.0879768720379146,0.5501630331753553,35.0,Safe,Improved,0.6379501206341454,-0.27587830708083155,0.1810359067766569,3.5,4.5
26,3,Josh Norman,0.0922422748815165,0.5501630331753554,38.0,Safe,Improved,0.7247583202767021,-0.18073268616678487,0.2720128170549586,2.0,2.0
26,3,Adam Rippon,0.0965076777251184,0.5501630331753569,41.0,Safe,Improved,0.7933782372613933,-0.08207963694529577,0.3556493001580488,1.0,1.0
27,1,Juan Pablo Di Pace,0.0797285067873303,0.0138254901960784,22.0,Safe,Improved,0.731470670808054,0.6008183678692992,0.6661445193386766,3.5,3.5
27,1,Evanna Lynch,0.0750226244343891,0.0138254901960788,18.0,Safe,Improved,-0.558929992766,-0.4385371486204392,-0.49873357069321955,11.0,11.0
27,1,Nancy McKeon,0.076787330316742,0.0138254901960784,19.5,Safe,Improved,-0.04506058470708278,-0.03358865970438925,-0.039324622205736015,8.0,8.0
27,1,John Schneider,0.0750226244343891,0.0138254901960785,18.0,Safe,Improved,-0.558929992766,-0.4385371486204392,-0.49873357069321955,11.0,11.0
27,1,Milo Manheim,0.0773755656108597,0.0138254901960783,20.0,Safe,Improved,0.1491820199698152,0.11153830740284253,0.13036016368632886,6.0,6.0
27,1,Danelle Umstead,0.0750226244343891,0.0138254901960785,18.0,Safe,Improved,-0.558929992766,-0.4385371486204392,-0.49873357069321955,11.0,11.0
27,1,Mary Lou Retton,0.0773755656108597,0.0138254901960787,20.0,Safe,Improved,0.1491820199698152,0.11153830740284253,0.13036016368632886,6.0,6.0
27,1,DeMarcus Ware,0.0809049773755656,0.0138254901960785,23.0,Safe,Improved,0.8674470893497724,0.7554962591412611,0.8114716742455168,1.5,1.5
27,1,Nikki Glaser,0.0654628205128205,0.914873604826546,17.5,Eliminated,Improved,-0.6786841856931868,-0.9931519239663812,-0.835918054829784,13.0,13.0
27,1,Bobby Bones,0.0773755656108597,0.0138254901960785,20.0,Safe,Improved,0.1491820199698152,0.11153830740284253,0.13036016368632886,6.0,6.0
27,1,Tinashe,0.0809049773755656,0.0138254901960779,23.0,Safe,Improved,0.8674470893497724,0.7554962591412611,0.8114716742455168,1.5,1.5
27,1,Alexis Ren,0.0797285067873303,0.0138254901960784,22.0,Safe,Improved,0.731470670808054,0.6008183678692992,0.6661445193386766,3.5,3.5
27,1,Joe Amabile,0.0792883107088989,0.0138254901960875,14.0,Safe,Improved,-0.9754749477038861,0.5266263801976266,-0.22442428375312973,9.0,9.0
27,2,Juan Pablo Di Pace,0.082681643682034,0.0722887245841032,26.0,Safe,Improved,0.6378410975273415,0.3581086285098506,0.49797486301859606,2.0,2.0
27,2,Evanna Lynch,0.0804635290794462,0.0722887245841042,24.0,Safe,Improved,0.4332522084439806,0.22638899354851222,0.32982060099624644,5.0,5.0
27,2,Nancy McKeon,0.0765818285249175,0.0722887245841034,20.5,Safe,Improved,-0.04468285449750658,-0.022201660868793653,-0.033442257683150116,9.0,10.0
27,2,John Schneider,0.0776908858262114,0.0722887245841035,21.5,Safe,Improved,0.10026537631017841,0.04992041734304073,0.07509289682660958,8.0,9.0
27,2,Milo Manheim,0.082681643682034,0.0722887245841032,26.0,Safe,Improved,0.6378410975273415,0.3581086285098506,0.49797486301859606,2.0,2.0
27,2,Danelle Umstead,0.0298590004142473,0.9146380207592784,18.5,Eliminated,Improved,-0.32331502578852966,-0.9956345461535475,-0.6594747859710386,13.0,12.5
27,2,Mary Lou Retton,0.0793544717781523,0.0722887245841037,23.0,Safe,Improved,0.3082200967519624,0.15690582725244412,0.23256296200220325,7.0,8.0
27,2,DeMarcus Ware,0.0799090004287992,0.0722887245841036,23.5,Safe,Improved,0.3724248446978931,0.1918878571286312,0.2821563509132622,6.0,6.0
27,2,Nikki Glaser,0.0983508673273711,0.0722887245841034,0.0,Safe,Improved,-0.9952830691541867,0.884118514758195,-0.055582277197995855,10.0,7.0
27,2,Bobby Bones,0.0754727712236236,0.0722887245841035,19.5,Safe,Improved,-0.18777386199330096,-0.09409339514884636,-0.14093362857107367,11.0,11.0
27,2,Tinashe,0.082681643682034,0.0722887245841032,26.0,Safe,Improved,0.6378410975273415,0.3581086285098506,0.49797486301859606,2.0,2.0
27,2,Alexis Ren,0.0810180577300931,0.0722887245841031,24.5,Safe,Improved,0.49037316771548317,0.2603312626761457,0.3753522151958144,4.0,4.0
27,2,Joe Amabile,0.0732546566210358,0.0722887245841026,17.5,Safe,Improved,-0.4467726230404714,-0.2342741628481303,-0.34052339294430084,12.0,12.5
27,3,Juan Pablo Di Pace,0.0870564859472361,0.1812118081180823,30.0,Safe,Improved,0.7341395621228932,0.4440213566354554,0.5890804593791743,1.0,1.0
27,3,Evanna Lynch,0.083735452736904,0.1812118081180813,27.0,Safe,Improved,0.5582940703025389,0.3102535664575983,0.43427381838006857,3.0,3.0
27,3,Nancy McKeon,0.0077770271623494,0.9274269656542724,22.0,Eliminated,Improved,0.11764358855610857,-0.9970357877966513,-0.43969609962027134,13.0,12.0
27,3,John Schneider,0.0770933863162398,0.1812118081180819,21.0,Safe,Improved,0.015757478296331236,0.008020476875200192,0.011888977585765714,9.0,11.0
27,3,Milo Manheim,0.083735452736904,0.1812118081180813,27.0,Safe,Improved,0.5582940703025389,0.3102535664575983,0.43427381838006857,3.0,3.0
27,3,Danelle Umstead,0.0890578389704675,0.1812118081180814,0.0,Safe,Improved,-0.9724391551442708,0.516446459008638,-0.22799634806781643,11.5,7.5
27,3,Mary Lou Retton,0.0804144195265719,0.1812118081180814,24.0,Safe,Improved,0.3122666913408286,0.162957424472471,0.2376120579066498,7.0,9.0
27,3,DeMarcus Ware,0.0826284416667933,0.1812118081180814,26.0,Safe,Improved,0.48378892551379465,0.26240707799324253,0.3730980017535186,5.5,5.5
27,3,Nikki Glaser,0.0890578389704675,0.1812118081180809,0.0,Safe,Improved,-0.9724391551442708,0.516446459008638,-0.22799634806781643,11.5,7.5
27,3,Bobby Bones,0.0793074084564612,0.1812118081180816,23.0,Safe,Improved,0.21711173449794424,0.11181950864005406,0.16446562156899916,8.0,10.0
27,3,Tinashe,0.083735452736904,0.1812118081180812,27.0,Safe,Improved,0.5582940703025389,0.3102535664575983,0.43427381838006857,3.0,3.0
27,3,Alexis Ren,0.0826284416667933,0.1812118081180813,26.0,Safe,Improved,0.48378892551379465,0.26240707799324253,0.3730980017535186,5.5,5.5
27,3,Joe Amabile,0.0737723531059077,0.1812118081180798,18.0,Safe,Improved,-0.28354929402167844,-0.14730252546935566,-0.21542590974551706,10.0,13.0
27,4,Juan Pablo Di Pace,0.0751582375478927,0.4709275862068935,24.0,Safe,Improved,0.5182272774222483,-0.061207253927269084,0.22851001174748958,4.0,4.0
27,4,Evanna Lynch,0.0751582375478926,0.4709275862068983,24.0,Safe,Improved,0.5182272774222483,-0.06120725392727293,0.22851001174748767,5.0,6.0
27,4,Nancy McKeon,0.1121689655172413,0.4709275862068974,0.0,Safe,Improved,-0.9308004760311634,0.8408036968561403,-0.04499838958751157,11.0,8.0
27,4,John Schneider,0.0712789272030651,0.4709275862068973,21.0,Safe,Improved,0.2859320435271453,-0.19352091341209224,0.04620556505752653,7.0,11.0
27,4,Milo Manheim,0.081623754789272,0.470927586206897,29.0,Safe,Improved,0.777973936559485,0.16179611046387818,0.4698850235116816,1.0,1.0
27,4,Danelle Umstead,0.1121689655172414,0.470927586206897,0.0,Safe,Improved,-0.9308004760311634,0.8408036968561413,-0.04499838958751107,9.5,6.0
27,4,Mary Lou Retton,0.0777444444444444,0.4709275862068962,26.0,Safe,Improved,0.6413330279154267,0.028514168506775173,0.3349235982111009,2.0,2.0
27,4,DeMarcus Ware,0.0725720306513409,0.4709275862068968,22.0,Safe,Improved,0.36910914925171334,-0.1499503278825432,0.10957941068458507,6.0,10.0
27,4,Nikki Glaser,0.1121689655172414,0.470927586206896,0.0,Safe,Improved,-0.9308004760311634,0.8408036968561413,-0.04499838958751107,9.5,6.0
27,4,Bobby Bones,0.0699858237547892,0.4709275862068967,20.0,Safe,Improved,0.19821088439924597,-0.23634129611112734,-0.01906520585594068,8.0,12.0
27,4,Tinashe,1.3877787807814457e-17,0.9583151193633952,26.0,Eliminated,Improved,0.6413330279154267,-0.9904757842461064,-0.17457137816533985,12.0,9.0
27,4,Alexis Ren,0.0764513409961685,0.4709275862068967,25.0,Safe,Improved,0.5831178552111158,-0.01637951504083701,0.2833691700851394,3.0,3.0
27,4,Joe Amabile,0.0635203065134099,0.4709275862068972,15.0,Safe,Improved,-0.25937182620703453,-0.43448305588245356,-0.34692744104474404,13.0,13.0
27,6,Juan Pablo Di Pace,0.0782796943231441,0.4592152838427928,30.0,Safe,Improved,0.7529948874966351,0.04840490936343135,0.40069989843003323,1.5,1.5
27,6,Evanna Lynch,0.0769696506550218,0.4592152838427956,29.0,Safe,Improved,0.7166476750243468,0.0016630764012797404,0.35915537571281325,3.0,3.0
27,6,Nancy McKeon,0.1049034934497816,0.4592152838427957,0.0,Safe,Improved,-0.8839778370433049,0.7612321525928767,-0.06137284222521411,9.5,7.0
27,6,John Schneider,0.0638692139737991,0.4592152838427951,19.0,Safe,Improved,0.10911076514611064,-0.43507022524072747,-0.16297973004730842,12.0,13.0
27,6,Milo Manheim,0.0782796943231441,0.4592152838427956,30.0,Safe,Improved,0.7529948874966351,0.04840490936343135,0.40069989843003323,1.5,1.5
27,6,Danelle Umstead,0.1049034934497816,0.4592152838427952,0.0,Safe,Improved,-0.8839778370433049,0.7612321525928767,-0.06137284222521411,9.5,7.0
27,6,Mary Lou Retton,1.3877787807814457e-17,0.9510496472959358,24.0,Eliminated,Improved,0.4661442703612987,-0.9918077946881979,-0.2628317621634496,13.0,12.0
27,6,DeMarcus Ware,0.073039519650655,0.4592152838427952,26.0,Safe,Improved,0.5805999113111521,-0.13779381517740205,0.221403048066875,5.0,7.0
27,6,Nikki Glaser,0.1049034934497816,0.4592152838427952,0.0,Safe,Improved,-0.8839778370433049,0.7612321525928767,-0.06137284222521411,9.5,7.0
27,6,Bobby Bones,0.0677993449781659,0.4592152838427954,22.0,Safe,Improved,0.3336220643751503,-0.3147371253441785,0.009442469515485885,6.5,10.5
27,6,Tinashe,0.1049034934497816,0.4592152838427945,0.0,Safe,Improved,-0.8839778370433049,0.7612321525928767,-0.06137284222521411,9.5,7.0
27,6,Alexis Ren,0.0743495633187772,0.4592152838427953,27.0,Safe,Improved,0.6306438299331381,-0.09163848591087058,0.26950267201113376,4.0,4.0
27,6,Joe Amabile,0.0677993449781659,0.4592152838427938,22.0,Safe,Improved,0.3336220643751503,-0.3147371253441785,0.009442469515485885,6.5,10.5
27,7,Juan Pablo Di Pace,0.0551995073891625,0.6421793103448232,28.0,Safe,Improved,0.6719517974799804,-0.4791005296231102,0.09642563392843506,3.0,3.0
27,7,Evanna Lynch,0.0572684729064039,0.6421793103448286,29.5,Safe,Improved,0.7271629523364954,-0.4399091125277091,0.14362691990439316,1.0,1.0
27,7,Nancy McKeon,0.1242379310344827,0.6421793103448281,0.0,Safe,Improved,-0.8363593170576699,0.8132449544589219,-0.011557181299373998,9.0,7.0
27,7,John Schneider,0.0,0.9703840848806364,27.0,Eliminated,Improved,0.630373149021165,-0.9515335145295695,-0.16058018275420222,13.0,12.0
27,7,Milo Manheim,0.0565788177339901,0.6421793103448272,29.0,Safe,Improved,0.7096861728273541,-0.45317141829147023,0.12825737726794195,2.0,2.0
27,7,Danelle Umstead,0.1242379310344827,0.6421793103448281,0.0,Safe,Improved,-0.8363593170576699,0.8132449544589219,-0.011557181299373998,9.0,7.0
27,7,Mary Lou Retton,0.1242379310344827,0.6421793103448277,0.0,Safe,Improved,-0.8363593170576699,0.8132449544589219,-0.011557181299373998,9.0,7.0
27,7,DeMarcus Ware,0.0531305418719211,0.6421793103448278,26.5,Eliminated,Improved,0.6081032064752437,-0.5164704908531181,0.0458163578110628,6.0,11.0
27,7,Nikki Glaser,0.1242379310344827,0.6421793103448274,0.0,Safe,Improved,-0.8363593170576699,0.8132449544589219,-0.011557181299373998,9.0,7.0
27,7,Bobby Bones,0.0531305418719212,0.6421793103448268,26.5,Safe,Improved,0.6081032064752437,-0.5164704908531165,0.045816357811063635,5.0,10.0
27,7,Tinashe,0.1242379310344827,0.642179310344827,0.0,Safe,Improved,-0.8363593170576699,0.8132449544589219,-0.011557181299373998,9.0,7.0
27,7,Alexis Ren,0.0545098522167487,0.6421793103448279,27.5,Safe,Improved,0.6516517150467885,-0.49176238210273426,0.07994466647202714,4.0,4.0
27,7,Joe Amabile,0.0489926108374384,0.6421793103448274,23.5,Safe,Improved,0.4535270448697498,-0.5855784372099194,-0.0660256961700848,12.0,13.0
28,2,Kate Flannery,0.1202220957635215,0.640438840788802,21.0,Safe,Improved,0.6889353077404907,0.8181640252242269,0.7535496664823589,2.0,2.0
28,2,James Van Der Beek,0.1051453050603566,0.6542596812636836,20.0,Safe,Improved,0.49171276806796055,0.5919849501048038,0.5418488590863821,4.0,4.0
28,2,Kel Mitchell,0.1148293796595284,0.6714457456369436,20.0,Safe,Improved,0.49171276806796055,0.7543361194208373,0.6230244437443989,3.0,3.0
28,2,Ray Lewis,0.0603218269864923,0.7094925065199069,15.0,Safe,Improved,-0.7614812213276058,-0.615763282506667,-0.6886222519171363,10.0,10.0
28,2,Lamar Odom,0.0404945062648209,0.726708720952252,12.0,Safe,Improved,-0.9581277108517312,-0.8709330492508476,-0.9145303800512894,12.0,12.0
28,2,Sailor Brinkley-Cook,0.0715405462576911,0.7345277332839177,18.0,Safe,Improved,-0.0767511539578943,-0.35227074304872014,-0.2145109485033072,8.0,8.0
28,2,Sean Spicer,0.0635569058539765,0.7249351729818458,16.0,Safe,Improved,-0.5993432008610189,-0.5491687770709837,-0.5742559889660013,9.0,9.0
28,2,Mary Wilson,0.0276298745046242,0.902276815024694,15.0,Eliminated,Improved,-0.7614812213276058,-0.9400425507454615,-0.8507618860365336,11.0,11.0
28,2,Lauren Alaina,0.0897411000117334,0.712408814863901,19.0,Safe,Improved,0.22669930322678272,0.1973523068323266,0.21202580502955465,6.0,6.0
28,2,Ally Brooke,0.0949485202891013,0.65334959472385,20.0,Safe,Improved,0.49171276806796055,0.3474064911391793,0.41955962960356996,5.0,5.0
28,2,Karamo Brown,0.0804507533541655,0.7166182233065952,19.0,Safe,Improved,0.22669930322678272,-0.08971876923082277,0.06849026699797997,7.0,7.0
28,2,Hannah Brown,0.1311191859939874,0.5914196766739164,24.0,Safe,Improved,0.9434728216780729,0.9035672141217216,0.9235200178998972,1.0,1.0
28,4,Kate Flannery,0.0708842115468401,0.753176153416744,26.0,Safe,Improved,0.2098598502116468,-0.3720756705798851,-0.08110791018411916,8.0,8.0
28,4,James Van Der Beek,0.0809013361708505,0.7272392820557076,28.0,Safe,Improved,0.3656950969018276,-0.07620257679230542,0.1447462600547611,7.0,7.0
28,4,Kel Mitchell,0.1290394999319338,0.5861351113621692,32.0,Safe,Improved,0.6195559620499727,0.8926680638111674,0.7561120129305701,1.0,1.0
28,4,Ray Lewis,0.0436506657981518,0.8138283915284767,0.0,Safe,Improved,-0.9641990367987018,-0.8471032110288194,-0.9056511239137606,12.0,12.0
28,4,Lamar Odom,0.026936124133237,0.9077594018648456,20.0,Eliminated,Improved,-0.28969622730906,-0.9436691196459905,-0.6166826734775253,10.0,11.0
28,4,Sailor Brinkley-Cook,0.0975652686457929,0.6799666647117988,31.0,Safe,Improved,0.5642688611348787,0.41926517128469826,0.49176701620978847,5.0,5.0
28,4,Sean Spicer,0.0663483077986124,0.716804097461714,21.0,Safe,Improved,-0.2098598502116468,-0.48784715372467535,-0.34885350196816106,9.0,9.0
28,4,Mary Wilson,0.0551753691658499,0.7764820166867261,0.0,Safe,Improved,-0.9641990367987018,-0.7084158552660611,-0.8363074460323814,11.0,10.0
28,4,Lauren Alaina,0.1027994494025782,0.705994146082455,32.0,Safe,Improved,0.6195559620499727,0.5449171450522812,0.5822365535511269,4.0,4.0
28,4,Ally Brooke,0.1164402963508008,0.6180740590220029,32.0,Safe,Improved,0.6195559620499727,0.7776377520968892,0.6985968570734309,3.0,3.0
28,4,Karamo Brown,0.0901901775545646,0.7089975756761144,28.0,Safe,Improved,0.3656950969018276,0.21200053592236756,0.28884781641209756,6.0,6.0
28,4,Hannah Brown,0.1200692935007876,0.6399069574379899,32.0,Safe,Improved,0.6195559620499727,0.8188429892927183,0.7191994756713455,2.0,2.0
28,7,Kate Flannery,0.0826177070075308,0.8393178090511441,24.0,Safe,Improved,0.5164150135090335,-0.027339102171503198,0.24453795566876516,6.0,6.0
28,7,James Van Der Beek,0.1319019474316435,0.845196731059993,27.0,Safe,Improved,0.6699461751827032,0.9523014188769616,0.8111237970298324,1.0,1.0
28,7,Kel Mitchell,0.0849531716891486,0.8664474155131882,25.5,Safe,Improved,0.5986510048060162,0.061819245399210444,0.3302351251026133,4.0,5.0
28,7,Ray Lewis,0.0547933822355901,0.8614445607625324,0.0,Safe,Improved,-0.8722035378539389,-0.7970914512705366,-0.8346474945622377,12.0,12.0
28,7,Lamar Odom,0.0865548130856523,0.8616668845224917,0.0,Safe,Improved,-0.8722035378539389,0.1224829281152863,-0.3748603048693263,9.0,7.0
28,7,Sailor Brinkley-Cook,0.0749684579781996,0.943782193559535,0.0,Safe,Improved,-0.8722035378539389,-0.3091843846859428,-0.5906939612699409,10.0,10.0
28,7,Sean Spicer,0.0820332565485297,0.8507914962165521,21.0,Safe,Improved,0.32052467356326353,-0.04963843727804788,0.13544311814260782,7.0,8.0
28,7,Mary Wilson,0.0743984345851739,0.882928077252722,0.0,Safe,Improved,-0.8722035378539389,-0.32874932707549653,-0.6004764324647177,11.0,11.0
28,7,Lauren Alaina,0.1079642267663481,0.8027015761817309,27.0,Safe,Improved,0.6699461751827032,0.7357775000860838,0.7028618376343935,2.0,2.0
28,7,Ally Brooke,0.0826420673922957,0.8437518382393258,27.0,Safe,Improved,0.6699461751827032,-0.0264089017720033,0.32176863670534994,5.0,4.0
28,7,Karamo Brown,0.0288832634374395,0.95,24.5,Eliminated,Improved,0.5450460644524296,-0.9693055239151084,-0.21212972973133937,8.0,9.0
28,7,Hannah Brown,0.1082892718424478,0.8116176995738288,26.0,Safe,Improved,0.6236216674204828,0.7414221955899934,0.6825219315052381,3.0,3.0
28,9,Kate Flannery,0.0733800762651771,0.8811807946539671,0.0,Safe,Improved,-0.7355497105578894,-0.33248299289487715,-0.5340163517263833,9.0,8.0
28,9,James Van Der Beek,0.1387497290455359,0.700421074256848,36.0,Safe,Improved,0.7650954090185548,0.9582685896138781,0.8616819993162164,2.0,2.0
28,9,Kel Mitchell,0.0958695454262093,0.8147492131632306,37.0,Safe,Improved,0.7866310320858608,0.4097476228388852,0.5981893274623731,3.0,3.0
28,9,Ray Lewis,0.0590083219793339,0.933304127821396,0.0,Safe,Improved,-0.7355497105578894,-0.6882707838646892,-0.7119102472112893,12.0,12.0
28,9,Lamar Odom,0.0837358151687404,0.815389709366027,0.0,Safe,Improved,-0.7355497105578894,0.013974884092697223,-0.3607874132325961,7.0,6.0
28,9,Sailor Brinkley-Cook,0.0820702798558633,0.8585610540413756,0.0,Safe,Improved,-0.7355497105578894,-0.04383021545405814,-0.3896899630059738,8.0,7.0
28,9,Sean Spicer,0.0317672731684946,0.95,25.0,Eliminated,Improved,0.3908737411200697,-0.945821928630961,-0.2774740937554457,6.0,9.0
28,9,Mary Wilson,0.0719729279659558,0.8384608999432632,0.0,Safe,Improved,-0.7355497105578894,-0.3752152108522355,-0.5553824607050625,10.0,10.0
28,9,Lauren Alaina,0.08324805931589,0.8321522062216644,35.0,Safe,Improved,0.7417004138857571,-0.002961049442050426,0.36936968222185335,4.0,4.5
28,9,Ally Brooke,0.1300044564068675,0.7986096363513335,40.0,Safe,Improved,0.8411104217577718,0.9247126302494403,0.882911526003606,1.0,1.0
28,9,Karamo Brown,0.0680178614109605,0.8551960436986819,0.0,Safe,Improved,-0.7355497105578894,-0.48676726821425426,-0.6111584893860719,11.0,11.0
28,9,Hannah Brown,0.0821756539909712,0.8191384442363652,35.5,Safe,Improved,0.7536365008810034,-0.040177659948183134,0.35672942046641015,5.0,4.5
29,2,Anne Heche,0.0676394898253185,0.7594154324340049,18.0,Safe,Improved,-0.09298112642136516,0.03574253046153503,-0.028619297979915068,8.0,8.0
29,2,Jesse Metcalfe,0.0911350673168392,0.7466102210516299,20.0,Safe,Improved,0.6854139028595208,0.7159946325424538,0.7007042677009873,4.0,4.0
29,2,Chrishell Stause,0.0722405413564549,0.7469186145782278,18.0,Safe,Improved,-0.09298112642136516,0.20205797857976432,0.05453842607919958,7.0,7.0
29,2,Skai Jackson,0.0331271240809242,0.8123915917323984,15.0,Safe,Improved,-0.9036934976896469,-0.843390357564019,-0.873541927626833,14.0,14.0
29,2,Justina Machado,0.1018477818975064,0.742231753555703,21.0,Safe,Improved,0.8631340654128531,0.8599470783899111,0.8615405719013821,2.0,2.0
29,2,Charles Oakley,0.0177914779969746,0.9324584578577796,15.0,Eliminated,Improved,-0.9036934976896469,-0.9464413476908634,-0.9250674226902551,15.0,15.0
29,2,Veron Davis,0.0501593337835303,0.7663121901689289,18.0,Safe,Improved,-0.09298112642136516,-0.5418388121508307,-0.31740996928609794,11.0,11.0
29,2,Johnny Weir,0.0768422923392721,0.7418554321958901,18.0,Safe,Improved,-0.09298112642136516,0.3575050048530627,0.13226193921584878,6.0,6.0
29,2,Nev Schulman,0.0983553198114557,0.7025550165379162,21.0,Safe,Improved,0.8631340654128531,0.8225883550884513,0.8428612102506522,3.0,3.0
29,2,AJ McLean,0.084472721905217,0.7045963251247309,19.0,Safe,Improved,0.3566146691876109,0.5746859963718863,0.46565033277974865,5.0,5.0
29,2,Nelly,0.0551311938453008,0.7250218228906937,18.0,Safe,Improved,-0.09298112642136516,-0.40029976214664753,-0.24664044428400633,10.0,10.0
29,2,Kaitlyn Bristowe,0.1088577850758584,0.6823845377609374,22.0,Safe,Improved,0.943801907825614,0.9139183815310076,0.9288601446783108,1.0,1.0
29,2,Carole Baskin,0.0439422499010388,0.7793376027314064,16.0,Safe,Improved,-0.7722003305407951,-0.6832979672714092,-0.7277491489061021,12.0,12.0
29,2,Monica Aldama,0.0381566158732538,0.7478404807331637,16.0,Safe,Improved,-0.7722003305407951,-0.7810023116893949,-0.7766013211150951,13.0,13.0
29,2,Jeannie Mai,0.0603010049910552,0.7886398263078123,18.0,Safe,Improved,-0.09298112642136516,-0.2298022449945978,-0.16139168570798149,9.0,9.0
29,3,Anne Heche,0.0417471522368386,0.7689731751457889,15.0,Safe,Improved,-0.542280016938953,-0.7274038268292593,-0.6348419218841062,13.0,13.0
29,3,Jesse Metcalfe,0.0624217045760149,0.752965317264052,20.0,Safe,Improved,0.20320685766200233,-0.15597909061501677,0.02361388352349278,9.0,9.0
29,3,Chrishell Stause,0.091950156301121,0.7314868882043324,22.0,Safe,Improved,0.48649426399094475,0.7336912499579283,0.6100927569744365,4.0,4.0
29,3,Skai Jackson,0.0515823461200648,0.707480878062076,18.0,Safe,Improved,-0.11874386897513751,-0.5071072538348179,-0.31292556140497774,11.0,11.0
29,3,Justina Machado,0.0554538369983626,0.7730048613470577,19.0,Safe,Improved,0.043357069996114404,-0.3930489662051606,-0.1748459481045231,10.0,10.0
29,3,Charles Oakley,0.0269627176950973,0.8361994920870528,0.0,Safe,Improved,-0.9955041163655403,-0.8997508516107585,-0.9476274839881493,15.0,14.5
29,3,Veron Davis,0.0852629585916793,0.7038132539743299,22.0,Safe,Improved,0.48649426399094475,0.5972978210212129,0.5418960425060788,5.0,5.0
29,3,Johnny Weir,0.1076287191228987,0.6986702511145401,24.0,Safe,Improved,0.6946256179299986,0.908264253578196,0.8014449357540973,1.0,1.0
29,3,Nev Schulman,0.1009805587654917,0.7345624130184741,24.0,Safe,Improved,0.6946256179299986,0.8541292160769248,0.7743774170034616,2.0,2.0
29,3,AJ McLean,0.0718114047653685,0.7880612340590327,21.0,Safe,Improved,0.3529121228622745,0.18832189743268468,0.27061701014747963,7.0,7.0
29,3,Nelly,0.044790258993419,0.8062263323055371,18.0,Safe,Improved,-0.11874386897513751,-0.669840584657706,-0.3942922268164218,12.0,12.0
29,3,Kaitlyn Bristowe,0.0965229431947174,0.7067865725781177,23.0,Safe,Improved,0.6006403314308396,0.802673648585457,0.7016569900081483,3.0,3.0
29,3,Carole Baskin,0.0189546004621722,0.9409581991353956,12.0,Eliminated,Improved,-0.7988597004381103,-0.9433442373889833,-0.8711019689135469,14.0,14.5
29,3,Monica Aldama,0.066378259112565,0.777228933423437,21.0,Safe,Improved,0.3529121228622745,-0.010684210142431467,0.17111395635992152,8.0,8.0
29,3,Jeannie Mai,0.077552383064189,0.7556126419002162,22.0,Safe,Improved,0.48649426399094475,0.3827540522285081,0.43462415810972643,6.0,6.0
29,4,Anne Heche,0.0192907100832585,0.9451010383927498,21.0,Eliminated,Improved,0.11104178828870566,-0.948742004195315,-0.41885010795330463,13.0,13.0
29,4,Jesse Metcalfe,0.0500231890666268,0.8456935992204027,21.0,Safe,Improved,0.11104178828870566,-0.5642443628434863,-0.22660128727739035,11.0,11.0
29,4,Chrishell Stause,0.0645522463665342,0.8059984828805119,22.0,Safe,Improved,0.22694629184730644,-0.08100679213387,0.07296974985671822,8.0,8.0
29,4,Skai Jackson,0.1062589877215551,0.7262293692494752,28.0,Safe,Improved,0.7387688590070176,0.9087282510284871,0.8237485550177523,1.0,1.0
29,4,Justina Machado,0.0910355601235892,0.7172443475803103,24.0,Safe,Improved,0.43811814514354586,0.7332224090750458,0.5856702771092959,4.0,4.0
29,4,Charles Oakley,0.0430086089246091,0.8628236771119903,0.0,Safe,Improved,-0.9835866717822088,-0.7203480731398848,-0.8519673724610468,14.0,14.0
29,4,Veron Davis,0.0617434797219667,0.8194485450745201,22.0,Safe,Improved,0.22694629184730644,-0.18680954687515747,0.020068372486074487,9.0,9.0
29,4,Johnny Weir,0.0951107799198887,0.7618312846088819,24.0,Safe,Improved,0.43811814514354586,0.7976550221449648,0.6178865836442553,3.0,3.0
29,4,Nev Schulman,0.0731956347537063,0.7764710489842436,24.0,Safe,Improved,0.43811814514354586,0.24556191436154598,0.3418400297525459,7.0,7.0
29,4,AJ McLean,0.0790084172724055,0.7239231418501624,24.0,Safe,Improved,0.43811814514354586,0.44132119169838985,0.4397196684209679,6.0,6.0
29,4,Nelly,0.053796309427192,0.7781557123971132,21.0,Safe,Improved,0.11104178828870566,-0.45751714602124655,-0.17323767886627045,10.0,10.0
29,4,Kaitlyn Bristowe,0.1003065888986881,0.7598706529344084,25.0,Safe,Improved,0.5294391368860456,0.8595525668987128,0.6944958518923792,2.0,2.0
29,4,Carole Baskin,0.0322511175130911,0.8614502274858848,0.0,Safe,Improved,-0.9835866717822088,-0.8671340740874142,-0.9253603729348114,15.0,15.0
29,4,Monica Aldama,0.084382071520878,0.7980118651962047,24.0,Safe,Improved,0.43811814514354586,0.5916465939685858,0.5148823695560658,5.0,5.0
29,4,Jeannie Mai,0.04603629868601,0.8563037240934338,21.0,Safe,Improved,0.11104178828870566,-0.6596070819705607,-0.2742826468409275,12.0,12.0
29,5,Anne Heche,0.0420185512395846,0.8218389241844808,0.0,Safe,Improved,-0.9531254436920282,-0.7263024289050751,-0.8397139362985517,14.0,14.0
29,5,Jesse Metcalfe,0.0183680460726299,0.9455806543243516,19.0,Eliminated,Improved,-0.012994777677829533,-0.9472641399497387,-0.4801294588137841,12.0,13.0
29,5,Chrishell Stause,0.0512376505315785,0.8225152842727622,19.0,Safe,Improved,-0.012994777677829533,-0.5200658159695527,-0.2665302968236911,11.0,11.0
29,5,Skai Jackson,0.0791799152352066,0.7183422673896029,24.0,Safe,Improved,0.4416961253274431,0.43617433849142795,0.4389352319094355,6.0,6.0
29,5,Justina Machado,0.0735546116939567,0.8072381360400918,24.0,Safe,Improved,0.4416961253274431,0.25180070166534857,0.34674841349639585,7.0,7.0
29,5,Charles Oakley,0.0440000382042774,0.8440648502279081,0.0,Safe,Improved,-0.9531254436920282,-0.6894087442779221,-0.8212670939849751,13.0,12.0
29,5,Veron Davis,0.0545078888099328,0.7273438064879262,21.0,Safe,Improved,0.17995591601684455,-0.42538906845004376,-0.12271657621659961,10.0,10.0
29,5,Johnny Weir,0.1100024518210751,0.768960627293819,29.0,Safe,Improved,0.7450198168770674,0.9244834240603425,0.8347516204687049,1.0,1.0
29,5,Nev Schulman,0.0955900860473088,0.7071781435853858,26.0,Safe,Improved,0.5844986447911797,0.7934150295837915,0.6889568371874857,3.0,3.0
29,5,AJ McLean,0.0832641385285576,0.7475291424757338,24.0,Safe,Improved,0.4416961253274431,0.5511862463865279,0.4964411858569855,5.0,5.0
29,5,Nelly,0.067283708199914,0.7841942542613325,24.0,Safe,Improved,0.4416961253274431,0.02304866588782677,0.23237239560763495,8.0,8.0
29,5,Kaitlyn Bristowe,0.1019883971486427,0.7141823756661634,27.0,Safe,Improved,0.6450269240199799,0.8666904565303393,0.7558586902751596,2.0,2.0
29,5,Carole Baskin,0.0321948246952784,0.8542350826244485,0.0,Safe,Improved,-0.9531254436920282,-0.858568274813138,-0.9058468592525831,15.0,15.0
29,5,Monica Aldama,0.0887200969810781,0.7176974197932122,26.0,Safe,Improved,0.5844986447911797,0.6771972216013405,0.6308479331962602,4.0,4.0
29,5,Jeannie Mai,0.0580895947909781,0.8016412708778282,24.0,Safe,Improved,0.4416961253274431,-0.3099051469970655,0.06589548916518881,9.0,9.0
29,6,Anne Heche,0.0552459579712756,0.8526178890328832,0.0,Safe,Improved,-0.9158788554479834,-0.43948851508185693,-0.6776836852649202,12.0,11.0
29,6,Jesse Metcalfe,0.050802637316897,0.8544377338761528,0.0,Safe,Improved,-0.9158788554479834,-0.5750766939947772,-0.7454777747213803,14.0,14.0
29,6,Chrishell Stause,0.066534857518306,0.8446301893388253,24.0,Safe,Improved,0.49033117557614836,-0.005442757289721411,0.24244420914321346,7.0,7.0
29,6,Skai Jackson,0.0518769109680078,0.883782822441436,18.0,Safe,Improved,0.011662433046827084,-0.5446303245649944,-0.26648394575908363,10.0,10.0
29,6,Justina Machado,0.1145867986460808,0.7432171190192138,27.0,Safe,Improved,0.6634285745895662,0.9624966897501055,0.8129626321698358,1.0,1.0
29,6,Charles Oakley,0.0516336338591964,0.8398065535229506,0.0,Safe,Improved,-0.9158788554479834,-0.5516575430527954,-0.7337681992503894,13.0,13.0
29,6,Veron Davis,0.020739571776205,0.95,21.0,Eliminated,Improved,0.26741681486302943,-0.9559344965311468,-0.34425884083405867,11.0,12.0
29,6,Johnny Weir,0.0566334883803412,0.8538139111280877,22.0,Safe,Improved,0.34658018380982897,-0.3921187002918805,-0.02276925824102577,9.0,9.0
29,6,Nev Schulman,0.0785926149965165,0.8419040113492092,26.0,Safe,Improved,0.6115794457178955,0.45616642008460645,0.5338729329012509,5.0,5.0
29,6,AJ McLean,0.0893620999220441,0.8010212316370934,27.0,Safe,Improved,0.6634285745895662,0.7339171192347417,0.6986728469121539,3.0,3.0
29,6,Nelly,0.0635061683584753,0.8460256275244142,24.0,Safe,Improved,0.49033117557614836,-0.12977091817178632,0.18028012870218102,8.0,8.0
29,6,Kaitlyn Bristowe,0.0880105845428169,0.8098668734435086,27.0,Safe,Improved,0.6634285745895662,0.7070984730992353,0.6852635238444007,4.0,4.0
29,6,Carole Baskin,0.0406586988287859,0.9088985584054334,0.0,Safe,Improved,-0.9158788554479834,-0.7909448087228725,-0.853411832085428,15.0,15.0
29,6,Monica Aldama,0.0989017418893758,0.7807990934418064,27.0,Safe,Improved,0.6634285745895662,0.8695147128025159,0.766471643696041,2.0,2.0
29,6,Jeannie Mai,0.0729142350256749,0.8329886916803502,25.0,Safe,Improved,0.5538850544307838,0.2524066810366632,0.4031458677337235,6.0,6.0
29,7,Anne Heche,0.0517876705480758,0.812108570343483,0.0,Safe,Improved,-0.8750626874919211,-0.5206211328430929,-0.697841910167507,12.0,11.0
29,7,Jesse Metcalfe,0.0469651738426337,0.8628298717611913,0.0,Safe,Improved,-0.8750626874919211,-0.6435837460632108,-0.7593232167775659,14.0,14.0
29,7,Chrishell Stause,0.0688991238781134,0.8414011864343441,26.0,Safe,Improved,0.5896610692080109,0.0863864406103764,0.3380237549091936,7.0,7.0
29,7,Skai Jackson,0.1036252066461083,0.8115927729496689,27.0,Safe,Improved,0.6382875276913933,0.8924242219236755,0.7653558748075344,2.0,2.0
29,7,Justina Machado,0.0813165300212232,0.8206814109333442,26.0,Safe,Improved,0.5896610692080109,0.5141118029259265,0.5518864360669686,5.0,5.0
29,7,Charles Oakley,0.0526583826315383,0.8984499677226435,0.0,Safe,Improved,-0.8750626874919211,-0.49556825058070536,-0.6853154690363132,11.0,10.0
29,7,Veron Davis,0.0494554516611667,0.8779478731480888,0.0,Safe,Improved,-0.8750626874919211,-0.5834410037916745,-0.7292518456417978,13.0,12.5
29,7,Johnny Weir,0.0898549898889749,0.8213914427877199,27.0,Safe,Improved,0.6382875276913933,0.7160689055461102,0.6771782166187518,3.0,3.0
29,7,Nev Schulman,0.1130574025137117,0.8122518289412752,30.0,Safe,Improved,0.7572238728787872,0.9467652382878595,0.8519945555833234,1.0,1.0
29,7,AJ McLean,0.0751745448963706,0.8061879095929994,26.0,Safe,Improved,0.5896610692080109,0.3185573719733972,0.454109220590704,6.0,6.0
29,7,Nelly,0.0898183584251,0.7973060931126572,27.0,Safe,Improved,0.6382875276913933,0.7153758148455194,0.6768316712684563,4.0,4.0
29,7,Kaitlyn Bristowe,0.06036894678733,0.8541307209400733,24.0,Safe,Improved,0.4783802861604792,-0.23955640268382444,0.11941194173832737,9.0,9.0
29,7,Carole Baskin,0.0372766228261676,0.8437833487378675,0.0,Safe,Improved,-0.8750626874919211,-0.814450909283182,-0.8447567983875515,15.0,15.0
29,7,Monica Aldama,0.0177565126484918,0.95,22.0,Eliminated,Improved,0.34927452972000395,-0.9560092075246867,-0.30336733890234135,10.0,12.5
29,7,Jeannie Mai,0.0619850827849936,0.7895127617156265,25.0,Safe,Improved,0.5363476138745666,-0.17963908766723807,0.17835426310366428,8.0,8.0
30,2,Martin Kove,0.0175515800001584,0.9384640734672915,15.0,Eliminated,Improved,-0.9883324068738781,-0.9470121108972808,-0.9676722588855795,15.0,15.0
30,2,Brian Austin Green,0.0391634707210399,0.796600318239212,23.0,Safe,Improved,-0.5664496733664167,-0.7653773535211087,-0.6659135134437627,13.0,13.0
30,2,Melora Hardin,0.0789254440506008,0.7897905630663686,27.0,Safe,Improved,0.3105371480880831,0.42170573868864214,0.3661214433883626,6.0,6.0
30,2,Matt James,0.0320695969987074,0.8412954463994308,22.0,Safe,Improved,-0.7079860825533908,-0.8536184804517127,-0.7808022815025517,14.0,14.0
30,2,"Mike ""The Miz"" Mizanin",0.0664466245400365,0.7487808155052316,26.0,Safe,Improved,0.08011289051730876,-0.008072997273688811,0.036019946621809976,8.0,8.0
30,2,Suni Lee,0.0907787254978316,0.7044454936503801,28.0,Safe,Improved,0.5094558488528642,0.7087424321151314,0.6090991404839978,4.0,4.0
30,2,Iman Shumpert,0.0617870688593336,0.7301172765168535,25.0,Safe,Improved,-0.15920399780029085,-0.17714011917426306,-0.16817205848727695,9.0,9.0
30,2,Cody Rigsby,0.0443387143210909,0.8079632216374268,24.0,Safe,Improved,-0.3811673464787621,-0.674631502022665,-0.5278994242507136,12.0,12.0
30,2,Melanie C,0.0971056262545824,0.7429752748544911,30.0,Safe,Improved,0.7793466362470445,0.8064465046509304,0.7928965704489874,3.0,3.0
30,2,Jimmie Allen,0.0846695172960374,0.7607641448425905,27.0,Safe,Improved,0.3105371480880831,0.5787030073783429,0.444620077733213,5.0,5.0
30,2,Olivia Jade,0.0722903167131159,0.7924211877506082,27.0,Safe,Improved,0.3105371480880831,0.20344846172673178,0.25699280490740745,7.0,7.0
30,2,JoJo Siwa,0.1019048833785115,0.6996659310766464,31.0,Safe,Improved,0.8576948797611587,0.8598743830594604,0.8587846314103096,2.0,2.0
30,2,Christine Chiu,0.0551605923594687,0.7668510319576326,24.0,Safe,Improved,-0.3811673464787621,-0.39873915347852196,-0.389953249978642,10.0,10.0
30,2,Kenya Moore,0.0486978985342679,0.8139118254156571,24.0,Safe,Improved,-0.3811673464787621,-0.5778707210329262,-0.47951903375584415,11.0,11.0
30,2,Amanda Kloots,0.1091099404752165,0.711350794794205,32.0,Safe,Improved,0.9096365084706984,0.9149673626576036,0.9123019355641511,1.0,1.0
30,3,Martin Kove,0.0403320977814658,0.905525659825685,0.0,Safe,Improved,-0.9978416807752604,-0.7794059748511323,-0.8886238278131964,15.0,15.0
30,3,Brian Austin Green,0.0484049398828834,0.9271634845466163,19.0,Safe,Improved,-0.14789459574304809,-0.6192960227294682,-0.3835953092362581,14.0,14.0
30,3,Melora Hardin,0.0849571617298255,0.8661211118675817,23.0,Safe,Improved,0.49196254822746793,0.6199985042616288,0.5559805262445484,4.0,4.0
30,3,Matt James,0.0469278076063281,0.9274027899713362,20.0,Safe,Improved,0.022917103994699983,-0.6540896550116856,-0.31558627550849283,10.0,11.5
30,3,"Mike ""The Miz"" Mizanin",0.0801346011778492,0.8238804434080272,22.0,Safe,Improved,0.3511350768052719,0.4883146966973648,0.41972488675131836,6.0,6.0
30,3,Suni Lee,0.0634109623167911,0.8193385924018743,21.0,Safe,Improved,0.19240121219113496,-0.1283386632939473,0.03203127444859383,7.0,7.0
30,3,Iman Shumpert,0.0520224634642148,0.917856776518276,19.0,Safe,Improved,-0.14789459574304809,-0.523007053926387,-0.33545082483471755,11.0,11.5
30,3,Cody Rigsby,0.0551963876954731,0.9031949991282148,18.0,Safe,Improved,-0.3103165402751109,-0.4257231625130803,-0.3680198513940956,12.0,13.0
30,3,Melanie C,0.0902042098580918,0.8433261642659592,22.0,Safe,Improved,0.3511350768052719,0.7319831727783974,0.5415591247918347,5.0,5.0
30,3,Jimmie Allen,0.05674395608505,0.8737412649986768,20.0,Safe,Improved,0.022917103994699983,-0.3742176158924537,-0.17565025594887687,9.0,9.0
30,3,Olivia Jade,0.1095197184042911,0.8724341433485403,24.0,Safe,Improved,0.6110245115943178,0.9352361675335176,0.7731303395639177,1.0,1.0
30,3,JoJo Siwa,0.0902184833158566,0.8787579484950906,24.0,Safe,Improved,0.6110245115943178,0.7322456968890335,0.6716351042416757,3.0,3.0
30,3,Christine Chiu,0.0195042411030719,0.95,21.0,Eliminated,Improved,0.19240121219113496,-0.953542835759441,-0.38057081178415303,13.0,10.0
30,3,Kenya Moore,0.0596437241452497,0.8357762128063831,21.0,Safe,Improved,0.19240121219113496,-0.2714022345380604,-0.03950051117346272,8.0,8.0
30,3,Amanda Kloots,0.1027792454335573,0.8414938162981025,24.0,Safe,Improved,0.6110245115943178,0.8919609779576645,0.7514927447759912,2.0,2.0
30,4,Martin Kove,0.0382039899801863,0.7736649937078872,0.0,Safe,Improved,-0.9833328620191554,-0.7842376233238072,-0.8837852426714813,14.0,13.0
30,4,Brian Austin Green,0.017941235349944,0.9369061005392304,26.0,Eliminated,Improved,-0.15349605920566184,-0.947654724475125,-0.5505753918403934,13.0,14.0
30,4,Melora Hardin,0.1083728842055331,0.7639361777315263,36.5,Safe,Improved,0.6338394313352126,0.9134165072708421,0.7736279693030274,1.0,1.0
30,4,Matt James,0.047138792909051,0.7825575658659754,28.5,Eliminated,Improved,0.060095958763455894,-0.6198140281089835,-0.2798590346727638,12.0,12.0
30,4,"Mike ""The Miz"" Mizanin",0.0727123889702181,0.8042649641216071,32.5,Safe,Improved,0.3833562776334364,0.220673597086897,0.3020149373601667,7.0,7.0
30,4,Suni Lee,0.0908147410554221,0.7182775152868612,34.0,Safe,Improved,0.48761049369069037,0.7144250584414542,0.6010177760660723,4.0,4.0
30,4,Iman Shumpert,0.0622658419225573,0.7710605264810066,31.5,Safe,Improved,0.30772753843620637,-0.16188316425717916,0.0729221870895136,9.0,9.0
30,4,Cody Rigsby,0.0512600451164531,0.8173770721870044,29.0,Safe,Improved,0.10278169201126486,-0.5166494739001202,-0.20693389094442766,11.0,11.0
30,4,Melanie C,0.080417123972981,0.7669261516017394,33.0,Safe,Improved,0.4194016317447679,0.47017589234688206,0.44478876204582496,6.0,6.0
30,4,Jimmie Allen,0.0662709925847619,0.7416194944378496,32.5,Safe,Improved,0.3833562776334364,-0.014682889103652053,0.18433669426489216,8.0,8.0
30,4,Olivia Jade,0.0953232635079266,0.7483708248096848,35.0,Safe,Improved,0.550344677002514,0.7869925169106397,0.6686685969565769,3.0,3.0
30,4,JoJo Siwa,0.1010739342469582,0.7093524430501646,35.0,Safe,Improved,0.550344677002514,0.8556555353658719,0.703000106184193,2.0,2.0
30,4,Christine Chiu,0.0296472941451792,0.8551881016849638,0.0,Safe,Improved,-0.9833328620191554,-0.8795629672818795,-0.9314479146505175,15.0,15.0
30,4,Kenya Moore,0.0550410780524816,0.7555676479070454,29.5,Safe,Improved,0.14509220256606342,-0.40652376236156795,-0.13071577989775227,10.0,10.0
30,4,Amanda Kloots,0.0835163939803461,0.7237851095175535,34.0,Safe,Improved,0.48761049369069037,0.5548169571073769,0.5212137253990337,5.0,5.0
30,6,Martin Kove,0.0558658123462919,0.8826467152101187,0.0,Safe,Improved,-0.8756276637221685,-0.4004294562375723,-0.6380285599798704,11.0,10.0
30,6,Brian Austin Green,0.0519552816467788,0.9077262525569672,0.0,Safe,Improved,-0.8756276637221685,-0.5210141156858495,-0.698320889704009,12.0,11.0
30,6,Melora Hardin,0.0564390574431035,0.8484597900969637,34.0,Safe,Improved,0.4961415215674241,-0.38135850212402506,0.05739150972169951,9.0,9.0
30,6,Matt James,0.0460722746662238,0.8520991270493018,0.0,Safe,Improved,-0.8756276637221685,-0.6689068946620607,-0.7722672791921146,14.0,14.0
30,6,"Mike ""The Miz"" Mizanin",0.0604467837111142,0.8463355852236455,34.0,Safe,Improved,0.4961415215674241,-0.23951637394989797,0.12831257380876304,8.0,8.0
30,6,Suni Lee,0.074842767884759,0.8267832037976421,36.0,Safe,Improved,0.5756895032836437,0.31048641395378945,0.4430879586187165,6.0,6.0
30,6,Iman Shumpert,0.1152860651696359,0.7786975351187437,40.0,Safe,Improved,0.7062313032788358,0.9570292926826758,0.8316302979807557,1.0,1.0
30,6,Cody Rigsby,0.0663553753467166,0.8288527619039769,36.0,Safe,Improved,0.5756895032836437,-0.012224110827565858,0.2817326962280389,7.0,7.0
30,6,Melanie C,0.0515161295754195,0.8931640995979988,0.0,Safe,Improved,-0.8756276637221685,-0.5334654316502561,-0.7045465476862123,13.0,12.5
30,6,Jimmie Allen,0.0938676253020302,0.7570724762071691,38.0,Safe,Improved,0.6456530819236806,0.7887853923167814,0.7172192371202311,3.0,3.0
30,6,Olivia Jade,0.0826648084796294,0.8277492364593512,36.0,Safe,Improved,0.5756895032836437,0.5568549564283641,0.5662722298560039,5.0,5.0
30,6,JoJo Siwa,0.0956376937280031,0.7876885308111667,40.0,Safe,Improved,0.7062313032788358,0.8136452776330193,0.7599382904559275,2.0,2.0
30,6,Christine Chiu,0.0371730515033221,0.8803480392225974,0.0,Safe,Improved,-0.8756276637221685,-0.8204666570040101,-0.8480471603630892,15.0,15.0
30,6,Kenya Moore,0.0200092990081571,0.95,32.0,Eliminated,Improved,0.4072899967547863,-0.9500487670478183,-0.271379385146516,10.0,12.5
30,6,Amanda Kloots,0.0918679741888145,0.7627565836060525,38.0,Safe,Improved,0.6456530819236806,0.757226018549115,0.7014395502363978,4.0,4.0
30,7,Martin Kove,0.0616046326814185,0.904613771890528,0.0,Safe,Improved,-0.8253530383855271,-0.21660715093087501,-0.520980094658201,11.0,10.0
30,7,Brian Austin Green,0.0579265507822574,0.8768363919667926,0.0,Safe,Improved,-0.8253530383855271,-0.3627193990859876,-0.5940362187357573,12.0,11.0
30,7,Melora Hardin,0.0934654386035333,0.86096252252372,38.0,Safe,Improved,0.7023696379585268,0.8227242948978123,0.7625469664281695,2.0,2.0
30,7,Matt James,0.0534910393392604,0.8796345364009627,0.0,Safe,Improved,-0.8253530383855271,-0.5174613222763408,-0.6714071803309339,13.0,13.0
30,7,"Mike ""The Miz"" Mizanin",0.0191519407750168,0.95,32.0,Eliminated,Improved,0.49978022675164224,-0.9683997109508538,-0.23430974209960576,9.0,12.0
30,7,Suni Lee,0.0632630931641578,0.8728907714413656,34.0,Safe,Improved,0.5761382304801778,-0.14691395917162045,0.21461213565427867,7.0,7.0
30,7,Iman Shumpert,0.0540937749943042,0.8993381826810616,34.0,Safe,Improved,0.5761382304801778,-0.49801275211701146,0.03906273918158315,8.0,8.0
30,7,Cody Rigsby,0.0689781691053332,0.8569873978725582,36.0,Safe,Improved,0.643610053328556,0.10016538598536891,0.3718877196569625,5.0,5.0
30,7,Melanie C,0.0630215420801281,0.8426996327168793,0.0,Safe,Improved,-0.8253530383855271,-0.15717353127244132,-0.4912632848289842,10.0,9.0
30,7,Jimmie Allen,0.0895418946350978,0.8188879080469096,38.0,Safe,Improved,0.7023696379585268,0.7593160625145506,0.7308428502365387,4.0,4.0
30,7,Olivia Jade,0.1165498515216802,0.8123869241856505,42.0,Safe,Improved,0.7958763932464877,0.9742056918868256,0.8850410425666566,1.0,1.0
30,7,JoJo Siwa,0.0884133878715265,0.8215745284778218,39.0,Safe,Improved,0.7286235542821682,0.7377532646098298,0.7331884094459991,3.0,3.0
30,7,Christine Chiu,0.0507113279629357,0.8970617484897948,0.0,Safe,Improved,-0.8253530383855271,-0.600370483088188,-0.7128617607368575,15.0,15.0
30,7,Kenya Moore,0.051675192591323,0.8923248497493019,0.0,Safe,Improved,-0.8253530383855271,-0.5728926567471563,-0.6991228475663417,14.0,14.0
30,7,Amanda Kloots,0.0681121638920266,0.8766189744719738,34.0,Safe,Improved,0.5761382304801778,0.06276652326105203,0.3194523768706149,6.0,6.0
31,1,Jason Lewis,0.016597095349863,0.9399941998156968,18.0,Eliminated,Improved,-0.8642437868215317,-0.9439814899799671,-0.9041126384007494,16.0,15.5
31,1,Cheryl Ladd,0.0495043435260951,0.7944221256132136,21.0,Safe,Improved,-0.5655818732743126,-0.46374524265490913,-0.5146635579646108,11.0,11.0
31,1,Selma Blair,0.0868475544420665,0.7449348399101506,28.0,Safe,Improved,0.7257552180521891,0.735515984193357,0.730635601122773,4.0,4.0
31,1,Joseph Baena,0.06055301682393,0.7841906964291412,23.0,Safe,Improved,-0.19264991197491824,-0.07507790113589893,-0.13386390655540858,9.0,9.0
31,1,Trevor Donovan,0.0542712667130374,0.8088129625831166,21.0,Safe,Improved,-0.5655818732743126,-0.3076137347962171,-0.4365978040352649,10.0,10.0
31,1,Daniel Durant,0.0764411530705018,0.7723343926734236,27.0,Safe,Improved,0.6022957443792629,0.4919277370574251,0.547111740718344,6.0,6.0
31,1,Wayne Brady,0.0955303914846778,0.7319317324681693,29.0,Safe,Improved,0.8153068288773372,0.8554399288344195,0.8353733788558784,2.0,2.0
31,1,Sam Champion,0.0459098743335557,0.8111384384727442,20.0,Safe,Improved,-0.6982924064777549,-0.5655394676284795,-0.6319159370531172,12.0,12.0
31,1,Jessie James Decker,0.0367409723562584,0.8506837658675565,20.0,Safe,Improved,-0.6982924064777549,-0.7595583118013913,-0.7289253591395731,14.0,14.0
31,1,Jordin Sparks,0.0697071249852829,0.7740501624324468,26.0,Safe,Improved,0.44125210993101505,0.2714596697894167,0.3563558898602159,7.0,7.0
31,1,Heidi D'Amelio,0.0652618608216919,0.7807285807061789,24.0,Safe,Improved,0.027862467949385114,0.10629819769512308,0.06708033282225409,8.0,8.0
31,1,Charli D'Amelio,0.1040862962848829,0.6865288299785968,32.0,Safe,Improved,0.9479870228843943,0.9226617329362949,0.9353243779103446,1.0,1.0
31,1,Teresa Giudice,0.0408606311274264,0.804633967827658,20.0,Safe,Improved,-0.6982924064777549,-0.6836909704556041,-0.6909916884666796,13.0,13.0
31,1,Vinny Guadagnino,0.0247940263040199,0.8202916982885685,17.0,Safe,Improved,-0.9109080588257057,-0.8970149864510332,-0.9039615226383695,15.0,15.5
31,1,Shangela,0.0809959657467513,0.7367586560634416,28.0,Safe,Improved,0.7257552180521891,0.6135347210992824,0.6696449695757358,5.0,5.0
31,1,Gabby Windey,0.0918984266299575,0.7162028044734545,28.0,Safe,Improved,0.7257552180521891,0.8129862429393258,0.7693707304957574,3.0,3.0
31,2,Jason Lewis,0.0281289887548481,0.8180077955911146,0.0,Safe,Improved,-0.9977694365770755,-0.8763297824732867,-0.9370496095251811,16.0,16.0
31,2,Cheryl Ladd,0.0349011127710845,0.8371883572179026,21.0,Safe,Improved,-0.555953223774511,-0.7975414588134767,-0.6767473412939938,15.0,14.0
31,2,Selma Blair,0.065197473620057,0.7682017102213731,28.0,Safe,Improved,0.2885460781207838,0.10630960937140126,0.19742784374609254,8.0,8.0
31,2,Joseph Baena,0.0425842727097188,0.8327077191387818,24.0,Safe,Improved,-0.22696197618970815,-0.6572018215739841,-0.4420818988818461,13.0,13.0
31,2,Trevor Donovan,0.0852618365353897,0.767380996954586,30.0,Safe,Improved,0.5086904091221324,0.7165241521800662,0.6126072806510993,4.0,4.0
31,2,Daniel Durant,0.0821055930076419,0.7730858431472248,29.0,Safe,Improved,0.4044605714462577,0.6501756751424226,0.5273181232943401,5.0,5.0
31,2,Wayne Brady,0.1021954780443003,0.7551163562387444,32.0,Safe,Improved,0.6777514177285031,0.9170837470088014,0.7974175823686522,1.0,1.0
31,2,Sam Champion,0.0490713246751312,0.8075487578015523,26.0,Safe,Improved,0.03298575852027872,-0.4863301417734657,-0.22667219162659347,11.0,11.0
31,2,Jessie James Decker,0.0439489731418313,0.8361056310618344,25.0,Safe,Improved,-0.0986710857906916,-0.6254358052660572,-0.36205344552837443,12.0,12.0
31,2,Jordin Sparks,0.0570936534928825,0.80328782816111,27.0,Safe,Improved,0.16350770633736084,-0.21067409136554896,-0.023583192514094062,10.0,10.0
31,2,Heidi D'Amelio,0.0706471917640031,0.7688105775806915,28.0,Safe,Improved,0.2885460781207838,0.31158987584562153,0.30006797698320264,7.0,7.0
31,2,Charli D'Amelio,0.0953877899778043,0.748551630690443,32.0,Safe,Improved,0.6777514177285031,0.8619933594545736,0.7698723885915384,2.0,2.0
31,2,Teresa Giudice,0.0170560993879962,0.9455873469844464,23.0,Eliminated,Improved,-0.34783182383537264,-0.9465749986631425,-0.6472034112492576,14.0,15.0
31,2,Vinny Guadagnino,0.0598709572118344,0.8210961637585086,27.0,Safe,Improved,0.16350770633736084,-0.10363229718123772,0.02993770457806156,9.0,9.0
31,2,Shangela,0.0754496204748266,0.7606343809819155,28.0,Safe,Improved,0.2885460781207838,0.471728121726304,0.38013709992354394,6.0,6.0
31,2,Gabby Windey,0.0910996344306492,0.7719168625243875,32.0,Safe,Improved,0.6777514177285031,0.811501232872458,0.7446263253004806,3.0,3.0
31,3,Jason Lewis,0.0385419009197874,0.8464784593689235,0.0,Safe,Improved,-0.9848278707082482,-0.7454180523700573,-0.8651229615391527,15.0,15.0
31,3,Cheryl Ladd,0.0168133161745511,0.95,24.0,Eliminated,Improved,-0.11438883868446956,-0.9503663287105173,-0.5323775836974934,14.0,14.0
31,3,Selma Blair,0.0614669168820956,0.7271105740390863,28.0,Safe,Improved,0.26558891041854416,-0.0414823080421998,0.11205330118817218,9.0,9.0
31,3,Joseph Baena,0.0704360089712094,0.7806350022118934,29.0,Safe,Improved,0.3529966695884557,0.3084618463681608,0.33072925797830827,7.0,7.0
31,3,Trevor Donovan,0.0560610519821629,0.8364979697886115,27.0,Safe,Improved,0.17358533409164262,-0.25307665081977304,-0.03974565836406521,10.0,10.0
31,3,Daniel Durant,0.0812787256750007,0.719181304102909,31.0,Safe,Improved,0.5097298288191489,0.6378092409711115,0.5737695348951302,5.0,5.0
31,3,Wayne Brady,0.1024015733105983,0.7580718655465193,33.0,Safe,Improved,0.6386358032833832,0.9221373645837285,0.7803865839335559,1.0,1.0
31,3,Sam Champion,0.043751148515467,0.856955508946136,25.0,Safe,Improved,-0.01813880679537767,-0.637096706046698,-0.32761775642103785,12.0,12.0
31,3,Jessie James Decker,0.0494327937411918,0.8071485312821269,26.0,Safe,Improved,0.07844859238803154,-0.4815501559295559,-0.2015507817707622,11.0,11.0
31,3,Jordin Sparks,0.064384540726581,0.7857428756097147,29.0,Safe,Improved,0.3529966695884557,0.07557073978409005,0.2142837046862729,8.0,8.0
31,3,Heidi D'Amelio,0.0851946254831759,0.7540308775485202,32.0,Safe,Improved,0.5777745518711698,0.7219954525443332,0.6498850022077515,4.0,4.0
31,3,Charli D'Amelio,0.0961101648996016,0.7545898437136842,33.0,Safe,Improved,0.6386358032833832,0.874136780455318,0.7563862918693506,2.0,2.0
31,3,Teresa Giudice,0.0305861033629184,0.8548823994663386,0.0,Safe,Improved,-0.9848278707082482,-0.8570707526596753,-0.9209493116839618,16.0,16.0
31,3,Vinny Guadagnino,0.0400142049902432,0.8532700673676619,23.0,Safe,Improved,-0.20853822782034406,-0.7179545044311408,-0.46324636612574244,13.0,13.0
31,3,Shangela,0.0732701167119414,0.8073004188952474,30.0,Safe,Improved,0.4346485264780696,0.40758395374664874,0.42111624011235915,6.0,6.0
31,3,Gabby Windey,0.0902568076534736,0.7829359777033421,33.0,Safe,Improved,0.6386358032833832,0.8058871634896498,0.7222614833865165,3.0,3.0
31,4,Jason Lewis,0.0384302635536693,0.8607513613214156,0.0,Safe,Improved,-0.9606864605909983,-0.7415012758413835,-0.8510938682161908,14.0,13.0
31,4,Cheryl Ladd,0.0378002685442152,0.8266616480744376,0.0,Safe,Improved,-0.9606864605909983,-0.7525332593296776,-0.856609859960338,15.0,14.5
31,4,Selma Blair,0.0767735970556863,0.7944887865826264,32.0,Safe,Improved,0.45127588562465665,0.5121328346256897,0.48170436012517315,6.0,6.0
31,4,Joseph Baena,0.050649084754914,0.831621522430626,28.0,Safe,Improved,0.17921456183018789,-0.43788701976848116,-0.12933622896914665,11.0,11.0
31,4,Trevor Donovan,0.0457927496091134,0.8397082235880025,28.0,Safe,Improved,0.17921456183018789,-0.579729018371268,-0.20025722827054004,12.0,12.0
31,4,Daniel Durant,0.0575403178571207,0.8078979593848737,29.0,Safe,Improved,0.2519122827498764,-0.19404420381767562,0.028934039466100403,10.0,10.0
31,4,Wayne Brady,0.1022811596625021,0.7757930971784586,36.0,Safe,Improved,0.6592192185840952,0.9180376690144846,0.7886284437992899,1.0,1.0
31,4,Sam Champion,0.015808886849323,0.95,25.0,Eliminated,Improved,-0.04764050590327444,-0.9517665065017975,-0.49970350620253595,13.0,14.5
31,4,Jessie James Decker,0.0646223751211034,0.8189043574053644,31.0,Safe,Improved,0.38848858693685523,0.08390514614216354,0.2361968665395094,8.0,8.0
31,4,Jordin Sparks,0.0806124268628726,0.7468474888702052,34.0,Safe,Improved,0.5641272030451673,0.6155056320278656,0.5898164175365164,5.0,5.0
31,4,Heidi D'Amelio,0.0864428199735387,0.7824441324693684,34.0,Safe,Improved,0.5641272030451673,0.7392287550852905,0.651677979065229,4.0,4.0
31,4,Charli D'Amelio,0.0940891124669238,0.7394317515761186,36.0,Safe,Improved,0.6592192185840952,0.848780530834441,0.7539998747092681,2.0,2.0
31,4,Teresa Giudice,0.0290442566533231,0.8581775409143182,0.0,Safe,Improved,-0.9606864605909983,-0.8682050937724323,-0.9144457771817153,16.0,16.0
31,4,Vinny Guadagnino,0.0599815349435411,0.8332243712998324,29.0,Safe,Improved,0.2519122827498764,-0.09946863909601462,0.07622182182693091,9.0,9.0
31,4,Shangela,0.0676949380100525,0.8081620109981043,32.0,Safe,Improved,0.45127588562465665,0.2029991576115129,0.3271375216180848,7.0,7.0
31,4,Gabby Windey,0.0924362080820999,0.8003404639889051,36.0,Safe,Improved,0.6592192185840952,0.829420141533335,0.7443196800587151,3.0,3.0
31,5,Jason Lewis,0.0487967096357854,0.8926550428109068,0.0,Safe,Improved,-0.9291576054860151,-0.5044454329765354,-0.7168015192312753,15.0,15.0
31,5,Cheryl Ladd,0.0510507529563979,0.8992088031843363,0.0,Safe,Improved,-0.9291576054860151,-0.43327231994973187,-0.6812149627178735,14.0,13.0
31,5,Selma Blair,0.0787459956401978,0.8609915797865635,40.0,Safe,Improved,0.6078159491677563,0.5772178449880879,0.5925168970779221,4.0,4.0
31,5,Joseph Baena,0.0162190249851659,0.95,35.0,Eliminated,Improved,0.3891052835956321,-0.9540707560541987,-0.28248273622928327,12.0,14.0
31,5,Trevor Donovan,0.0788169885577285,0.8266904377618316,36.0,Safe,Improved,0.43794579730736494,0.5791328335851043,0.5085393154462345,5.0,5.0
31,5,Daniel Durant,0.0377348260564124,0.9329367448051497,33.5,Safe,Improved,0.3116155559838702,-0.7630491050660908,-0.2257167745411103,11.0,11.5
31,5,Wayne Brady,0.1009983639781347,0.8560624020365827,41.0,Safe,Improved,0.643656301936875,0.9154101120870456,0.7795332070119603,2.0,2.0
31,5,Sam Champion,0.0539792197911431,0.894879651744264,0.0,Safe,Improved,-0.9291576054860151,-0.3321635216699663,-0.6306605635779907,13.0,10.0
31,5,Jessie James Decker,0.0590062520045437,0.8149601161384767,36.0,Safe,Improved,0.43794579730736494,-0.1406269091035477,0.14865944410190862,8.0,8.0
31,5,Jordin Sparks,0.0511577525186175,0.8611459738438775,35.5,Safe,Improved,0.41382327354397286,-0.4297440358737936,-0.00796038116491038,9.0,9.0
31,5,Heidi D'Amelio,0.0684295923209689,0.8556219484446781,39.0,Safe,Improved,0.5693153912759875,0.23574544897558758,0.40253042012578755,7.0,6.5
31,5,Charli D'Amelio,0.1067103151673145,0.8545438314171009,42.0,Safe,Improved,0.6768795656652061,0.9459062071915761,0.8113928864283911,1.0,1.0
31,5,Teresa Giudice,0.0359925026891843,0.9230795511242288,0.0,Safe,Improved,-0.9291576054860151,-0.7909903154915232,-0.8600739604887692,16.0,16.0
31,5,Vinny Guadagnino,0.0478374104440521,0.8625710280612133,31.0,Safe,Improved,0.17321688497583668,-0.5328533166268232,-0.1798182158254933,10.0,11.5
31,5,Shangela,0.0736648547948441,0.8502500582199738,38.5,Safe,Improved,0.5490629291106677,0.42386556358687033,0.486464246348769,6.0,6.5
31,5,Gabby Windey,0.0908594384595084,0.8209863057552412,41.0,Safe,Improved,0.643656301936875,0.8174595279589062,0.7305579149478906,3.0,3.0
32,1,Jamie Lynn Spears,0.0566315704116079,0.722936113406214,15.0,Safe,Improved,-0.40384557428711554,-0.47915084298345095,-0.4414982086352832,10.0,10.0
32,1,Mira Sorvino,0.0748519540753774,0.7214800234356505,17.0,Safe,Improved,0.14178344610041002,0.12015735362350775,0.13097039986195888,7.0,7.0
32,1,Barry Williams,0.0693215035693688,0.7144605237374942,16.0,Safe,Improved,-0.14178344610041002,-0.07417853332206994,-0.10798098971123998,8.0,8.0
32,1,Alyson Hannigan,0.0527690214704609,0.8182682438172855,13.0,Safe,Improved,-0.7612646967363759,-0.5771051226047313,-0.6691849096705536,11.0,11.0
32,1,Xochitl Gomez,0.0828868051462088,0.7690852548408595,18.0,Safe,Improved,0.40384557428711554,0.3834730451371536,0.3936593097121346,6.0,6.0
32,1,Adrian Peterson,0.0866416667934499,0.7412970009427975,18.0,Safe,Improved,0.40384557428711554,0.49037723804449146,0.44711140616580347,5.0,5.0
32,1,Matt Walsh,0.0199184156485562,0.9345329960134092,12.0,Eliminated,Improved,-0.8577337826552903,-0.9485116504662737,-0.903122716560782,14.0,14.0
32,1,Tyson Beckford,0.0419105958573839,0.78307969460543,12.0,Safe,Improved,-0.8577337826552903,-0.7783148067363439,-0.8180242946958172,12.0,12.0
32,1,Jason Mraz,0.1085174462925649,0.715214600672312,21.0,Safe,Improved,0.8577337826552903,0.8637945578220231,0.8607641702386567,2.0,2.0
32,1,Lele Pons,0.0963497118730208,0.6893928808392935,19.0,Safe,Improved,0.613007813546764,0.7058948689689573,0.6594513412578606,4.0,4.0
32,1,Harry Jowsey,0.0346579201241741,0.815978807082506,12.0,Safe,Improved,-0.8577337826552903,-0.8609175862939179,-0.8593256844746041,13.0,13.0
32,1,Mauricio Umansky,0.0625454906492874,0.6645789922678704,15.0,Safe,Improved,-0.40384557428711554,-0.3034371661537546,-0.35364137022043507,9.0,9.0
32,1,Charity Lawson,0.1133038040785858,0.6942254986163687,22.0,Safe,Improved,0.9170570215527826,0.9008883341474331,0.9089726778501078,1.0,1.0
32,1,Ariana Madix,0.0996940940099525,0.756370324754301,21.0,Safe,Improved,0.8577337826552903,0.7602926557210914,0.8090132191881909,3.0,3.0
32,2,Jamie Lynn Spears,0.0213783235940955,0.95,16.0,Eliminated,Improved,-0.1644519157024091,-0.9600696471674189,-0.562260781434914,12.0,11.5
32,2,Mira Sorvino,0.0611366999046175,0.8707325848584336,18.0,Safe,Improved,0.1644519157024091,-0.38022431770782034,-0.10788620100270561,8.0,8.0
32,2,Barry Williams,0.0574931158058887,0.8622145419882997,15.0,Safe,Improved,-0.32024304009824583,-0.4945351215279044,-0.4073890808130751,10.0,10.0
32,2,Alyson Hannigan,0.0764379202117351,0.741052101053401,19.0,Safe,Improved,0.32024304009824583,0.19241914296433563,0.25633109153129074,6.0,6.0
32,2,Xochitl Gomez,0.1148520878719005,0.7922863060335773,24.0,Safe,Improved,0.8215972371869158,0.9340248245778142,0.877811030882365,1.0,1.0
32,2,Adrian Peterson,0.0589322688408539,0.8594332895684721,15.0,Safe,Improved,-0.32024304009824583,-0.45108959000332527,-0.3856663150507855,9.0,9.0
32,2,Matt Walsh,0.0458181840315172,0.8741715128111067,0.0,Safe,Improved,-0.9929377703472354,-0.7599786604869377,-0.8764582154170866,14.0,14.0
32,2,Tyson Beckford,0.0743777078885609,0.7502901877156471,18.0,Safe,Improved,0.1644519157024091,0.1142117249667379,0.1393318203345735,7.0,7.0
32,2,Jason Mraz,0.0998661706613112,0.821354080206637,24.0,Safe,Improved,0.8215972371869158,0.8026916858870167,0.8121444615369662,2.0,2.0
32,2,Lele Pons,0.1050857255200035,0.7737617875259805,21.0,Safe,Improved,0.5809104569855628,0.8640624130423864,0.7224864350139746,3.0,3.0
32,2,Harry Jowsey,0.0532978305471488,0.8962016768955626,15.0,Safe,Improved,-0.32024304009824583,-0.6076766818769862,-0.463959860987616,11.0,11.5
32,2,Mauricio Umansky,0.0557165018190385,0.838691052021549,12.0,Safe,Improved,-0.6803657795897157,-0.5449366208183865,-0.6126512002040511,13.0,13.0
32,2,Charity Lawson,0.0867071357523166,0.7939445464861278,21.0,Safe,Improved,0.5809104569855628,0.5329730888426059,0.5569417729140843,4.0,4.0
32,2,Ariana Madix,0.0889003275510112,0.8279538292369036,20.0,Safe,Improved,0.4604457719477332,0.5912573886561749,0.5258515803019541,5.0,5.0
32,3,Jamie Lynn Spears,0.0325264318090287,0.8306077722449077,0.0,Safe,Improved,-0.9730001418299293,-0.8767380320589264,-0.9248690869444278,14.0,14.0
32,3,Mira Sorvino,0.0810163494215722,0.745201776378873,26.0,Safe,Improved,0.2658281937982725,0.32349985921336327,0.2946640265058179,6.0,6.0
32,3,Barry Williams,0.0768010257497849,0.7415164830655365,25.0,Safe,Improved,0.17746614925674073,0.18583922747397597,0.18165268836535836,7.0,7.0
32,3,Alyson Hannigan,0.0697983302643533,0.7704554637293543,24.0,Safe,Improved,0.08614697030290841,-0.05699302416820937,0.014576973067349518,8.0,8.0
32,3,Xochitl Gomez,0.1042919709303106,0.7225499339890704,32.0,Safe,Improved,0.6806877965898407,0.817802657274176,0.7492452269320083,3.0,3.0
32,3,Adrian Peterson,0.0503051565475321,0.7856889617796744,22.0,Safe,Improved,-0.09931882993083495,-0.6287057449707968,-0.3640122874508159,11.0,11.0
32,3,Matt Walsh,0.043961067052223,0.8111913651749837,0.0,Safe,Improved,-0.9730001418299293,-0.7448571556977088,-0.858928648763819,13.0,12.0
32,3,Tyson Beckford,0.0207726638755024,0.9395865622535692,20.0,Eliminated,Improved,-0.2781314564939449,-0.9439204350268925,-0.6110259457604187,12.0,13.0
32,3,Jason Mraz,0.1072948457909368,0.6551224012268025,34.0,Safe,Improved,0.768397360202734,0.8497466846083065,0.8090720224055202,2.0,2.0
32,3,Lele Pons,0.0888274560068307,0.6976920823267561,27.0,Safe,Improved,0.3499384346762084,0.5433682942327497,0.446653364454479,5.0,5.0
32,3,Harry Jowsey,0.0622373902376501,0.7720891565882875,24.0,Safe,Improved,0.08614697030290841,-0.3110171695472982,-0.11243509962219489,9.0,9.0
32,3,Mauricio Umansky,0.0555214367653515,0.7693120778396378,23.0,Safe,Improved,-0.0066430585698985965,-0.5055358138633497,-0.2560894362166241,10.0,10.0
32,3,Charity Lawson,0.0941320880361037,0.7247317902850852,32.0,Safe,Improved,0.6806877965898407,0.6609919006914587,0.6708398486406497,4.0,4.0
32,3,Ariana Madix,0.1125137875128194,0.7211509713691964,34.0,Safe,Improved,0.768397360202734,0.8932726067892865,0.8308349834960103,1.0,1.0
32,5,Jamie Lynn Spears,0.0662933912612566,0.8914740640320278,0.0,Safe,Improved,-0.9021396078704923,-0.24352240557714502,-0.5728310067238187,12.0,12.0
32,5,Mira Sorvino,0.0254943944656943,0.95,22.0,Eliminated,Improved,0.39722718933718026,-0.9768195590934965,-0.2897961848781581,10.0,11.0
32,5,Barry Williams,0.0849343762487021,0.8576388678428866,24.0,Safe,Improved,0.5323641414381667,0.5740941927712504,0.5532291671047085,4.0,4.0
32,5,Alyson Hannigan,0.0673926560745427,0.8496583919530785,21.0,Safe,Improved,0.3219393341493404,-0.1928702984842464,0.064534517832547,9.0,9.0
32,5,Xochitl Gomez,0.0924827503303337,0.8675348926560806,28.0,Safe,Improved,0.7350434933886811,0.7694219377818156,0.7522327155852484,3.0,2.0
32,5,Adrian Peterson,0.0754355144440839,0.8626377152507603,0.0,Safe,Improved,-0.9021396078704923,0.19151998525707242,-0.3553098113067099,11.0,10.0
32,5,Matt Walsh,0.0368910813651063,0.9095136183611072,0.0,Safe,Improved,-0.9021396078704923,-0.9317404048176459,-0.9169400063440691,14.0,14.0
32,5,Tyson Beckford,0.0656544625195065,0.931027514772025,0.0,Safe,Improved,-0.9021396078704923,-0.2723829200406698,-0.587261263955581,13.0,13.0
32,5,Jason Mraz,0.0965086283170171,0.859222408509715,27.0,Safe,Improved,0.6926688233162748,0.8377979407947386,0.7652333820555066,2.0,3.0
32,5,Lele Pons,0.0818292731388482,0.8312980940308147,24.0,Safe,Improved,0.5323641414381667,0.4647384154424094,0.498551278440288,5.0,5.0
32,5,Harry Jowsey,0.0728880432390635,0.8599841013590681,18.0,Safe,Improved,0.07404405576759442,0.07051339193740788,0.07227872385250114,8.0,7.0
32,5,Mauricio Umansky,0.0706083645261766,0.8403729255548411,24.0,Safe,Improved,0.5323641414381667,-0.03967278202071466,0.246345679708726,6.0,6.0
32,5,Charity Lawson,0.0987543119383501,0.8311740540581263,28.0,Safe,Improved,0.7350434933886811,0.8673843156840163,0.8012139045363487,1.0,1.0
32,5,Ariana Madix,0.0648327521313178,0.8201702710224105,24.0,Safe,Improved,0.5323641414381667,-0.30878544425898696,0.11178934858958986,7.0,8.0
33,2,Tori Spelling,0.0221371977936677,0.9437876208500198,19.0,Eliminated,Improved,-0.29689151601250924,-0.9575994440728886,-0.6272454800426989,10.0,11.0
33,2,Eric Roberts,0.0453844156073407,0.8416323352756692,15.0,Safe,Improved,-0.9417340325211565,-0.8016013289561978,-0.8716676807386772,13.0,13.0
33,2,Reginald VelJohnson,0.059837974876284,0.7608005629655025,15.0,Safe,Improved,-0.9417340325211565,-0.5353094448318058,-0.7385217386764811,12.0,12.0
33,2,Chandler Kinney,0.124477997792294,0.6790616655728048,24.0,Safe,Improved,0.9056363973656625,0.9306537496106512,0.9181450734881569,1.0,1.0
33,2,Dwight Howard ,0.1157809142624744,0.6696381173343852,22.0,Safe,Improved,0.6522368819073936,0.8761765476387647,0.7642067147730791,2.0,2.0
33,2,Danny Amendola,0.079179430660593,0.7781501301020279,21.0,Safe,Improved,0.39475374364926946,0.07875338558359879,0.23675356461643413,6.0,6.0
33,2,Stephen Nedoroscik,0.1087063435068708,0.7258512794973999,22.0,Safe,Improved,0.6522368819073936,0.8046383436882165,0.7284376127978051,3.0,3.0
33,2,Ilona Maher,0.0857864152610798,0.7785976613925015,21.0,Safe,Improved,0.39475374364926946,0.30043576456923565,0.34759475410925256,5.0,5.0
33,2,Anna Delvey,0.0615444918330369,0.7073811652803921,17.0,Eliminated,Improved,-0.7737611923652106,-0.4913752322313286,-0.6325682122982696,11.0,10.0
33,2,Brooks Nader,0.0721256430256379,0.6921276496939246,20.0,Safe,Improved,0.055598454438177375,-0.16623487657844643,-0.05531821107013453,8.0,8.0
33,2,Phaedra Parks,0.0753899074120089,0.732221589258998,21.0,Safe,Improved,0.39475374364926946,-0.05357183270394785,0.17059095547266082,7.0,7.0
33,2,Jenn Tran,0.0609369057315698,0.8054746891050566,19.0,Safe,Improved,-0.29689151601250924,-0.5073258863370202,-0.4021087011747647,9.0,9.0
33,2,Joey Graziadei,0.0887123622371416,0.748084319410658,22.0,Safe,Improved,0.6522368819073936,0.3904531741266099,0.5213450280170018,4.0,4.0
33,3,Tori Spelling,0.0553883010810525,0.743532883122673,0.0,Safe,Improved,-0.9714044894339523,-0.6227856325737763,-0.7970950610038643,12.0,12.0
33,3,Eric Roberts,0.0234366751863398,0.9318503064929796,23.0,Eliminated,Improved,-0.1257951513895695,-0.9480328697332413,-0.5369140105614054,11.0,11.0
33,3,Reginald VelJohnson,0.0563195413814439,0.7974078326238988,21.0,Eliminated,Improved,-0.29087560234825727,-0.6030935109594906,-0.44698455665387393,10.0,10.0
33,3,Chandler Kinney,0.1129927625262783,0.6478486745879344,34.5,Safe,Improved,0.700669937537593,0.840227961075924,0.7704489493067586,2.0,2.0
33,3,Dwight Howard ,0.0636383261050427,0.734052152430926,26.0,Safe,Improved,0.13234030249903092,-0.42194277716547884,-0.14480123733322398,9.0,9.0
33,3,Danny Amendola,0.0843227872566207,0.7081373289878716,30.0,Safe,Improved,0.44563157958136196,0.2455607624236188,0.3455961710024904,6.0,6.0
33,3,Stephen Nedoroscik,0.0999774718867661,0.6864410820838548,31.0,Safe,Improved,0.5122421278508845,0.6532938983244894,0.5827680130876869,4.0,4.0
33,3,Ilona Maher,0.069037415837369,0.7325725319293162,28.0,Safe,Improved,0.2969566356933341,-0.26096714642237046,0.017994744635481813,8.0,8.0
33,3,Anna Delvey,0.0406481050551615,0.8002658944029915,0.0,Safe,Improved,-0.9714044894339523,-0.8422608115894229,-0.9068326505116876,13.0,13.0
33,3,Brooks Nader,0.089094412157074,0.7519088337224413,30.5,Safe,Improved,0.4796275332790358,0.39045230766580513,0.43503992047242046,5.0,5.0
33,3,Phaedra Parks,0.0733052848653062,0.6768583502971922,28.0,Safe,Improved,0.2969566356933341,-0.12195149328103456,0.08750257120614977,7.0,7.0
33,3,Jenn Tran,0.1103366955877019,0.7216824916480465,31.0,Safe,Improved,0.5122421278508845,0.811691600899888,0.6619668643753862,3.0,3.0
33,3,Joey Graziadei,0.1215022210738428,0.6827728554616133,35.0,Safe,Improved,0.7220332310067623,0.9069793185191293,0.8145062747629458,1.0,1.0
33,4,Tori Spelling,0.0677200197307021,0.8415797709080105,0.0,Safe,Improved,-0.8920707772175983,-0.3436127005282322,-0.6178417388729153,10.0,10.0
33,4,Eric Roberts,0.0619146327000445,0.8923595106001542,0.0,Safe,Improved,-0.8920707772175983,-0.5256599331908293,-0.7088653552042138,13.0,13.0
33,4,Reginald VelJohnson,0.0625333100836591,0.9104859581997607,0.0,Safe,Improved,-0.8920707772175983,-0.5080145165196289,-0.7000426468686136,11.0,11.0
33,4,Chandler Kinney,0.0823303968570903,0.8190721037107865,32.0,Safe,Improved,0.5329247656362436,0.20740004348768948,0.37016240456196653,5.0,5.0
33,4,Dwight Howard ,0.0633727347827573,0.888913627358744,29.0,Safe,Improved,0.3835925584417448,-0.48337546450659064,-0.04989145303242293,8.0,8.0
33,4,Danny Amendola,0.1273678696761412,0.7969437369535761,36.0,Safe,Improved,0.6897589786923327,0.9613417723207734,0.8255503755065531,1.0,1.0
33,4,Stephen Nedoroscik,0.1055640969540255,0.8379548173922571,33.0,Safe,Improved,0.5767238860503543,0.8057206586264752,0.6912222723384147,3.0,3.0
33,4,Ilona Maher,0.0742180373887633,0.8555049584657556,32.0,Safe,Improved,0.5329247656362436,-0.10489293142847052,0.21401591710388654,7.0,7.0
33,4,Anna Delvey,0.0621123518712779,0.8680470908675242,0.0,Safe,Improved,-0.8920707772175983,-0.52006852661275,-0.7060696519151741,12.0,12.0
33,4,Brooks Nader,0.0236974894857286,0.95,32.0,Eliminated,Improved,0.5329247656362436,-0.9687483664423345,-0.21791180040304547,9.0,9.0
33,4,Phaedra Parks,0.0813251971997346,0.80778927711132,32.0,Safe,Improved,0.5329247656362436,0.16967362976913059,0.3512991977026871,6.0,6.0
33,4,Jenn Tran,0.0846965185532054,0.7860067832674825,32.0,Safe,Improved,0.5329247656362436,0.2936376091015925,0.41328118736891806,4.0,4.0
33,4,Joey Graziadei,0.1031473447168697,0.8773575081289389,36.0,Safe,Improved,0.6897589786923327,0.770130732983032,0.7299448558376824,2.0,2.0
33,5,Tori Spelling,0.0692915060172536,0.95,0.0,Safe,Improved,-0.8374305463712123,-0.2542683493071072,-0.5458494478391598,11.0,10.0
33,5,Eric Roberts,0.0600651828421564,0.9475972873885212,0.0,Safe,Improved,-0.8374305463712123,-0.5184863949370581,-0.6779584706541352,12.0,12.0
33,5,Reginald VelJohnson,0.085807098010726,0.8970150601495929,0.0,Safe,Improved,-0.8374305463712123,0.29372296095103817,-0.271853792710087,10.0,8.5
33,5,Chandler Kinney,0.1363786313992238,0.8712524975877172,27.0,Safe,Improved,0.713548150926921,0.9657764944188383,0.8396623226728797,1.0,1.0
33,5,Dwight Howard ,0.06351219284436,0.9105660478453774,24.0,Safe,Improved,0.5785478652479752,-0.42750878893839794,0.07551953815478862,6.0,8.5
33,5,Danny Amendola,0.1060982050044596,0.7663232187867868,25.5,Safe,Improved,0.6511694221441844,0.7590018948469313,0.7050856584955578,3.0,3.0
33,5,Stephen Nedoroscik,0.0713748545289647,0.8914733029132873,24.0,Safe,Improved,0.5785478652479752,-0.18678249734459026,0.19588268395169245,5.0,5.0
33,5,Ilona Maher,0.0798768282707026,0.8801328407976432,26.0,Safe,Improved,0.6730743766665671,0.10028190700394972,0.3866781418352584,4.0,4.0
33,5,Anna Delvey,0.0467231964709223,0.8886377293085063,0.0,Safe,Improved,-0.8374305463712123,-0.7734124546411394,-0.8054215005061758,13.0,13.0
33,5,Brooks Nader,0.0964315279466686,0.8300952335286145,0.0,Safe,Improved,-0.8374305463712123,0.5813895101544693,-0.1280205181083715,8.0,6.0
33,5,Phaedra Parks,0.0272475285608924,0.95,24.0,Eliminated,Improved,0.5785478652479752,-0.9344277544364045,-0.17793994459421464,9.0,11.0
33,5,Jenn Tran,0.0507740721758075,0.95,25.5,Safe,Improved,0.6511694221441844,-0.711774284857334,-0.030302431356574788,7.0,7.0
33,5,Joey Graziadei,0.1064191759278619,0.8389233580860778,26.0,Safe,Improved,0.6730743766665671,0.7635986358592036,0.7183365062628854,2.0,2.0
34,2,Corey Feldman,0.0199314501105341,0.9210431322019436,15.0,Eliminated,Improved,-0.9703031127199231,-0.9476763841970007,-0.958989748458462,14.0,14.0
34,2,Danielle Fishel,0.0559608503022608,0.7939561649805478,19.0,Safe,Improved,-0.35411265347127097,-0.4954021508809878,-0.4247574021761294,10.0,10.0
34,2,Elaine Hendrix,0.075796385550148,0.7221261292725788,21.0,Safe,Improved,0.45700392062636924,0.15219682356090014,0.30460037209363466,7.0,7.0
34,2,Baron Davis,0.0482739146147647,0.7699791120202711,18.0,Eliminated,Improved,-0.6651345835390612,-0.6713207750056417,-0.6682276792723514,11.0,11.0
34,2,Jordan Chiles,0.1082293824280443,0.6780208663902427,22.0,Safe,Improved,0.7284165146915228,0.8597455334193785,0.7940810240554507,2.0,2.0
34,2,Andy Richter,0.0366099930737001,0.7548509828714309,16.0,Safe,Improved,-0.9309705273720889,-0.8404653732405301,-0.8857179503063095,13.0,13.0
34,2,Robert Irwin,0.1139083244772368,0.684407205052489,22.0,Safe,Improved,0.7284165146915228,0.9036555891620003,0.8160360519267615,1.0,1.0
34,2,Hilaria Baldwin,0.0673176067999258,0.7626530223133385,21.0,Safe,Improved,0.45700392062636924,-0.14337386684462963,0.1568150268908698,8.0,8.0
34,2,Lauren Jauregui,0.0890751459973061,0.720025255647353,21.0,Safe,Improved,0.45700392062636924,0.5509268878082678,0.5039654042173185,5.0,5.0
34,2,Scott Hoying,0.0447166005455811,0.7942888662043429,18.0,Safe,Improved,-0.6651345835390612,-0.7343338462098609,-0.699734214874461,12.0,12.0
34,2,Alix Earle,0.0813626795599992,0.7438100520968992,21.0,Safe,Improved,0.45700392062636924,0.3353688561830418,0.39618638840470555,6.0,6.0
34,2,Jen Affleck,0.095299582959661,0.6875854497313351,22.0,Safe,Improved,0.7284165146915228,0.6849078426739607,0.7066621786827417,4.0,4.0
34,2,Whitney Leavitt,0.1017556473759879,0.6948880198272807,22.0,Safe,Improved,0.7284165146915228,0.7875791712281547,0.7579978429598387,3.0,3.0
34,2,Dylan Efron,0.0617624362048494,0.7652893727183627,20.0,Safe,Improved,0.06161157540393732,-0.32699044486158046,-0.13268943472882158,9.0,9.0
34,3,Corey Feldman,0.0438790119323826,0.804249064178441,0.0,Safe,Improved,-0.9797073662814955,-0.7480437940424965,-0.863875580161996,13.0,12.5
34,3,Danielle Fishel,0.0682644447349065,0.7709754475678927,21.0,Safe,Improved,0.31826992370863977,-0.1107776639226111,0.10374612989301434,8.0,8.0
34,3,Elaine Hendrix,0.0624277924251264,0.7835609920776954,21.0,Safe,Improved,0.31826992370863977,-0.3062666440815354,0.006001639813552173,9.0,9.0
34,3,Baron Davis,0.0343194747538334,0.8156245525963715,0.0,Safe,Improved,-0.9797073662814955,-0.86289298152267,-0.9213001739020827,14.0,14.0
34,3,Jordan Chiles,0.1160517335391495,0.6230672850836031,24.0,Safe,Improved,0.6068996933842091,0.9168215028340696,0.7618605981091393,1.0,1.0
34,3,Andy Richter,0.0516953535773786,0.7298072191889222,18.0,Safe,Improved,-0.04452740821704786,-0.6003644973762554,-0.3224459527966516,11.0,11.0
34,3,Robert Irwin,0.0806851241100075,0.770001957406905,22.0,Safe,Improved,0.4255746702857686,0.31439230357519776,0.3699834869304832,6.0,6.0
34,3,Hilaria Baldwin,0.0751909228675595,0.7496613441483572,22.0,Safe,Improved,0.4255746702857686,0.13149871436573446,0.2785366923257515,7.0,7.0
34,3,Lauren Jauregui,0.0213453514695576,0.9351889739516218,18.0,Eliminated,Improved,-0.04452740821704786,-0.942577178828568,-0.4935522935228079,12.0,12.5
34,3,Scott Hoying,0.0864525326752109,0.7539456283524695,22.0,Safe,Improved,0.4255746702857686,0.48397641515156226,0.45477554271866544,5.0,5.0
34,3,Alix Earle,0.1007693982347134,0.6895542524555028,23.0,Safe,Improved,0.5221123367474889,0.7744973431976259,0.6483048399725574,3.0,3.0
34,3,Jen Affleck,0.0549688750741574,0.8050452321429752,19.0,Safe,Improved,0.08003084453359777,-0.5216740522156964,-0.22082160384104932,10.0,10.0
34,3,Whitney Leavitt,0.1082768870846179,0.7509537383438231,24.0,Safe,Improved,0.6068996933842091,0.860532802608875,0.733716247996542,2.0,2.0
34,3,Dylan Efron,0.0956730975213982,0.6448723111726258,23.0,Safe,Improved,0.5221123367474889,0.6922748331672842,0.6071935849573866,4.0,4.0
34,6,Corey Feldman,0.0603153930780321,0.7740642195741326,0.0,Safe,Improved,-0.9031162674885012,-0.4308178383902949,-0.6669670529393981,13.0,13.0
34,6,Danielle Fishel,0.0912127410964535,0.8161670564468997,36.0,Safe,Improved,0.6157682335751771,0.6753502604510431,0.6455592470131101,4.0,4.0
34,6,Elaine Hendrix,0.0817110741712366,0.7944661969857382,36.0,Safe,Improved,0.6157682335751771,0.4023499185045281,0.5090590760398526,5.0,5.0
34,6,Baron Davis,0.0625205813010158,0.8198954063766561,0.0,Safe,Improved,-0.9031162674885012,-0.35350527437968254,-0.6283107709340918,12.0,12.0
34,6,Jordan Chiles,0.1040931073691962,0.7978327161798822,39.0,Safe,Improved,0.7173086399497285,0.8751597164530623,0.7962341782013954,2.0,2.0
34,6,Andy Richter,0.063872908964014,0.8559054456831312,27.0,Safe,Improved,0.1648838409443387,-0.30348931980141913,-0.06930273942854022,9.0,9.0
34,6,Robert Irwin,0.0960852971046385,0.7075016046380109,36.0,Safe,Improved,0.6157682335751771,0.77092196589865,0.6933450997369135,3.0,3.0
34,6,Hilaria Baldwin,0.0626648124450136,0.8533350364296706,0.0,Safe,Improved,-0.9031162674885012,-0.3482600147610922,-0.6256881411247966,11.0,10.0
34,6,Lauren Jauregui,0.0399786044544103,0.8588563473868986,0.0,Safe,Improved,-0.9031162674885012,-0.8628349078158791,-0.8829755876521901,14.0,14.0
34,6,Scott Hoying,0.0227311727854793,0.95,28.0,Eliminated,Improved,0.22385351102537976,-0.9653894186506702,-0.3707679538126452,10.0,11.0
34,6,Alix Earle,0.0702413947841325,0.8506124168779935,35.0,Safe,Improved,0.5762656891980159,-0.04919641703048664,0.26353463608376465,6.0,6.0
34,6,Jen Affleck,0.0696056304646503,0.8048467019148757,32.0,Safe,Improved,0.44056736065746327,-0.07545970771905916,0.18255382646920204,7.0,7.0
34,6,Whitney Leavitt,0.1116534766780819,0.7122640932709028,39.0,Safe,Improved,0.7173086399497285,0.9313213468404652,0.8243149933950968,1.0,1.0
34,6,Dylan Efron,0.0633138053036447,0.83903996902163,32.0,Safe,Improved,0.44056736065746327,-0.32439063591315836,0.05808836237215245,8.0,8.0
