Season,Week,Contestant,Est_Fan_Votes,Certainty,Judge Score,Official Result,Model,J_Norm,F_Norm,New_Score,Dynamic_Weight_J,New_Rank,Original_Rank_Simulated
1,2,John O'Hurley,0.220539603941134,0.4437204331955638,26.0,Safe,Improved,1.0,1.0,1.0,0.2598924154791504,1.0,1.0
1,2,Kelly Monaco,0.158801922500364,0.4878562076512798,17.0,Safe,Improved,0.25,0.6096789173140879,0.516201094696404,0.2598924154791504,5.0,5.5
1,2,Evander Holyfield,0.1873042126404282,0.4705918577068211,14.0,Safe,Improved,0.0,0.7898775332464179,0.5845943531982933,0.2598924154791504,4.0,4.0
1,2,Rachel Hunter,0.1942347354538848,0.3736428279474174,24.0,Safe,Improved,0.8333333333333334,0.8336940340446061,0.8336002906654884,0.2598924154791504,2.0,2.0
1,2,Joey McIntyre,0.1767514479390385,0.4620261227387726,21.0,Safe,Improved,0.5833333333333334,0.7231603121352271,0.6868203408652509,0.2598924154791504,3.0,3.0
1,2,Trista Sutter,0.0623680775251506,0.8223340525664045,19.0,Eliminated,Improved,0.4166666666666667,0.0,0.108288506449646,0.2598924154791504,6.0,5.5
1,3,John O'Hurley,0.2066744498531481,0.4113542985385885,24.0,Safe,Improved,0.9230769230769231,0.866555070496609,0.8819030792072537,0.2715411475382204,2.0,2.0
1,3,Kelly Monaco,0.1651547908846979,0.353988513451041,21.0,Safe,Improved,0.8076923076923077,0.6186790885733656,0.6700039549928163,0.2715411475382204,4.0,4.0
1,3,Evander Holyfield,0.0615249653196215,0.7752019233025218,13.0,Eliminated,Improved,0.5,0.0,0.1357705737691102,0.2715411475382204,6.0,5.5
1,3,Rachel Hunter,0.2290267081117371,0.3255336946917315,26.0,Safe,Improved,1.0,1.0,1.0,0.2715411475382204,1.0,1.0
1,3,Joey McIntyre,0.1827664811663334,0.4079253555665917,22.0,Safe,Improved,0.8461538461538461,0.7238224141774052,0.7570404315962818,0.2715411475382204,3.0,3.0
1,3,Trista Sutter,0.1548526046644622,0.4678987511889129,0.0,Safe,Improved,0.0,0.5571741391411582,0.40587843402014806,0.2715411475382204,5.0,5.5
1,4,John O'Hurley,0.1252848529908002,0.875659120376776,21.0,Safe,Improved,0.8076923076923077,0.3284974319260224,0.47021691234754737,0.2957449830716573,5.0,4.0
1,4,Kelly Monaco,0.2117445747568101,0.52466438768269,26.0,Safe,Improved,1.0,0.9021535686487411,0.9310911598323413,0.2957449830716573,1.0,1.0
1,4,Evander Holyfield,0.2094767757332403,0.8247003420295886,0.0,Safe,Improved,0.0,0.8871068301194939,0.6247494356630526,0.2957449830716573,3.0,6.0
1,4,Rachel Hunter,0.0757747113797798,0.9115000518930784,25.0,Eliminated,Improved,0.9615384615384616,0.0,0.28437017603043974,0.2957449830716573,6.0,4.0
1,4,Joey McIntyre,0.1512273915270768,0.8481011397474025,20.0,Safe,Improved,0.7692307692307693,0.5006249397356914,0.5800637662326618,0.2957449830716573,4.0,4.0
1,4,Trista Sutter,0.2264916936122926,0.8533353175861013,0.0,Safe,Improved,0.0,1.0,0.7042550169283427,0.2957449830716573,2.0,2.0
2,1,Tatum O'Neal,0.1412235854353047,0.5904089101505983,23.0,Safe,Improved,0.9166666666666666,0.9299488639672647,0.9265686853578201,0.2544894141342379,2.0,2.0
2,1,Tia Carrere,0.09848552247862,0.6258777123038447,20.0,Safe,Improved,0.6666666666666666,0.5824098896455817,0.6038523474665167,0.2544894141342379,6.0,6.0
2,1,George Hamilton,0.0751291132274966,0.7086805804866791,18.0,Safe,Improved,0.5,0.39247936979025294,0.4198422319796755,0.2544894141342379,8.0,8.0
2,1,Lisa Rinna,0.0848571087146137,0.6854003077883932,19.0,Safe,Improved,0.5833333333333334,0.4715858463103788,0.5000243988138239,0.2544894141342379,7.0,7.0
2,1,Stacy Keibler,0.1215960273257512,0.6352561703987142,22.0,Safe,Improved,0.8333333333333334,0.7703407548972087,0.786371699278223,0.2544894141342379,4.0,4.0
2,1,Jerry Rice,0.1036743790270797,0.6209478721987659,21.0,Safe,Improved,0.75,0.6246048268513629,0.6565165710012208,0.2544894141342379,5.0,5.0
2,1,Giselle Fernandez,0.1289315669036066,0.6046203488281195,23.0,Safe,Improved,0.9166666666666666,0.8299921692247088,0.852049911299092,0.2544894141342379,3.0,3.0
2,1,Master P,0.069400107051331,0.7183528249318707,12.0,Safe,Improved,0.0,0.34589202369632427,0.25786616523214073,0.2544894141342379,9.0,9.5
2,1,Drew Lachey,0.1498380145588228,0.6060011080941536,24.0,Safe,Improved,1.0,1.0,1.0,0.2544894141342379,1.0,1.0
2,1,Kenny Mayne,0.0268645752773734,0.909331201870944,13.0,Eliminated,Improved,0.08333333333333333,0.0,0.021207451177853158,0.2544894141342379,10.0,9.5
2,2,Tatum O'Neal,0.0260775554265305,0.917393325579611,17.0,Eliminated,Improved,0.5862068965517241,0.0,0.152350726315364,0.2598924154791504,10.0,9.5
2,2,Tia Carrere,0.0942402538402276,0.7086319077807305,22.0,Safe,Improved,0.7586206896551724,0.5515240011943382,0.6053468597961574,0.2598924154791504,6.0,6.0
2,2,George Hamilton,0.1045069903024823,0.6543026216392922,22.0,Safe,Improved,0.7586206896551724,0.6345951193373471,0.6668284243884259,0.2598924154791504,5.0,5.0
2,2,Lisa Rinna,0.0822271179783919,0.6886918525207752,20.0,Safe,Improved,0.6896551724137931,0.45432226312348395,0.5154835013606782,0.2598924154791504,7.0,7.0
2,2,Stacy Keibler,0.1496672782057553,0.6224856817369033,29.0,Safe,Improved,1.0,1.0,1.0,0.2598924154791504,1.0,1.0
2,2,Jerry Rice,0.1198027225646035,0.6572707652358274,23.0,Safe,Improved,0.7931034482758621,0.7583572891857642,0.7673875524003124,0.2598924154791504,4.0,4.0
2,2,Giselle Fernandez,0.1246496298847963,0.6503076493778976,24.0,Safe,Improved,0.8275862068965517,0.7975750106208312,0.8053746929123471,0.2598924154791504,3.0,3.0
2,2,Master P,0.0737603010446043,0.5902444166407783,16.0,Safe,Improved,0.5517241379310345,0.38581481166724646,0.4289333872204607,0.2598924154791504,8.0,9.5
2,2,Drew Lachey,0.1395484547736153,0.6671700047911964,27.0,Safe,Improved,0.9310344827586207,0.9181256887337161,0.9214805863937714,0.2598924154791504,2.0,2.0
2,2,Kenny Mayne,0.0855196959789924,0.7549852344100156,0.0,Safe,Improved,0.0,0.48096345890059733,0.355964703809714,0.2598924154791504,9.0,8.0
2,4,Tatum O'Neal,0.0737172518205929,0.7919861893184236,0.0,Safe,Improved,0.0,0.3755442487665464,0.2644789212724259,0.2957449830716573,9.0,10.0
2,4,Tia Carrere,0.1023661456014912,0.6862314875578237,25.0,Safe,Improved,0.8928571428571429,0.6167387063490813,0.6983993486799305,0.2957449830716573,5.0,4.5
2,4,George Hamilton,0.0843814984392947,0.6894998072599096,21.0,Safe,Improved,0.75,0.4653263254636632,0.5495171365203586,0.2957449830716573,6.0,6.0
2,4,Lisa Rinna,0.1383655836428476,0.6161517149477043,26.0,Safe,Improved,0.9285714285714286,0.9198172474636548,0.9224062526071797,0.2957449830716573,2.0,2.0
2,4,Stacy Keibler,0.128901570727841,0.7108578046415925,26.0,Safe,Improved,0.9285714285714286,0.8401399140543245,0.8662930908181865,0.2957449830716573,3.0,3.0
2,4,Jerry Rice,0.1089761502979039,0.6393066486068706,24.0,Safe,Improved,0.8571428571428571,0.6723882022619836,0.7270284645421374,0.2957449830716573,4.0,4.5
2,4,Giselle Fernandez,0.0864221193882602,0.7527383690533789,0.0,Safe,Improved,0.0,0.48250627198032264,0.3398074627415337,0.2957449830716573,8.0,8.0
2,4,Master P,0.0291103922734227,0.924102436675041,8.0,Eliminated,Improved,0.2857142857142857,0.0,0.08449856659190208,0.2957449830716573,10.0,9.0
2,4,Drew Lachey,0.1478896298564209,0.6492028271914605,28.0,Safe,Improved,1.0,1.0,1.0,0.2957449830716573,1.0,1.0
2,4,Kenny Mayne,0.0998696579519246,0.7872269366185795,0.0,Safe,Improved,0.0,0.595720827295748,0.41953938131173335,0.2957449830716573,7.0,7.0
2,5,Tatum O'Neal,0.0712456195359861,0.8562308871183165,0.0,Safe,Improved,0.0,0.35450554327163175,0.23312642995296456,0.34238988817634153,10.0,10.0
2,5,Tia Carrere,0.027161851654649,0.9457972963838598,22.0,Eliminated,Improved,0.7333333333333333,0.0,0.2510859179959838,0.34238988817634153,9.0,8.0
2,5,George Hamilton,0.1170621050880154,0.756531525969168,24.0,Safe,Improved,0.8,0.7229449685299061,0.7493278321383761,0.34238988817634153,3.0,3.5
2,5,Lisa Rinna,0.106897807510798,0.7948542631950325,25.0,Safe,Improved,0.8333333333333334,0.6412074037127334,0.7069893792713062,0.34238988817634153,4.0,3.5
2,5,Stacy Keibler,0.1515146825709174,0.6226748214210533,30.0,Safe,Improved,1.0,1.0,1.0,0.34238988817634153,1.0,1.0
2,5,Jerry Rice,0.1048601486151948,0.7917659853113403,23.0,Safe,Improved,0.7666666666666667,0.6248212958888172,0.6733877165277768,0.34238988817634153,5.0,5.0
2,5,Giselle Fernandez,0.0776697459007757,0.815848539046831,0.0,Safe,Improved,0.0,0.4061660186902832,0.26709888096988726,0.34238988817634153,8.0,9.0
2,5,Master P,0.0990667426239409,0.866920580617528,0.0,Safe,Improved,0.0,0.578232843108399,0.3802517646166262,0.34238988817634153,7.0,7.0
2,5,Drew Lachey,0.1403946818978572,0.7096355856836929,27.0,Safe,Improved,0.9,0.9105770203128891,0.90695555551072,0.34238988817634153,2.0,2.0
2,5,Kenny Mayne,0.1041266146018651,0.8978516568868636,0.0,Safe,Improved,0.0,0.6189224835503703,0.40700968361773543,0.34238988817634153,6.0,6.0
3,1,Harry Hamlin,0.0876929674099485,0.0,17.0,Safe,Improved,0.35714285714285715,0.35714285714285665,0.35714285714285676,0.2544894141342379,8.0,8.0
3,1,Vivica A. Fox,0.0947684391080617,1.1102230246251564e-14,22.0,Safe,Improved,0.7142857142857143,0.7142857142857126,0.7142857142857131,0.2544894141342379,3.5,3.5
3,1,Monique Coleman,0.0905231560891938,0.0,19.0,Safe,Improved,0.5,0.5,0.5,0.2544894141342379,6.0,6.0
3,1,Joey Lawrence,0.0933533447684391,1.1102230246251563e-16,21.0,Safe,Improved,0.6428571428571429,0.6428571428571433,0.6428571428571432,0.2544894141342379,5.0,5.0
3,1,Mario Lopez,0.1004288164665523,0.0,26.0,Safe,Improved,1.0,1.0,1.0,0.2544894141342379,1.0,1.0
3,1,Emmitt Smith,0.097598627787307,0.0,24.0,Safe,Improved,0.8571428571428571,0.8571428571428567,0.8571428571428568,0.2544894141342379,2.0,2.0
3,1,Shanna Moakler,0.0891080617495711,6.217248937900877e-15,18.0,Safe,Improved,0.42857142857142855,0.4285714285714259,0.4285714285714265,0.2544894141342379,7.0,7.0
3,1,Willa Ford,0.0947684391080617,5.218048215738236e-15,22.0,Safe,Improved,0.7142857142857143,0.7142857142857126,0.7142857142857131,0.2544894141342379,3.5,3.5
3,1,Sara Evans,0.0848627787307032,4.218847493575595e-15,15.0,Safe,Improved,0.21428571428571427,0.21428571428571327,0.21428571428571352,0.2544894141342379,10.0,10.0
3,1,Jerry Springer,0.0862778730703258,6.106226635438361e-15,16.0,Safe,Improved,0.2857142857142857,0.28571428571428253,0.2857142857142833,0.2544894141342379,9.0,9.0
3,1,Tucker Carlson,0.0806174957118353,0.8748765008576328,12.0,Eliminated,Improved,0.0,0.0,0.0,0.2544894141342379,11.0,11.0
3,2,Harry Hamlin,0.0910276679815439,0.1222391304347834,21.0,Safe,Improved,0.7241379310344828,0.6362212231146099,0.6590701086968807,0.2598924154791504,8.0,8.0
3,2,Vivica A. Fox,0.0949407114598048,0.1222391304347823,24.0,Safe,Improved,0.8275862068965517,0.6770875900945859,0.7162010391415198,0.2598924154791504,4.5,3.5
3,2,Monique Coleman,0.0975494071119787,0.1222391304347825,26.0,Safe,Improved,0.896551724137931,0.7043318347479026,0.7542883261046123,0.2598924154791504,2.0,2.0
3,2,Joey Lawrence,0.1014624505902395,0.1222391304347825,29.0,Safe,Improved,1.0,0.7451982017278774,0.8114192565492506,0.2598924154791504,1.0,1.0
3,2,Mario Lopez,0.0910276679815439,0.1222391304347823,21.0,Safe,Improved,0.7241379310344828,0.6362212231146099,0.6590701086968807,0.2598924154791504,8.0,8.0
3,2,Emmitt Smith,0.0949407114598048,0.1222391304347826,24.0,Safe,Improved,0.8275862068965517,0.6770875900945859,0.7162010391415198,0.2598924154791504,4.5,3.5
3,2,Shanna Moakler,0.0301081027787045,0.9139249011857706,22.0,Eliminated,Improved,0.7586206896551724,0.0,0.19715976346694164,0.2598924154791504,11.0,10.0
3,2,Willa Ford,0.0936363636337178,0.1222391304347823,23.0,Safe,Improved,0.7931034482758621,0.6634654677679269,0.6971573956599731,0.2598924154791504,6.0,5.0
3,2,Sara Evans,0.0910276679815439,0.1222391304347826,21.0,Safe,Improved,0.7241379310344828,0.6362212231146099,0.6590701086968807,0.2598924154791504,8.0,8.0
3,2,Jerry Springer,0.08841897232937,0.1222391304347824,19.0,Safe,Improved,0.6551724137931034,0.6089769784612932,0.6209828217337882,0.2598924154791504,10.0,11.0
3,2,Tucker Carlson,0.125860276691748,0.1222391304347818,0.0,Safe,Improved,0.0,1.0,0.7401075845208496,0.2598924154791504,3.0,6.0
3,3,Harry Hamlin,0.0033442541355585,0.9245529205094426,22.0,Eliminated,Improved,0.8148148148148148,0.0,0.22125574984595733,0.2715411475382204,11.0,9.0
3,3,Vivica A. Fox,0.1027667984189723,0.2325840579710149,27.0,Safe,Improved,1.0,0.9345963873385791,0.9523561593738066,0.2715411475382204,1.5,1.5
3,3,Monique Coleman,0.1027667984189723,0.2325840579710142,27.0,Safe,Improved,1.0,0.9345963873385791,0.9523561593738066,0.2715411475382204,1.5,1.5
3,3,Joey Lawrence,0.0955204216073781,0.2325840579710143,22.0,Safe,Improved,0.8148148148148148,0.866478661744025,0.8524498014626283,0.2715411475382204,5.0,6.5
3,3,Mario Lopez,0.0955204216073781,0.2325840579710137,22.0,Safe,Improved,0.8148148148148148,0.866478661744025,0.8524498014626283,0.2715411475382204,5.0,6.5
3,3,Emmitt Smith,0.0911725955204216,0.2325840579710143,19.0,Safe,Improved,0.7037037037037037,0.8256080263872927,0.7925059867159215,0.2715411475382204,8.0,11.0
3,3,Shanna Moakler,0.1097244473722734,0.232584057971014,0.0,Safe,Improved,0.0,0.999999999999999,0.7284588524617789,0.2715411475382204,10.0,6.5
3,3,Willa Ford,0.0955204216073781,0.232584057971014,22.0,Safe,Improved,0.8148148148148148,0.866478661744025,0.8524498014626283,0.2715411475382204,5.0,6.5
3,3,Sara Evans,0.0998682476943346,0.2325840579710144,25.0,Safe,Improved,0.9259259259259259,0.9073492971007573,0.9123936162093352,0.2715411475382204,3.0,3.0
3,3,Jerry Springer,0.0940711462450593,0.2325840579710152,21.0,Safe,Improved,0.7777777777777778,0.8528551166251146,0.832468529880393,0.2715411475382204,7.0,10.0
3,3,Tucker Carlson,0.1097244473722735,0.2325840579710143,0.0,Safe,Improved,0.0,1.0,0.7284588524617797,0.2715411475382204,9.0,4.0
3,4,Harry Hamlin,0.1213121212121212,0.3946393939393928,0.0,Safe,Improved,0.0,1.0,0.7042550169283427,0.2957449830716573,7.0,4.0
3,4,Vivica A. Fox,0.0,0.9394848484848484,24.0,Eliminated,Improved,0.8275862068965517,0.0,0.24475446874895776,0.2957449830716573,11.0,9.5
3,4,Monique Coleman,0.0895675324675324,0.3946393939393943,24.0,Safe,Improved,0.8275862068965517,0.738323026360395,0.764722164176983,0.2957449830716573,5.0,8.0
3,4,Joey Lawrence,0.094112987012987,0.3946393939393933,27.0,Safe,Improved,0.9310344827586207,0.7757921143627935,0.8217042659760214,0.2957449830716573,3.0,3.0
3,4,Mario Lopez,0.09714329004329,0.394639393939393,29.0,Safe,Improved,1.0,0.800771506364392,0.8596923338420467,0.2957449830716573,1.0,1.0
3,4,Emmitt Smith,0.0895675324675325,0.3946393939393937,24.0,Safe,Improved,0.8275862068965517,0.7383230263603959,0.7647221641769836,0.2957449830716573,4.0,5.0
3,4,Shanna Moakler,0.1213121212121211,0.3946393939393936,0.0,Safe,Improved,0.0,0.9999999999999991,0.704255016928342,0.2957449830716573,8.5,6.5
3,4,Willa Ford,0.0956281385281385,0.3946393939393944,28.0,Safe,Improved,0.9655172413793104,0.7882818103635928,0.840698299909034,0.2957449830716573,2.0,2.0
3,4,Sara Evans,0.0835069264069264,0.3946393939393933,20.0,Safe,Improved,0.6896551724137931,0.6883642423571982,0.6887460284449326,0.2957449830716573,10.0,11.0
3,4,Jerry Springer,0.0865372294372294,0.3946393939393939,22.0,Safe,Improved,0.7586206896551724,0.7133436343587966,0.7267340963109578,0.2957449830716573,6.0,9.5
3,4,Tucker Carlson,0.1213121212121211,0.394639393939394,0.0,Safe,Improved,0.0,0.9999999999999991,0.704255016928342,0.2957449830716573,8.5,6.5
3,5,Harry Hamlin,0.1492712707182321,0.6418839779005502,0.0,Safe,Improved,0.0,1.0,0.6576101118236585,0.34238988817634153,2.0,5.0
3,5,Vivica A. Fox,0.1492712707182321,0.641883977900552,0.0,Safe,Improved,0.0,1.0,0.6576101118236585,0.34238988817634153,2.0,5.0
3,5,Monique Coleman,0.0693624309392265,0.641883977900552,27.0,Safe,Improved,1.0,0.4646736817170709,0.6479639999718156,0.34238988817634153,5.5,1.5
3,5,Joey Lawrence,0.0660475138121546,0.6418839779005543,25.0,Safe,Improved,0.9259259259259259,0.44246634663429246,0.607998017925736,0.34238988817634153,8.0,7.0
3,5,Mario Lopez,0.0693624309392264,0.6418839779005534,27.0,Safe,Improved,1.0,0.46467368171707013,0.6479639999718151,0.34238988817634153,7.0,3.0
3,5,Emmitt Smith,0.0693624309392265,0.6418839779005527,27.0,Safe,Improved,1.0,0.4646736817170709,0.6479639999718156,0.34238988817634153,5.5,1.5
3,5,Shanna Moakler,0.1492712707182321,0.6418839779005522,0.0,Safe,Improved,0.0,1.0,0.6576101118236585,0.34238988817634153,2.0,5.0
3,5,Willa Ford,0.0,0.9674439979909591,27.0,Eliminated,Improved,1.0,0.0,0.34238988817634153,0.34238988817634153,11.0,8.5
3,5,Sara Evans,0.0643900552486187,0.6418839779005523,24.0,Safe,Improved,0.8888888888888888,0.43136267909290366,0.5880150269026965,0.34238988817634153,9.5,10.5
3,5,Jerry Springer,0.0643900552486187,0.6418839779005525,24.0,Safe,Improved,0.8888888888888888,0.43136267909290366,0.5880150269026965,0.34238988817634153,9.5,10.5
3,5,Tucker Carlson,0.149271270718232,0.6418839779005532,0.0,Safe,Improved,0.0,0.9999999999999994,0.6576101118236581,0.34238988817634153,4.0,8.5
4,2,John Ratzenberger,0.0893506493506493,0.0168265306122447,21.0,Safe,Improved,0.3333333333333333,0.521562894544489,0.4726434592167411,0.2598924154791504,8.0,8.0
4,2,Ian Ziering,0.0905751391465677,0.0168265306122447,22.0,Safe,Improved,0.4444444444444444,0.6013024121204095,0.5605362160139524,0.2598924154791504,6.0,5.0
4,2,Clyde Drexler,0.0936863636363636,0.016826530612245,18.0,Safe,Improved,0.0,0.8039072363612211,0.5949778428821351,0.2598924154791504,5.0,6.0
4,2,Laila Ali,0.0966975881261595,0.0168265306122447,27.0,Safe,Improved,1.0,1.0,1.0,0.2598924154791504,1.0,1.0
4,2,Apolo Anton Ohno,0.0954730983302411,0.0168265306122448,26.0,Safe,Improved,0.8888888888888888,0.9202604824240795,0.9121072432027887,0.2598924154791504,2.0,2.0
4,2,Shandi Finnessey,0.0881261595547309,0.0168265306122445,20.0,Safe,Improved,0.2222222222222222,0.4418233769685676,0.3847507024195292,0.2598924154791504,10.0,11.0
4,2,Paulina Porizkova,0.0813414656771799,0.903987012987013,21.0,Eliminated,Improved,0.3333333333333333,0.0,0.08663080515971679,0.2598924154791504,11.0,10.0
4,2,Heather Mills,0.0930241187384044,0.0168265306122448,24.0,Safe,Improved,0.6666666666666666,0.7607814472722441,0.7363217296083702,0.2598924154791504,3.5,3.5
4,2,Billy Ray Cyrus,0.0893506493506493,0.0168265306122449,21.0,Safe,Improved,0.3333333333333333,0.521562894544489,0.4726434592167411,0.2598924154791504,8.0,8.0
4,2,Joey Fatone,0.0930241187384044,0.0168265306122448,24.0,Safe,Improved,0.6666666666666666,0.7607814472722441,0.7363217296083702,0.2598924154791504,3.5,3.5
4,2,Leeza Gibbons,0.0893506493506493,0.0168265306122445,21.0,Safe,Improved,0.3333333333333333,0.521562894544489,0.4726434592167411,0.2598924154791504,8.0,8.0
4,3,John Ratzenberger,0.0911592994161801,0.1243532110091726,20.0,Safe,Improved,0.8333333333333334,0.6355735474602552,0.6892734666531436,0.2715411475382204,9.0,9.5
4,3,Ian Ziering,0.0966638865721434,0.1243532110091742,24.0,Safe,Improved,1.0,0.6926571463908892,0.7761133775475784,0.2715411475382204,2.5,2.5
4,3,Clyde Drexler,0.0856547122602168,0.1243532110091741,16.0,Safe,Improved,0.6666666666666666,0.5784899485296213,0.6024335557587088,0.2715411475382204,10.0,11.0
4,3,Laila Ali,0.0925354462051709,0.1243532110091742,21.0,Safe,Improved,0.875,0.6498444471929133,0.7109834443767521,0.2715411475382204,7.5,7.5
4,3,Apolo Anton Ohno,0.0952877397831526,0.1243532110091744,23.0,Safe,Improved,0.9583333333333334,0.6783862466582308,0.7544033998239699,0.2715411475382204,5.0,5.0
4,3,Shandi Finnessey,0.0298707673060884,0.914603002502085,21.0,Eliminated,Improved,0.875,0.0,0.23759850409594285,0.2715411475382204,11.0,9.5
4,3,Paulina Porizkova,0.1263010425354462,0.1243532110091741,0.0,Safe,Improved,0.0,1.0,0.7284588524617797,0.2715411475382204,6.0,6.0
4,3,Heather Mills,0.0966638865721434,0.1243532110091742,24.0,Safe,Improved,1.0,0.6926571463908892,0.7761133775475784,0.2715411475382204,2.5,2.5
4,3,Billy Ray Cyrus,0.0925354462051709,0.1243532110091738,21.0,Safe,Improved,0.875,0.6498444471929133,0.7109834443767521,0.2715411475382204,7.5,7.5
4,3,Joey Fatone,0.0966638865721434,0.1243532110091741,24.0,Safe,Improved,1.0,0.6926571463908892,0.7761133775475784,0.2715411475382204,2.5,2.5
4,3,Leeza Gibbons,0.0966638865721434,0.1243532110091748,24.0,Safe,Improved,1.0,0.6926571463908892,0.7761133775475784,0.2715411475382204,2.5,2.5
4,4,John Ratzenberger,0.088899521536392,0.1740842105263156,16.0,Safe,Improved,0.5714285714285714,0.7940424883153007,0.7282055392341196,0.2957449830716573,7.0,9.0
4,4,Ian Ziering,0.1015311004837605,0.1740842105263159,24.0,Safe,Improved,0.8571428571428571,0.9313474961051007,0.9094018464113736,0.2957449830716573,3.0,3.0
4,4,Clyde Drexler,0.087320574167971,0.1740842105263153,15.0,Safe,Improved,0.5357142857142857,0.7768793623415764,0.7055560008369633,0.2957449830716573,8.0,11.0
4,4,Laila Ali,0.0967942583784973,0.1740842105263158,21.0,Safe,Improved,0.75,0.8798581181839255,0.8414532312199031,0.2957449830716573,5.5,5.5
4,4,Apolo Anton Ohno,0.1046889952206026,0.1740842105263161,26.0,Safe,Improved,0.9285714285714286,0.9656737480525504,0.9547009232056869,0.2957449830716573,2.0,2.0
4,4,Shandi Finnessey,0.1001609250257614,0.1740842105263159,0.0,Safe,Improved,0.0,0.9164537165769957,0.6454171276819747,0.2957449830716573,9.5,7.5
4,4,Paulina Porizkova,0.1001609250257614,0.1740842105263161,0.0,Safe,Improved,0.0,0.9164537165769957,0.6454171276819747,0.2957449830716573,9.5,7.5
4,4,Heather Mills,0.0999521531153394,0.1740842105263154,23.0,Safe,Improved,0.8214285714285714,0.9141843701313753,0.8867523080142166,0.2957449830716573,4.0,4.0
4,4,Billy Ray Cyrus,0.0967942583784973,0.1740842105263156,21.0,Safe,Improved,0.75,0.8798581181839255,0.8414532312199031,0.2957449830716573,5.5,5.5
4,4,Joey Fatone,0.1078468899574447,0.174084210526316,28.0,Safe,Improved,1.0,1.0,1.0,0.2957449830716573,1.0,1.0
4,4,Leeza Gibbons,0.015850398709972,0.9024832535885168,16.0,Eliminated,Improved,0.5714285714285714,0.0,0.16899713318380416,0.2957449830716573,11.0,10.0
4,5,John Ratzenberger,0.0943181818181818,0.2218909090909083,18.0,Safe,Improved,0.6,0.7976186460687428,0.7299560199397059,0.34238988817634153,6.0,6.0
4,5,Ian Ziering,0.1045454545454545,0.2218909090909081,24.0,Safe,Improved,0.8,0.8988093230343713,0.864978009969853,0.34238988817634153,4.0,4.0
4,5,Clyde Drexler,0.013703409090909,0.8921363636363634,13.0,Eliminated,Improved,0.43333333333333335,0.0,0.14836895154308133,0.34238988817634153,11.0,9.5
4,5,Laila Ali,0.1113636363636363,0.2218909090909095,28.0,Safe,Improved,0.9333333333333333,0.9662697743447904,0.954992669989951,0.34238988817634153,2.0,2.0
4,5,Apolo Anton Ohno,0.1147727272727272,0.2218909090909092,30.0,Safe,Improved,1.0,1.0,1.0,0.34238988817634153,1.0,1.0
4,5,Shandi Finnessey,0.0876670454545454,0.2218909090909087,0.0,Safe,Improved,0.0,0.7318109758154284,0.4812462976397645,0.34238988817634153,9.0,9.5
4,5,Paulina Porizkova,0.0876670454545454,0.2218909090909089,0.0,Safe,Improved,0.0,0.7318109758154284,0.4812462976397645,0.34238988817634153,9.0,9.5
4,5,Heather Mills,0.0994318181818181,0.2218909090909088,21.0,Safe,Improved,0.7,0.8482139845515565,0.797467014954779,0.34238988817634153,5.0,5.0
4,5,Billy Ray Cyrus,0.0926136363636363,0.2218909090909089,17.0,Safe,Improved,0.5666666666666667,0.7807535332411375,0.7074523549346812,0.34238988817634153,7.0,7.0
4,5,Joey Fatone,0.10625,0.2218909090909089,25.0,Safe,Improved,0.8333333333333334,0.9156744358619766,0.8874816749748777,0.34238988817634153,3.0,3.0
4,5,Leeza Gibbons,0.0876670454545454,0.2218909090909091,0.0,Safe,Improved,0.0,0.7318109758154284,0.4812462976397645,0.34238988817634153,9.0,9.5
4,6,John Ratzenberger,0.0666980392156863,0.5770705882352927,19.0,Safe,Improved,0.6785714285714286,0.4926213957799311,0.5708159944480924,0.42051403537981313,10.0,11.0
4,6,Ian Ziering,0.075521568627451,0.5770705882352944,24.0,Safe,Improved,0.8571428571428571,0.5577906185283344,0.6836724363881082,0.42051403537981313,4.0,6.0
4,6,Clyde Drexler,0.1353941176470588,0.577070588235294,0.0,Safe,Improved,0.0,1.0,0.5794859646201869,0.42051403537981313,6.5,4.5
4,6,Laila Ali,0.0825803921568627,0.5770705882352942,28.0,Safe,Improved,1.0,0.6099259967270566,0.7739575899401205,0.42051403537981313,1.5,1.5
4,6,Apolo Anton Ohno,0.0825803921568627,0.5770705882352942,28.0,Safe,Improved,1.0,0.6099259967270566,0.7739575899401205,0.42051403537981313,1.5,1.5
4,6,Shandi Finnessey,0.1353941176470588,0.577070588235294,0.0,Safe,Improved,0.0,1.0,0.5794859646201869,0.42051403537981313,6.5,4.5
4,6,Paulina Porizkova,0.1353941176470587,0.5770705882352942,0.0,Safe,Improved,0.0,0.9999999999999992,0.5794859646201864,0.42051403537981313,8.5,7.5
4,6,Heather Mills,1.3877787807814457e-17,0.9535668449197858,23.0,Eliminated,Improved,0.8214285714285714,0.0,0.3454222433477036,0.42051403537981313,11.0,10.0
4,6,Billy Ray Cyrus,0.0702274509803921,0.5770705882352941,21.0,Safe,Improved,0.75,0.5186890848792918,0.6159585712240983,0.42051403537981313,5.0,9.0
4,6,Joey Fatone,0.0808156862745098,0.5770705882352944,27.0,Safe,Improved,0.9642857142857143,0.5968921521773762,0.7513863015521174,0.42051403537981313,3.0,3.0
4,6,Leeza Gibbons,0.1353941176470587,0.5770705882352948,0.0,Safe,Improved,0.0,0.9999999999999992,0.5794859646201864,0.42051403537981313,8.5,7.5
4,7,John Ratzenberger,6.938893903907227e-17,0.96592851492269,22.5,Eliminated,Improved,0.7627118644067796,0.0,0.4004237288135593,0.525,11.0,10.5
4,7,Ian Ziering,0.0554339805825243,0.7514090614886729,27.0,Safe,Improved,0.9152542372881356,0.38038546864486383,0.6611915721825815,0.525,3.5,6.5
4,7,Clyde Drexler,0.145731067961165,0.7514090614886745,0.0,Safe,Improved,0.0,1.0,0.475,0.525,6.0,4.0
4,7,Laila Ali,0.0602883495145631,0.7514090614886726,29.5,Safe,Improved,1.0,0.41369592879556016,0.7215055661778911,0.525,1.5,1.5
4,7,Apolo Anton Ohno,0.0554339805825243,0.7514090614886713,27.0,Safe,Improved,0.9152542372881356,0.38038546864486383,0.6611915721825815,0.525,3.5,6.5
4,7,Shandi Finnessey,0.1457310679611649,0.7514090614886728,0.0,Safe,Improved,0.0,0.9999999999999992,0.4749999999999996,0.525,8.0,8.0
4,7,Paulina Porizkova,0.145731067961165,0.7514090614886728,0.0,Safe,Improved,0.0,1.0,0.475,0.525,6.0,4.0
4,7,Heather Mills,0.1457310679611648,0.751409061488673,0.0,Safe,Improved,0.0,0.9999999999999987,0.47499999999999937,0.525,9.0,9.0
4,7,Billy Ray Cyrus,0.0399,0.7514090614886724,19.0,Safe,Improved,0.6440677966101694,0.2737919961626347,0.46818679139759045,0.525,10.0,10.5
4,7,Joey Fatone,0.0602883495145631,0.7514090614886735,29.5,Safe,Improved,1.0,0.41369592879556016,0.7215055661778911,0.525,1.5,1.5
4,7,Leeza Gibbons,0.145731067961165,0.7514090614886735,0.0,Safe,Improved,0.0,1.0,0.475,0.525,6.0,4.0
4,8,John Ratzenberger,0.151494422310757,0.908966533864548,0.0,Safe,Improved,0.0,1.0,0.3705140353798131,0.6294859646201869,6.5,3.0
4,8,Ian Ziering,0.0152882470119522,0.9089665338645418,23.5,Safe,Improved,0.8103448275862069,0.10091623690667442,0.5474915776397196,0.6294859646201869,4.0,9.0
4,8,Clyde Drexler,0.1514944223107569,0.9089665338645408,0.0,Safe,Improved,0.0,0.9999999999999994,0.37051403537981287,0.6294859646201869,9.0,7.0
4,8,Laila Ali,0.022459561752988,0.9089665338645406,26.5,Safe,Improved,0.9137931034482759,0.14825339052362707,0.6301498951690606,0.6294859646201869,3.0,5.0
4,8,Apolo Anton Ohno,0.0284356573705179,0.9089665338645398,29.0,Safe,Improved,1.0,0.18770101853775473,0.6990318264435115,0.6294859646201869,1.0,1.0
4,8,Shandi Finnessey,0.1514944223107568,0.9089665338645408,0.0,Safe,Improved,0.0,0.9999999999999987,0.3705140353798126,0.6294859646201869,11.0,10.0
4,8,Paulina Porizkova,0.1514944223107569,0.9089665338645412,0.0,Safe,Improved,0.0,0.9999999999999994,0.37051403537981287,0.6294859646201869,9.0,7.0
4,8,Heather Mills,0.1514944223107569,0.9089665338645404,0.0,Safe,Improved,0.0,0.9999999999999994,0.37051403537981287,0.6294859646201869,9.0,7.0
4,8,Billy Ray Cyrus,6.938893903907227e-17,0.986995219123506,19.0,Eliminated,Improved,0.6551724137931034,0.0,0.41242183888908795,0.6294859646201869,5.0,11.0
4,8,Joey Fatone,0.0248499999999999,0.9089665338645402,27.5,Safe,Improved,0.9482758620689655,0.16403244172927775,0.6577026676788408,0.6294859646201869,2.0,3.0
4,8,Leeza Gibbons,0.151494422310757,0.9089665338645428,0.0,Safe,Improved,0.0,1.0,0.3705140353798131,0.6294859646201869,6.5,3.0
5,1,Cameron Mathison,0.0828469520103761,0.0,21.0,Safe,Improved,0.5,0.5,0.5,0.2544894141342379,7.0,7.0
5,1,Jane Seymour,0.0863488975356679,3.3306690738754696e-15,24.0,Safe,Improved,0.8,0.7999999999999967,0.7999999999999976,0.2544894141342379,3.5,3.5
5,1,Sabrina Bryan,0.0886835278858625,1.1102230246251563e-16,26.0,Safe,Improved,1.0,1.0,1.0,0.2544894141342379,1.0,1.0
5,1,Jennie Garth,0.0828469520103761,0.0,21.0,Safe,Improved,0.5,0.5,0.5,0.2544894141342379,7.0,7.0
5,1,Floyd Mayweather Jr. ,0.0793450064850843,7.66053886991358e-15,18.0,Safe,Improved,0.2,0.20000000000000334,0.20000000000000248,0.2544894141342379,11.0,11.0
5,1,Josie Maran,0.0770103761348897,0.8956818093385212,16.0,Eliminated,Improved,0.0,0.0,0.0,0.2544894141342379,12.0,12.0
5,1,Albert Reed,0.0828469520103761,1.1102230246251563e-16,21.0,Safe,Improved,0.5,0.5,0.5,0.2544894141342379,7.0,7.0
5,1,Helio Castroneves,0.0875162127107652,1.1102230246251563e-16,25.0,Safe,Improved,0.9,0.8999999999999984,0.8999999999999988,0.2544894141342379,2.0,2.0
5,1,Mel B,0.0863488975356679,0.0,24.0,Safe,Improved,0.8,0.7999999999999967,0.7999999999999976,0.2544894141342379,3.5,3.5
5,1,Wayne Newton,0.0805123216601815,0.0,19.0,Safe,Improved,0.3,0.29999999999999666,0.2999999999999975,0.2544894141342379,10.0,10.0
5,1,Marie Osmond,0.0828469520103761,0.0,21.0,Safe,Improved,0.5,0.5,0.5,0.2544894141342379,7.0,7.0
5,1,Mark Cuban,0.0828469520103761,4.440892098500626e-16,21.0,Safe,Improved,0.5,0.5,0.5,0.2544894141342379,7.0,7.0
5,2,Cameron Mathison,0.0848039215710527,0.1267504201680673,21.0,Safe,Improved,0.7777777777777778,0.649830192613293,0.6830827995764153,0.2598924154791504,7.5,7.5
5,2,Jane Seymour,0.0848039215710527,0.1267504201680676,21.0,Safe,Improved,0.7777777777777778,0.649830192613293,0.6830827995764153,0.2598924154791504,7.5,7.5
5,2,Sabrina Bryan,0.0911064425794561,0.1267504201680684,26.0,Safe,Improved,0.9629629629629629,0.7211779033030832,0.7840160064848598,0.2598924154791504,2.0,2.0
5,2,Jennie Garth,0.0848039215710527,0.1267504201680674,21.0,Safe,Improved,0.7777777777777778,0.649830192613293,0.6830827995764153,0.2598924154791504,7.5,7.5
5,2,Floyd Mayweather Jr. ,0.0848039215710527,0.1267504201680672,21.0,Safe,Improved,0.7777777777777778,0.649830192613293,0.6830827995764153,0.2598924154791504,7.5,7.5
5,2,Josie Maran,0.1157362744976773,0.1267504201680682,0.0,Safe,Improved,0.0,1.0,0.7401075845208496,0.2598924154791504,4.0,5.0
5,2,Albert Reed,0.0274009803800302,0.9216602941176468,21.0,Eliminated,Improved,0.7777777777777778,0.0,0.2021385453726725,0.2598924154791504,12.0,10.0
5,2,Helio Castroneves,0.0923669467811367,0.1267504201680677,27.0,Safe,Improved,1.0,0.7354474454410401,0.8042026478665478,0.2598924154791504,1.0,1.0
5,2,Mel B,0.0873249299744141,0.1267504201680678,23.0,Safe,Improved,0.8518518518518519,0.6783692768892094,0.7234560823397933,0.2598924154791504,5.0,4.0
5,2,Wayne Newton,0.0772408963609687,0.1267504201680678,15.0,Safe,Improved,0.5555555555555556,0.5642129397855459,0.5619629512862826,0.2598924154791504,11.0,12.0
5,2,Marie Osmond,0.0885854341760947,0.1267504201680677,24.0,Safe,Improved,0.8888888888888888,0.6926388190271666,0.7436427237214817,0.2598924154791504,3.0,3.0
5,2,Mark Cuban,0.0810224089660107,0.1267504201680667,18.0,Safe,Improved,0.6666666666666666,0.6070215661994195,0.6225228754313489,0.2598924154791504,10.0,11.0
5,3,Cameron Mathison,0.0872036262203626,0.1508276150627623,23.0,Safe,Improved,0.8518518518518519,0.9344832732156707,0.9120454422358252,0.2715411475382204,7.0,8.0
5,3,Jane Seymour,0.0922245467224546,0.1508276150627618,27.0,Safe,Improved,1.0,1.0,1.0,0.2715411475382204,2.0,2.0
5,3,Sabrina Bryan,0.0922245467224546,0.1508276150627616,27.0,Safe,Improved,1.0,1.0,1.0,0.2715411475382204,2.0,2.0
5,3,Jennie Garth,0.0909693165969316,0.1508276150627618,26.0,Safe,Improved,0.9629629629629629,0.9836208183039177,0.9780113605589563,0.2715411475382204,4.5,4.5
5,3,Floyd Mayweather Jr. ,0.0846931659693166,0.1508276150627621,21.0,Safe,Improved,0.7777777777777778,0.9017249098235062,0.8680681633537378,0.2715411475382204,8.0,10.0
5,3,Josie Maran,0.091002649930265,0.1508276150627623,0.0,Safe,Improved,0.0,0.9840557765734034,0.7168441417610468,0.2715411475382204,10.5,8.0
5,3,Albert Reed,0.091002649930265,0.1508276150627623,0.0,Safe,Improved,0.0,0.9840557765734034,0.7168441417610468,0.2715411475382204,10.5,8.0
5,3,Helio Castroneves,0.0884588563458856,0.1508276150627616,24.0,Safe,Improved,0.8888888888888888,0.950862454911753,0.9340340816768689,0.2715411475382204,6.0,6.0
5,3,Mel B,0.0922245467224546,0.1508276150627616,27.0,Safe,Improved,1.0,1.0,1.0,0.2715411475382204,2.0,2.0
5,3,Wayne Newton,0.0155888423988842,0.9087388075313808,18.0,Eliminated,Improved,0.6666666666666666,0.0,0.1810274316921469,0.2715411475382204,12.0,12.0
5,3,Marie Osmond,0.0909693165969316,0.1508276150627617,26.0,Safe,Improved,0.9629629629629629,0.9836208183039177,0.9780113605589563,0.2715411475382204,4.5,4.5
5,3,Mark Cuban,0.0834379358437936,0.1508276150627611,20.0,Safe,Improved,0.7407407407407407,0.8853457281274237,0.846079523912694,0.2715411475382204,9.0,11.0
5,4,Cameron Mathison,0.0889048076923076,0.2995452991452997,27.0,Safe,Improved,0.9,0.9035904775141802,0.9025286118025297,0.2957449830716573,3.0,3.0
5,4,Jane Seymour,0.0876227564102564,0.2995452991452996,26.0,Safe,Improved,0.8666666666666667,0.8905602560872848,0.883493846888563,0.2957449830716573,6.0,9.0
5,4,Sabrina Bryan,0.0927509615384615,0.2995452991452992,30.0,Safe,Improved,1.0,0.9426811417948691,0.9596329065444322,0.2957449830716573,1.0,1.0
5,4,Jennie Garth,0.0889048076923076,0.2995452991452997,27.0,Safe,Improved,0.9,0.9035904775141802,0.9025286118025297,0.2957449830716573,3.0,3.0
5,4,Floyd Mayweather Jr. ,0.0,0.9317155982905984,23.0,Eliminated,Improved,0.7666666666666667,0.0,0.22673782035493728,0.2957449830716573,12.0,11.5
5,4,Josie Maran,0.0983905982905983,0.2995452991452993,0.0,Safe,Improved,0.0,1.0,0.7042550169283427,0.2957449830716573,10.0,6.0
5,4,Albert Reed,0.0983905982905983,0.2995452991452996,0.0,Safe,Improved,0.0,1.0,0.7042550169283427,0.2957449830716573,10.0,6.0
5,4,Helio Castroneves,0.0889048076923076,0.2995452991452996,27.0,Safe,Improved,0.9,0.9035904775141802,0.9025286118025297,0.2957449830716573,3.0,3.0
5,4,Mel B,0.0876227564102564,0.2995452991452996,26.0,Safe,Improved,0.8666666666666667,0.8905602560872848,0.883493846888563,0.2957449830716573,6.0,9.0
5,4,Wayne Newton,0.0983905982905983,0.2995452991452991,0.0,Safe,Improved,0.0,1.0,0.7042550169283427,0.2957449830716573,10.0,6.0
5,4,Marie Osmond,0.0876227564102564,0.2995452991452992,26.0,Safe,Improved,0.8666666666666667,0.8905602560872848,0.883493846888563,0.2957449830716573,6.0,9.0
5,4,Mark Cuban,0.0824945512820512,0.2995452991452992,22.0,Safe,Improved,0.7333333333333333,0.8384393703796997,0.8073547872326932,0.2957449830716573,8.0,11.5
5,5,Cameron Mathison,0.0833599425699928,0.4226105527638202,26.0,Safe,Improved,0.896551724137931,0.7891868453907285,0.8259474942190497,0.34238988817634153,3.5,3.5
5,5,Jane Seymour,0.0833599425699928,0.422610552763819,26.0,Safe,Improved,0.896551724137931,0.7891868453907285,0.8259474942190497,0.34238988817634153,3.5,3.5
5,5,Sabrina Bryan,0.0863750179468772,0.4226105527638191,28.0,Safe,Improved,0.9655172413793104,0.8177312247645598,0.8683316624673112,0.34238988817634153,2.0,2.0
5,5,Jennie Garth,0.0818524048815506,0.4226105527638186,25.0,Safe,Improved,0.8620689655172413,0.7749146557038129,0.8047554100949189,0.34238988817634153,5.0,9.0
5,5,Floyd Mayweather Jr. ,0.1056276381909547,0.4226105527638188,0.0,Safe,Improved,0.0,1.0,0.6576101118236585,0.34238988817634153,9.5,6.5
5,5,Josie Maran,0.1056276381909547,0.4226105527638188,0.0,Safe,Improved,0.0,1.0,0.6576101118236585,0.34238988817634153,9.5,6.5
5,5,Albert Reed,0.1056276381909547,0.4226105527638188,0.0,Safe,Improved,0.0,1.0,0.6576101118236585,0.34238988817634153,9.5,6.5
5,5,Helio Castroneves,0.0788373295046662,0.4226105527638194,23.0,Safe,Improved,0.7931034482758621,0.7463702763299815,0.7623712418466573,0.34238988817634153,6.0,10.0
5,5,Mel B,0.0878825556353194,0.4226105527638192,29.0,Safe,Improved,1.0,0.8320034144514754,0.889523746591442,0.34238988817634153,1.0,1.0
5,5,Wayne Newton,0.1056276381909547,0.422610552763819,0.0,Safe,Improved,0.0,1.0,0.6576101118236585,0.34238988817634153,9.5,6.5
5,5,Marie Osmond,0.0758222541277817,0.4226105527638185,21.0,Safe,Improved,0.7241379310344828,0.7178258969561493,0.7199870735983951,0.34238988817634153,7.0,11.0
5,5,Mark Cuban,5.551115123125783e-17,0.938952638190955,21.0,Eliminated,Improved,0.7241379310344828,0.0,0.24793750523114386,0.34238988817634153,12.0,12.0
5,6,Cameron Mathison,0.0494537037037037,0.7230222222222193,25.0,Safe,Improved,0.8333333333333334,0.355810483118821,0.5566155438485957,0.42051403537981313,9.0,8.0
5,6,Jane Seymour,0.0444537037037037,0.7230222222222231,22.0,Safe,Improved,0.7333333333333333,0.31983638446984824,0.4937176550536726,0.42051403537981313,11.0,12.0
5,6,Sabrina Bryan,0.0,0.9723138888888893,25.0,Eliminated,Improved,0.8333333333333334,0.0,0.35042836281651096,0.42051403537981313,12.0,11.0
5,6,Jennie Garth,0.0527870370370371,0.7230222222222216,27.0,Safe,Improved,0.9,0.37979321555147,0.598547469711878,0.42051403537981313,3.0,3.5
5,6,Floyd Mayweather Jr. ,0.1389888888888888,0.723022222222222,0.0,Safe,Improved,0.0,0.9999999999999992,0.5794859646201864,0.42051403537981313,6.0,6.0
5,6,Josie Maran,0.1389888888888888,0.7230222222222223,0.0,Safe,Improved,0.0,0.9999999999999992,0.5794859646201864,0.42051403537981313,6.0,6.0
5,6,Albert Reed,0.1389888888888889,0.7230222222222221,0.0,Safe,Improved,0.0,1.0,0.5794859646201869,0.42051403537981313,4.0,3.5
5,6,Helio Castroneves,0.0544537037037037,0.7230222222222222,28.0,Safe,Improved,0.9333333333333333,0.39178458176779374,0.6195134326435188,0.42051403537981313,2.0,2.0
5,6,Mel B,0.0577870370370371,0.7230222222222229,30.0,Safe,Improved,1.0,0.4157673142004428,0.661445358506801,0.42051403537981313,1.0,1.0
5,6,Wayne Newton,0.1389888888888888,0.7230222222222218,0.0,Safe,Improved,0.0,0.9999999999999992,0.5794859646201864,0.42051403537981313,6.0,6.0
5,6,Marie Osmond,0.0461203703703704,0.7230222222222225,23.0,Safe,Improved,0.7666666666666667,0.3318277506861728,0.5146836179853138,0.42051403537981313,10.0,10.0
5,6,Mark Cuban,0.1389888888888887,0.7230222222222231,0.0,Safe,Improved,0.0,0.9999999999999984,0.579485964620186,0.42051403537981313,8.0,9.0
5,7,Cameron Mathison,0.0062261538461539,0.962138461538458,25.5,Safe,Improved,0.9444444444444444,0.03882697196949134,0.5142761450188418,0.525,5.0,11.0
5,7,Jane Seymour,0.0,0.9948791666666664,25.0,Eliminated,Improved,0.9259259259259259,0.0,0.48611111111111116,0.525,6.0,12.0
5,7,Sabrina Bryan,0.1603564102564102,0.9621384615384616,0.0,Safe,Improved,0.0,0.9999999999999988,0.4749999999999994,0.525,8.5,4.5
5,7,Jennie Garth,0.0081492307692308,0.9621384615384596,26.5,Safe,Improved,0.9814814814814815,0.050819488639089354,0.5394170348813453,0.525,2.0,2.0
5,7,Floyd Mayweather Jr. ,0.1603564102564101,0.96213846153846,0.0,Safe,Improved,0.0,0.9999999999999981,0.4749999999999991,0.525,10.5,8.5
5,7,Josie Maran,0.1603564102564102,0.9621384615384622,0.0,Safe,Improved,0.0,0.9999999999999988,0.4749999999999994,0.525,8.5,4.5
5,7,Albert Reed,0.1603564102564101,0.9621384615384616,0.0,Safe,Improved,0.0,0.9999999999999981,0.4749999999999991,0.525,10.5,8.5
5,7,Helio Castroneves,0.0071876923076924,0.9621384615384616,26.0,Safe,Improved,0.9629629629629629,0.04482323030429066,0.5268465899500936,0.525,3.5,6.5
5,7,Mel B,0.0091107692307693,0.962138461538462,27.0,Safe,Improved,1.0,0.05681574697388868,0.5519874798125971,0.525,1.0,1.0
5,7,Wayne Newton,0.16035641025641,0.9621384615384612,0.0,Safe,Improved,0.0,0.9999999999999976,0.4749999999999988,0.525,12.0,10.0
5,7,Marie Osmond,0.0071876923076924,0.9621384615384622,26.0,Safe,Improved,0.9629629629629629,0.04482323030429066,0.5268465899500936,0.525,3.5,6.5
5,7,Mark Cuban,0.1603564102564104,0.9621384615384624,0.0,Safe,Improved,0.0,1.0,0.475,0.525,7.0,3.0
6,2,Cristian de la Fuente,0.0816796368352788,1.0880185641326534e-14,20.0,Safe,Improved,0.4166666666666667,0.4166666666666688,0.41666666666666824,0.2598924154791504,8.0,8.0
6,2,Steve Guttenberg,0.0770103761348897,1.1102230246251563e-16,16.0,Safe,Improved,0.08333333333333333,0.08333333333333515,0.08333333333333467,0.2598924154791504,11.0,11.0
6,2,Priscilla Presley,0.0828469520103761,3.6637359812630166e-15,21.0,Safe,Improved,0.5,0.500000000000004,0.5000000000000029,0.2598924154791504,6.5,6.5
6,2,Marlee Matlin,0.0863488975356679,0.0,24.0,Safe,Improved,0.75,0.7500000000000024,0.7500000000000018,0.2598924154791504,4.5,4.5
6,2,Shannon Elizabeth,0.0863488975356679,0.0,24.0,Safe,Improved,0.75,0.7500000000000024,0.7500000000000018,0.2598924154791504,4.5,4.5
6,2,Marissa Jaret Winokur,0.0828469520103761,1.3322676295501878e-15,21.0,Safe,Improved,0.5,0.500000000000004,0.5000000000000029,0.2598924154791504,6.5,6.5
6,2,Jason Taylor,0.0898508430609597,1.1102230246251563e-16,27.0,Safe,Improved,1.0,1.0,1.0,0.2598924154791504,1.5,1.5
6,2,Kristi Yamaguchi,0.0898508430609597,0.0,27.0,Safe,Improved,1.0,1.0,1.0,0.2598924154791504,1.5,1.5
6,2,Monica Seles,0.0758430609597924,0.8917907587548638,15.0,Eliminated,Improved,0.0,0.0,0.0,0.2598924154791504,12.0,12.0
6,2,Penn Jillette,0.078177691309987,0.0,17.0,Eliminated,Improved,0.16666666666666666,0.1666666666666703,0.16666666666666935,0.2598924154791504,10.0,10.0
6,2,Adam Carolla,0.0805123216601815,5.9952043329758445e-15,19.0,Safe,Improved,0.3333333333333333,0.33333333333333365,0.33333333333333354,0.2598924154791504,9.0,9.0
6,2,Mario,0.0886835278858625,2.220446049250313e-16,26.0,Safe,Improved,0.9166666666666666,0.9166666666666727,0.9166666666666711,0.2598924154791504,3.0,3.0
6,3,Cristian de la Fuente,0.0912280701754385,0.1935824561403508,25.0,Safe,Improved,0.9259259259259259,0.9235306429210188,0.9241810608168501,0.2715411475382204,3.0,3.0
6,3,Steve Guttenberg,0.0060736842105262,0.925530263157895,21.0,Eliminated,Improved,0.7777777777777778,0.0,0.21119867030750475,0.2715411475382204,12.0,11.0
6,3,Priscilla Presley,0.0925438596491227,0.1935824561403507,26.0,Safe,Improved,0.9629629629629629,0.9378008638240383,0.9446334090986923,0.2715411475382204,2.0,2.0
6,3,Marlee Matlin,0.0859649122807017,0.1935824561403504,21.0,Safe,Improved,0.7777777777777778,0.866449759308941,0.842371667689481,0.2715411475382204,7.0,9.0
6,3,Shannon Elizabeth,0.0899122807017543,0.1935824561403506,24.0,Safe,Improved,0.8888888888888888,0.9092604220179993,0.9037287125350079,0.2715411475382204,4.0,4.0
6,3,Marissa Jaret Winokur,0.0833333333333333,0.1935824561403505,19.0,Safe,Improved,0.7037037037037037,0.837909317502902,0.8014669711257966,0.2715411475382204,9.0,12.0
6,3,Jason Taylor,0.0885964912280701,0.1935824561403507,23.0,Safe,Improved,0.8518518518518519,0.8949902011149798,0.8832763642531656,0.2715411475382204,5.0,5.0
6,3,Kristi Yamaguchi,0.093859649122807,0.1935824561403507,27.0,Safe,Improved,1.0,0.9520710847270588,0.9650857573805354,0.2715411475382204,1.0,1.0
6,3,Monica Seles,0.098278947368421,0.1935824561403507,0.0,Safe,Improved,0.0,1.0,0.7284588524617797,0.2715411475382204,10.5,6.5
6,3,Penn Jillette,0.098278947368421,0.1935824561403505,0.0,Safe,Improved,0.0,1.0,0.7284588524617797,0.2715411475382204,10.5,6.5
6,3,Adam Carolla,0.0859649122807017,0.1935824561403509,21.0,Safe,Improved,0.7777777777777778,0.866449759308941,0.842371667689481,0.2715411475382204,7.0,9.0
6,3,Mario,0.0859649122807017,0.1935824561403497,21.0,Safe,Improved,0.7777777777777778,0.866449759308941,0.842371667689481,0.2715411475382204,7.0,9.0
6,4,Cristian de la Fuente,0.093,0.2536333333333338,26.0,Safe,Improved,0.896551724137931,0.9582209069544781,0.9399825555263555,0.2957449830716573,4.0,4.0
6,4,Steve Guttenberg,0.0858027777777778,0.2536333333333337,0.0,Safe,Improved,0.0,0.8830475527315985,0.6218906691975234,0.2957449830716573,9.0,9.0
6,4,Priscilla Presley,0.0876666666666666,0.2536333333333341,22.0,Safe,Improved,0.7586206896551724,0.9025154495604485,0.8599592962281624,0.2957449830716573,8.0,8.0
6,4,Marlee Matlin,0.0903333333333333,0.2536333333333336,24.0,Safe,Improved,0.8275862068965517,0.9303681782574632,0.8999709258772589,0.2957449830716573,6.0,6.0
6,4,Shannon Elizabeth,0.0956666666666666,0.2536333333333332,28.0,Safe,Improved,0.9655172413793104,0.986073635651492,0.9799941851754514,0.2957449830716573,3.0,3.0
6,4,Marissa Jaret Winokur,0.0903333333333333,0.2536333333333335,24.0,Safe,Improved,0.8275862068965517,0.9303681782574632,0.8999709258772589,0.2957449830716573,6.0,6.0
6,4,Jason Taylor,0.097,0.2536333333333336,29.0,Safe,Improved,1.0,1.0,1.0,0.2957449830716573,1.5,1.5
6,4,Kristi Yamaguchi,0.097,0.2536333333333336,29.0,Safe,Improved,1.0,1.0,1.0,0.2957449830716573,1.5,1.5
6,4,Monica Seles,0.0858027777777777,0.2536333333333334,0.0,Safe,Improved,0.0,0.8830475527315975,0.6218906691975228,0.2957449830716573,10.5,11.5
6,4,Penn Jillette,0.0858027777777777,0.253633333333334,0.0,Safe,Improved,0.0,0.8830475527315975,0.6218906691975228,0.2957449830716573,10.5,11.5
6,4,Adam Carolla,0.0012583333333333,0.9178694444444444,19.0,Eliminated,Improved,0.6551724137931034,0.0,0.19376395442625824,0.2957449830716573,12.0,10.0
6,4,Mario,0.0903333333333333,0.2536333333333326,24.0,Safe,Improved,0.8275862068965517,0.9303681782574632,0.8999709258772589,0.2957449830716573,6.0,6.0
6,5,Cristian de la Fuente,0.0785142857142857,0.4289714285714283,23.0,Safe,Improved,0.7931034482758621,0.7321166910883178,0.7529979400619988,0.34238988817634153,5.5,9.5
6,5,Steve Guttenberg,0.1072428571428571,0.4289714285714283,0.0,Safe,Improved,0.0,1.0,0.6576101118236585,0.34238988817634153,9.5,6.5
6,5,Priscilla Presley,0.0,0.9405678571428572,21.0,Eliminated,Improved,0.7241379310344828,0.0,0.24793750523114386,0.34238988817634153,12.0,12.0
6,5,Marlee Matlin,0.0769836734693877,0.4289714285714282,22.0,Safe,Improved,0.7586206896551724,0.7178442977030959,0.731805721983802,0.34238988817634153,7.0,11.0
6,5,Shannon Elizabeth,0.0785142857142857,0.4289714285714284,23.0,Safe,Improved,0.7931034482758621,0.7321166910883178,0.7529979400619988,0.34238988817634153,5.5,9.5
6,5,Marissa Jaret Winokur,0.0800448979591836,0.4289714285714289,24.0,Safe,Improved,0.8275862068965517,0.7463890844735386,0.7741901581401948,0.34238988817634153,4.0,4.0
6,5,Jason Taylor,0.0846367346938775,0.4289714285714283,27.0,Safe,Improved,0.9310344827586207,0.7892062646292031,0.8377668123747841,0.34238988817634153,2.5,2.5
6,5,Kristi Yamaguchi,0.0876979591836734,0.4289714285714289,29.0,Safe,Improved,1.0,0.8177510513996458,0.8801512485311769,0.34238988817634153,1.0,1.0
6,5,Monica Seles,0.1072428571428571,0.4289714285714285,0.0,Safe,Improved,0.0,1.0,0.6576101118236585,0.34238988817634153,9.5,6.5
6,5,Penn Jillette,0.1072428571428571,0.4289714285714284,0.0,Safe,Improved,0.0,1.0,0.6576101118236585,0.34238988817634153,9.5,6.5
6,5,Adam Carolla,0.1072428571428571,0.4289714285714285,0.0,Safe,Improved,0.0,1.0,0.6576101118236585,0.34238988817634153,9.5,6.5
6,5,Mario,0.0846367346938775,0.428971428571429,27.0,Safe,Improved,0.9310344827586207,0.7892062646292031,0.8377668123747841,0.34238988817634153,2.5,2.5
6,6,Cristian de la Fuente,0.0701944444444444,0.583833333333333,27.0,Safe,Improved,0.9,0.6011513940432011,0.7268214273017262,0.42051403537981313,3.0,3.0
6,6,Steve Guttenberg,0.1167666666666666,0.5838333333333328,0.0,Safe,Improved,0.0,1.0,0.5794859646201869,0.42051403537981313,8.5,5.5
6,6,Priscilla Presley,0.1167666666666666,0.5838333333333332,0.0,Safe,Improved,0.0,1.0,0.5794859646201869,0.42051403537981313,8.5,5.5
6,6,Marlee Matlin,1.3877787807814457e-17,0.9500916666666672,21.0,Eliminated,Improved,0.7,0.0,0.2943598247658692,0.42051403537981313,12.0,12.0
6,6,Shannon Elizabeth,0.0651944444444444,0.5838333333333336,24.0,Safe,Improved,0.8,0.5583309544200208,0.6599561800032459,0.42051403537981313,5.5,10.5
6,6,Marissa Jaret Winokur,0.0685277777777777,0.5838333333333339,26.0,Safe,Improved,0.8666666666666667,0.5868779141688073,0.7045330115355659,0.42051403537981313,4.0,8.0
6,6,Jason Taylor,0.0651944444444444,0.5838333333333333,24.0,Safe,Improved,0.8,0.5583309544200208,0.6599561800032459,0.42051403537981313,5.5,10.5
6,6,Kristi Yamaguchi,0.0751944444444444,0.5838333333333334,30.0,Safe,Improved,1.0,0.6439718336663811,0.7936866746002065,0.42051403537981313,1.0,1.0
6,6,Monica Seles,0.1167666666666665,0.5838333333333333,0.0,Safe,Improved,0.0,0.9999999999999992,0.5794859646201864,0.42051403537981313,11.0,9.0
6,6,Penn Jillette,0.1167666666666666,0.5838333333333336,0.0,Safe,Improved,0.0,1.0,0.5794859646201869,0.42051403537981313,8.5,5.5
6,6,Adam Carolla,0.1167666666666666,0.5838333333333332,0.0,Safe,Improved,0.0,1.0,0.5794859646201869,0.42051403537981313,8.5,5.5
6,6,Mario,0.0718611111111111,0.5838333333333341,28.0,Safe,Improved,0.9333333333333333,0.6154248739175946,0.7491098430678864,0.42051403537981313,2.0,2.0
7,1,Ted McGinley,0.0590540903525512,0.919658852258852,18.5,Eliminated,Improved,0.52,0.0,0.13233449534980374,0.2544894141342379,13.0,11.5
7,1,Cloris Leachman,0.0728937728940527,0.0401825396825415,16.0,Safe,Improved,0.32,0.5344817017805397,0.47989837915189576,0.2544894141342379,12.0,13.0
7,1,Susan Lucci,0.0758699633702432,0.0401825396825403,18.5,Safe,Improved,0.52,0.6494207074815149,0.6164845074577057,0.2544894141342379,9.5,9.5
7,1,Cody Linley,0.0782509157511956,0.0401825396825399,20.5,Safe,Improved,0.68,0.7413719120422955,0.7257534101023536,0.2544894141342379,7.0,6.0
7,1,Misty May-Treanor,0.0788461538464336,0.0401825396825398,21.0,Safe,Improved,0.72,0.7643597131824871,0.7530706357635131,0.2544894141342379,5.0,5.0
7,1,Maurice Greene,0.0770604395607194,0.0401825396825404,19.5,Safe,Improved,0.6,0.6953963097619053,0.6711189587800297,0.2544894141342379,8.0,8.0
7,1,Warren Sapp,0.0794413919416717,0.0401825396825403,21.5,Safe,Improved,0.76,0.7873475143226819,0.7803878614246749,0.2544894141342379,3.5,3.5
7,1,Jeffrey Ross,0.084947741146202,0.0401825396825399,12.0,Eliminated,Improved,0.0,1.0,0.745510585865762,0.2544894141342379,6.0,7.0
7,1,Toni Braxton,0.0806318681321479,0.0401825396825398,22.5,Safe,Improved,0.84,0.8333231166030721,0.8350223127469989,0.2544894141342379,2.0,2.0
7,1,Lance Bass,0.0794413919416717,0.04018253968254,21.5,Safe,Improved,0.76,0.7873475143226819,0.7803878614246749,0.2544894141342379,3.5,3.5
7,1,Kim Kardashian,0.0758699633702432,0.0401825396825392,18.5,Safe,Improved,0.52,0.6494207074815149,0.6164845074577057,0.2544894141342379,9.5,9.5
7,1,Rocco DiSpirito,0.074679487179767,0.0401825396825391,17.5,Safe,Improved,0.44,0.6034451052011247,0.5618500561353816,0.2544894141342379,11.0,11.5
7,1,Brooke Burke,0.0830128205131003,0.0401825396825383,24.5,Safe,Improved,1.0,0.9252743211638527,0.944291215391647,0.2544894141342379,1.0,1.0
7,2,Ted McGinley,0.087212820520283,0.1678208144796384,0.0,Safe,Improved,0.0,1.0,0.7401075845208496,0.2598924154791504,11.5,7.5
7,2,Cloris Leachman,0.0742081447941413,0.1678208144796379,15.0,Safe,Improved,0.625,0.8311587092381483,0.7775796243221821,0.2598924154791504,10.0,13.0
7,2,Susan Lucci,0.0823529411742318,0.1678208144796386,21.0,Safe,Improved,0.875,0.9369035938293562,0.9208153193022046,0.2598924154791504,5.0,5.0
7,2,Cody Linley,0.0823529411742318,0.1678208144796391,21.0,Safe,Improved,0.875,0.9369035938293562,0.9208153193022046,0.2598924154791504,5.0,5.0
7,2,Misty May-Treanor,0.0823529411742318,0.167820814479638,21.0,Safe,Improved,0.875,0.9369035938293562,0.9208153193022046,0.2598924154791504,5.0,5.0
7,2,Maurice Greene,0.079638009047535,0.1678208144796382,19.0,Safe,Improved,0.7916666666666666,0.9016552989656207,0.8730700876421974,0.2598924154791504,8.0,10.0
7,2,Warren Sapp,0.086425339364277,0.1678208144796381,24.0,Safe,Improved,1.0,0.9897760361249597,0.9924331667922155,0.2598924154791504,1.5,1.5
7,2,Jeffrey Ross,0.087212820520283,0.1678208144796388,0.0,Safe,Improved,0.0,1.0,0.7401075845208496,0.2598924154791504,11.5,7.5
7,2,Toni Braxton,0.0850678733009286,0.1678208144796386,23.0,Safe,Improved,0.9583333333333334,0.9721518886930919,0.9685605509622118,0.2598924154791504,3.0,3.0
7,2,Lance Bass,0.0809954751108834,0.1678208144796384,20.0,Safe,Improved,0.8333333333333334,0.9192794463974885,0.896942703472201,0.2598924154791504,7.0,9.0
7,2,Kim Kardashian,0.0101897435972061,0.9231692307692309,17.0,Eliminated,Improved,0.7083333333333334,0.0,0.18409046096439818,0.2598924154791504,13.0,12.0
7,2,Rocco DiSpirito,0.0755656108574897,0.1678208144796382,16.0,Safe,Improved,0.6666666666666666,0.8487828566700161,0.8014522401521856,0.2598924154791504,9.0,11.0
7,2,Brooke Burke,0.086425339364277,0.1678208144796373,24.0,Safe,Improved,1.0,0.9897760361249597,0.9924331667922155,0.2598924154791504,1.5,1.5
7,4,Ted McGinley,0.0887699507389162,0.3550798029556649,0.0,Safe,Improved,0.0,0.9999999999999989,0.7042550169283419,0.2957449830716573,11.5,7.5
7,4,Cloris Leachman,0.0789524630541871,0.3550798029556646,22.0,Safe,Improved,0.8461538461538461,0.8894052818210558,0.876613886711832,0.2957449830716573,6.0,10.0
7,4,Susan Lucci,0.0819081280788177,0.3550798029556645,24.0,Safe,Improved,0.9230769230769231,0.9227010649101283,0.9228122230773044,0.2957449830716573,3.0,3.0
7,4,Cody Linley,0.0804302955665024,0.3550798029556651,23.0,Safe,Improved,0.8846153846153846,0.9060531733655921,0.8997130548945682,0.2957449830716573,4.0,4.0
7,4,Misty May-Treanor,0.0887699507389162,0.3550798029556647,0.0,Safe,Improved,0.0,0.9999999999999989,0.7042550169283419,0.2957449830716573,11.5,7.5
7,4,Maurice Greene,0.0759967980295566,0.3550798029556649,20.0,Safe,Improved,0.7692307692307693,0.8561094987319845,0.8304155503463605,0.2957449830716573,8.0,12.0
7,4,Warren Sapp,0.0789524630541871,0.3550798029556647,22.0,Safe,Improved,0.8461538461538461,0.8894052818210558,0.876613886711832,0.2957449830716573,6.0,10.0
7,4,Jeffrey Ross,0.0887699507389163,0.3550798029556647,0.0,Safe,Improved,0.0,1.0,0.7042550169283427,0.2957449830716573,9.5,5.5
7,4,Toni Braxton,0.0789524630541871,0.3550798029556652,22.0,Safe,Improved,0.8461538461538461,0.8894052818210558,0.876613886711832,0.2957449830716573,6.0,10.0
7,4,Lance Bass,0.0848637931034482,0.3550798029556652,26.0,Safe,Improved,1.0,0.9559968479991996,0.9690105594427759,0.2957449830716573,1.5,1.5
7,4,Kim Kardashian,0.0887699507389163,0.355079802955665,0.0,Safe,Improved,0.0,1.0,0.7042550169283427,0.2957449830716573,9.5,5.5
7,4,Rocco DiSpirito,0.0,0.9349161045850702,18.0,Eliminated,Improved,0.6923076923076923,0.0,0.2047465267419166,0.2957449830716573,13.0,13.0
7,4,Brooke Burke,0.0848637931034482,0.3550798029556646,26.0,Safe,Improved,1.0,0.9559968479991996,0.9690105594427759,0.2957449830716573,1.5,1.5
7,5,Ted McGinley,0.1129205128205128,0.5751589743589715,0.0,Safe,Improved,0.0,1.0,0.6576101118236585,0.34238988817634153,7.0,7.0
7,5,Cloris Leachman,0.0564853479853479,0.5751589743589732,21.0,Safe,Improved,0.7241379310344828,0.5002222056424006,0.57688868582032,0.34238988817634153,11.5,12.5
7,5,Susan Lucci,0.0580238095238094,0.5751589743589749,22.0,Safe,Improved,0.7586206896551724,0.5138464932056965,0.5976547029564865,0.34238988817634153,10.0,10.0
7,5,Cody Linley,0.0672545787545787,0.5751589743589759,28.0,Safe,Improved,0.9655172413793104,0.5955922185854742,0.7222508057734863,0.34238988817634153,2.0,2.0
7,5,Misty May-Treanor,0.1129205128205128,0.5751589743589749,0.0,Safe,Improved,0.0,1.0,0.6576101118236585,0.34238988817634153,7.0,7.0
7,5,Maurice Greene,0.0657161172161171,0.5751589743589752,27.0,Safe,Improved,0.9310344827586207,0.5819679310221775,0.7014847886373194,0.34238988817634153,3.0,3.0
7,5,Warren Sapp,0.0626391941391941,0.575158974358975,25.0,Safe,Improved,0.8620689655172413,0.5547193558955857,0.6599527543649866,0.34238988817634153,4.0,4.0
7,5,Jeffrey Ross,0.1129205128205128,0.5751589743589747,0.0,Safe,Improved,0.0,1.0,0.6576101118236585,0.34238988817634153,7.0,7.0
7,5,Toni Braxton,1.3877787807814457e-17,0.9590666666666664,22.0,Eliminated,Improved,0.7586206896551724,0.0,0.25974405309929355,0.34238988817634153,13.0,11.0
7,5,Lance Bass,0.0564853479853479,0.5751589743589748,21.0,Safe,Improved,0.7241379310344828,0.5002222056424006,0.57688868582032,0.34238988817634153,11.5,12.5
7,5,Kim Kardashian,0.1129205128205128,0.5751589743589751,0.0,Safe,Improved,0.0,1.0,0.6576101118236585,0.34238988817634153,7.0,7.0
7,5,Rocco DiSpirito,0.1129205128205128,0.5751589743589748,0.0,Safe,Improved,0.0,1.0,0.6576101118236585,0.34238988817634153,7.0,7.0
7,5,Brooke Burke,0.0687930402930403,0.5751589743589752,29.0,Safe,Improved,1.0,0.6092165061487709,0.7430168229096532,0.34238988817634153,1.0,1.0
7,6,Ted McGinley,0.0938499999999999,0.5630999999999997,0.0,Safe,Improved,0.0,0.999999999999999,0.5794859646201863,0.42051403537981313,10.5,8.5
7,6,Cloris Leachman,1.3877787807814457e-17,0.9425899999999996,15.0,Eliminated,Improved,0.5555555555555556,0.0,0.23361890854434064,0.42051403537981313,13.0,13.0
7,6,Susan Lucci,0.0706291666666666,0.5630999999999988,23.0,Safe,Improved,0.8518518518518519,0.7525750310779605,0.7943223276012681,0.42051403537981313,4.5,8.5
7,6,Cody Linley,0.0706291666666666,0.5631000000000002,23.0,Safe,Improved,0.8518518518518519,0.7525750310779605,0.7943223276012681,0.42051403537981313,4.5,8.5
7,6,Misty May-Treanor,0.09385,0.5630999999999999,0.0,Safe,Improved,0.0,1.0,0.5794859646201869,0.42051403537981313,7.5,4.0
7,6,Maurice Greene,0.0668791666666666,0.5630999999999992,21.0,Safe,Improved,0.7777777777777778,0.7126176522820096,0.7400183996000902,0.42051403537981313,6.0,12.0
7,6,Warren Sapp,0.0743791666666666,0.5631000000000006,25.0,Safe,Improved,0.9259259259259259,0.7925324098739115,0.848626255602446,0.42051403537981313,3.0,4.0
7,6,Jeffrey Ross,0.09385,0.5631000000000002,0.0,Safe,Improved,0.0,1.0,0.5794859646201869,0.42051403537981313,7.5,4.0
7,6,Toni Braxton,0.0938499999999999,0.5630999999999998,0.0,Safe,Improved,0.0,0.999999999999999,0.5794859646201863,0.42051403537981313,10.5,8.5
7,6,Lance Bass,0.0781291666666666,0.5630999999999997,27.0,Safe,Improved,1.0,0.8324897886698625,0.9029301836036239,0.42051403537981313,1.0,1.0
7,6,Kim Kardashian,0.0938499999999999,0.5630999999999999,0.0,Safe,Improved,0.0,0.999999999999999,0.5794859646201863,0.42051403537981313,10.5,8.5
7,6,Rocco DiSpirito,0.0938499999999999,0.5630999999999999,0.0,Safe,Improved,0.0,0.999999999999999,0.5794859646201863,0.42051403537981313,10.5,8.5
7,6,Brooke Burke,0.0762541666666666,0.5631000000000006,26.0,Safe,Improved,0.9629629629629629,0.8125110992718869,0.8757782196030348,0.42051403537981313,2.0,2.0
8,2,Gilles Marini,0.0844121915820029,0.0230415094339624,27.0,Safe,Improved,1.0,1.0,1.0,0.2598924154791504,1.0,1.0
8,2,Denise Richards,0.0776197387518142,0.0230415094339623,21.0,Safe,Improved,0.5384615384615384,0.6612242977461995,0.6293191877048234,0.2598924154791504,5.0,5.0
8,2,David Alan Grier,0.0730914368650217,0.0230415094339624,17.0,Safe,Improved,0.23076923076923078,0.4353738295769975,0.38219864617470445,0.2598924154791504,11.5,12.5
8,2,Lawrence Taylor,0.0764876632801161,0.0230415094339625,20.0,Safe,Improved,0.46153846153846156,0.6047616807038999,0.5675390523222943,0.2598924154791504,7.0,7.0
8,2,Ty Murray,0.0764876632801161,0.0230415094339622,20.0,Safe,Improved,0.46153846153846156,0.6047616807038999,0.5675390523222943,0.2598924154791504,7.0,7.0
8,2,Shawn Johnson,0.0810159651669085,0.0230415094339624,24.0,Safe,Improved,0.7692307692307693,0.830612148873097,0.8146595938524096,0.2598924154791504,3.0,3.0
8,2,Steve Wozniak,0.0730914368650217,0.0230415094339624,17.0,Safe,Improved,0.23076923076923078,0.4353738295769975,0.38219864617470445,0.2598924154791504,11.5,12.5
8,2,Belinda Carlisle,0.0643621915820029,0.9141706821480408,18.0,Eliminated,Improved,0.3076923076923077,0.0,0.07996689707050782,0.2598924154791504,13.0,11.0
8,2,Chuck Wicks,0.0764876632801161,0.0230415094339622,20.0,Safe,Improved,0.46153846153846156,0.6047616807038999,0.5675390523222943,0.2598924154791504,7.0,7.0
8,2,Lil' Kim,0.0798838896952104,0.0230415094339623,23.0,Safe,Improved,0.6923076923076923,0.774149531830798,0.752879458469881,0.2598924154791504,4.0,4.0
8,2,Steve-O,0.0795565312046444,0.0230415094339617,14.0,Safe,Improved,0.0,0.7578224250694013,0.5608701245138471,0.2598924154791504,9.0,9.0
8,2,Holly Madison,0.0742235123367199,0.0230415094339626,18.0,Safe,Improved,0.3076923076923077,0.4918364466193013,0.4439787815572367,0.2598924154791504,10.0,10.0
8,2,Melissa Rycroft,0.0832801161103048,0.0230415094339607,26.0,Safe,Improved,0.9230769230769231,0.9435373829577004,0.9382198646174709,0.2598924154791504,2.0,2.0
8,3,Gilles Marini,0.0857359176256814,0.0908511811023621,27.0,Safe,Improved,1.0,0.8556853495076572,0.8948727153089251,0.2715411475382204,2.0,2.0
8,3,Denise Richards,0.0317489097516656,0.9092382798304058,16.0,Eliminated,Improved,0.5925925925925926,0.0,0.16091327261524171,0.2715411475382204,13.0,12.0
8,3,David Alan Grier,0.0821926105390672,0.0908511811023624,24.0,Safe,Improved,0.8888888888888888,0.7995245048485531,0.8237906122399121,0.2715411475382204,5.0,5.0
8,3,Lawrence Taylor,0.0774682010902483,0.0908511811023623,20.0,Safe,Improved,0.7407407407407407,0.7246433786364147,0.7290144748145617,0.2715411475382204,8.0,9.0
8,3,Ty Murray,0.0810115081768625,0.0908511811023622,23.0,Safe,Improved,0.8518518518518519,0.7808042232955189,0.8000965778835749,0.2715411475382204,6.5,7.0
8,3,Shawn Johnson,0.0857359176256814,0.0908511811023623,27.0,Safe,Improved,1.0,0.8556853495076572,0.8948727153089251,0.2715411475382204,2.0,2.0
8,3,Steve Wozniak,0.0656571774682011,0.0908511811023623,10.0,Safe,Improved,0.37037037037037035,0.53744056310607,0.4920741312511865,0.2715411475382204,12.0,13.0
8,3,Belinda Carlisle,0.0948410357359176,0.090851181102362,0.0,Safe,Improved,0.0,1.0,0.7284588524617797,0.2715411475382204,9.0,7.0
8,3,Chuck Wicks,0.0810115081768625,0.0908511811023621,23.0,Safe,Improved,0.8518518518518519,0.7808042232955189,0.8000965778835749,0.2715411475382204,6.5,7.0
8,3,Lil' Kim,0.0833737129012719,0.0908511811023623,25.0,Safe,Improved,0.9259259259259259,0.8182447864015873,0.8474846465962494,0.2715411475382204,4.0,4.0
8,3,Steve-O,0.0715626892792247,0.0908511811023625,15.0,Safe,Improved,0.5555555555555556,0.6310419708712424,0.6105443030328741,0.2715411475382204,11.0,11.0
8,3,Holly Madison,0.0739248940036341,0.0908511811023622,17.0,Safe,Improved,0.6296296296296297,0.6684825339773106,0.6579323717455486,0.2715411475382204,10.0,10.0
8,3,Melissa Rycroft,0.0857359176256814,0.0908511811023607,27.0,Safe,Improved,1.0,0.8556853495076572,0.8948727153089251,0.2715411475382204,2.0,2.0
8,4,Gilles Marini,0.0910362364919013,0.099373553719009,30.0,Safe,Improved,1.0,1.0,1.0,0.2957449830716573,1.0,1.0
8,4,Denise Richards,0.075367090481541,0.0993735537190084,0.0,Safe,Improved,0.0,0.7602490283618144,0.5354091923387057,0.2957449830716573,11.5,11.0
8,4,David Alan Grier,0.0811188811200005,0.0993735537190085,22.0,Safe,Improved,0.7333333333333333,0.8482562109688502,0.8142683464679881,0.2957449830716573,6.0,6.0
8,4,Lawrence Taylor,0.0773998728555376,0.0993735537190083,19.0,Safe,Improved,0.6333333333333333,0.7913522900821673,0.7446189763934825,0.2957449830716573,8.0,8.0
8,4,Ty Murray,0.0848378893844633,0.0993735537190082,25.0,Safe,Improved,0.8333333333333334,0.9051601318555312,0.8839177165424925,0.2957449830716573,4.5,4.5
8,4,Shawn Johnson,0.0848378893844633,0.0993735537190085,25.0,Safe,Improved,0.8333333333333334,0.9051601318555312,0.8839177165424925,0.2957449830716573,4.5,4.5
8,4,Steve Wozniak,0.0256803136220369,0.8958329307056585,12.0,Eliminated,Improved,0.4,0.0,0.11829799322866293,0.2957449830716573,13.0,13.0
8,4,Belinda Carlisle,0.075367090481541,0.0993735537190088,0.0,Safe,Improved,0.0,0.7602490283618144,0.5354091923387057,0.2957449830716573,11.5,11.0
8,4,Chuck Wicks,0.0811188811200004,0.0993735537190081,22.0,Safe,Improved,0.7333333333333333,0.8482562109688486,0.814268346467987,0.2957449830716573,7.0,7.0
8,4,Lil' Kim,0.0873172282274385,0.0993735537190082,27.0,Safe,Improved,0.9,0.9430960791133187,0.9303506299254954,0.2957449830716573,3.0,3.0
8,4,Steve-O,0.0724411951695872,0.0993735537190084,15.0,Safe,Improved,0.5,0.7154803955665927,0.6517531496274767,0.2957449830716573,10.0,11.0
8,4,Holly Madison,0.0736808645910748,0.0993735537190081,16.0,Eliminated,Improved,0.5333333333333333,0.7344483691954863,0.6749696063189782,0.2957449830716573,9.0,9.0
8,4,Melissa Rycroft,0.0897965670704137,0.0993735537190079,29.0,Safe,Improved,0.9666666666666667,0.9810320263711062,0.9767835433084984,0.2957449830716573,2.0,2.0
8,5,Gilles Marini,0.0804261904761904,0.4530809523809525,29.0,Safe,Improved,1.0,0.76697243540257,0.8467587171870893,0.34238988817634153,1.0,1.0
8,5,Denise Richards,0.1048619047619047,0.4530809523809522,0.0,Safe,Improved,0.0,1.0,0.6576101118236585,0.34238988817634153,9.5,7.0
8,5,David Alan Grier,0.0,0.9510080586080586,22.0,Eliminated,Improved,0.7586206896551724,0.0,0.25974405309929355,0.34238988817634153,13.0,11.5
8,5,Lawrence Taylor,0.0675690476190476,0.453080952380953,20.0,Safe,Improved,0.6896551724137931,0.6443621997184508,0.6598700555747832,0.34238988817634153,7.0,11.5
8,5,Ty Murray,0.068997619047619,0.4530809523809522,21.0,Safe,Improved,0.7241379310344828,0.6579855592389083,0.6806354624205948,0.34238988817634153,6.0,10.0
8,5,Shawn Johnson,0.0761404761904761,0.4530809523809528,26.0,Safe,Improved,0.896551724137931,0.7261023568411967,0.7844624966496538,0.34238988817634153,3.0,3.0
8,5,Steve Wozniak,0.1048619047619047,0.4530809523809517,0.0,Safe,Improved,0.0,1.0,0.6576101118236585,0.34238988817634153,9.5,7.0
8,5,Belinda Carlisle,0.1048619047619047,0.4530809523809525,0.0,Safe,Improved,0.0,1.0,0.6576101118236585,0.34238988817634153,9.5,7.0
8,5,Chuck Wicks,0.0718547619047619,0.4530809523809525,23.0,Safe,Improved,0.7931034482758621,0.6852322782798241,0.7221662761122187,0.34238988817634153,5.0,7.0
8,5,Lil' Kim,0.0761404761904762,0.4530809523809518,26.0,Safe,Improved,0.896551724137931,0.7261023568411976,0.7844624966496543,0.34238988817634153,2.0,2.0
8,5,Steve-O,0.0647119047619047,0.4530809523809517,18.0,Safe,Improved,0.6206896551724138,0.617115480677535,0.6183392418831593,0.34238988817634153,12.0,13.0
8,5,Holly Madison,0.1048619047619047,0.453080952380952,0.0,Safe,Improved,0.0,1.0,0.6576101118236585,0.34238988817634153,9.5,7.0
8,5,Melissa Rycroft,0.0747119047619047,0.4530809523809521,25.0,Safe,Improved,0.8620689655172413,0.7124789973207392,0.763697089803842,0.34238988817634153,4.0,4.0
8,6,Gilles Marini,0.0841067588325652,0.4306075268817191,26.0,Safe,Improved,0.9285714285714286,0.9630629600640243,0.948558786969643,0.42051403537981313,3.5,3.5
8,6,Denise Richards,0.0861215053763441,0.4306075268817213,0.0,Safe,Improved,0.0,0.9861327798640376,0.5714501051830982,0.42051403537981313,9.5,6.5
8,6,David Alan Grier,0.086121505376344,0.4306075268817206,0.0,Safe,Improved,0.0,0.9861327798640365,0.5714501051830976,0.42051403537981313,12.0,10.5
8,6,Lawrence Taylor,0.0776551459293394,0.4306075268817214,22.0,Safe,Improved,0.7857142857142857,0.8891888801920727,0.8456763609089288,0.42051403537981313,6.0,10.5
8,6,Ty Murray,0.0712035330261136,0.4306075268817211,18.0,Safe,Improved,0.6428571428571429,0.8153148003201209,0.7427939348482144,0.42051403537981313,7.0,12.0
8,6,Shawn Johnson,0.0841067588325652,0.4306075268817206,26.0,Safe,Improved,0.9285714285714286,0.9630629600640243,0.948558786969643,0.42051403537981313,3.5,3.5
8,6,Steve Wozniak,0.0861215053763441,0.4306075268817211,0.0,Safe,Improved,0.0,0.9861327798640376,0.5714501051830982,0.42051403537981313,9.5,6.5
8,6,Belinda Carlisle,0.0861215053763441,0.4306075268817207,0.0,Safe,Improved,0.0,0.9861327798640376,0.5714501051830982,0.42051403537981313,9.5,6.5
8,6,Chuck Wicks,0.0792680491551459,0.4306075268817212,23.0,Safe,Improved,0.8214285714285714,0.9076574001600611,0.8713969674241075,0.42051403537981313,5.0,9.0
8,6,Lil' Kim,0.0873325652841781,0.4306075268817214,28.0,Safe,Improved,1.0,1.0,1.0,0.42051403537981313,1.0,1.0
8,6,Steve-O,0.0,0.9322676592224984,16.0,Eliminated,Improved,0.5714285714285714,0.0,0.24029373450275035,0.42051403537981313,13.0,13.0
8,6,Holly Madison,0.0861215053763441,0.4306075268817205,0.0,Safe,Improved,0.0,0.9861327798640376,0.5714501051830982,0.42051403537981313,9.5,6.5
8,6,Melissa Rycroft,0.0857196620583717,0.4306075268817203,27.0,Safe,Improved,0.9642857142857143,0.9815314800320126,0.9742793934848217,0.42051403537981313,2.0,2.0
8,7,Gilles Marini,0.0514567765567765,0.6929076923076884,27.0,Safe,Improved,0.9310344827586207,0.4455725672670979,0.7004400729001473,0.525,3.5,4.5
8,7,Denise Richards,0.1154846153846154,0.6929076923076924,0.0,Safe,Improved,0.0,1.0,0.475,0.525,7.0,3.0
8,7,David Alan Grier,0.1154846153846153,0.6929076923076938,0.0,Safe,Improved,0.0,0.9999999999999991,0.47499999999999953,0.525,10.0,8.0
8,7,Lawrence Taylor,5.551115123125783e-17,0.9621288711288714,21.0,Eliminated,Improved,0.7241379310344828,0.0,0.38017241379310346,0.525,13.0,13.0
8,7,Ty Murray,0.0465117216117215,0.6929076923076929,24.0,Safe,Improved,0.8275862068965517,0.40275253510449543,0.625790212795325,0.525,6.0,12.0
8,7,Shawn Johnson,0.0531051282051281,0.6929076923076908,28.0,Safe,Improved,0.9655172413793104,0.45984591132129815,0.7253233596017545,0.525,2.0,2.0
8,7,Steve Wozniak,0.1154846153846153,0.6929076923076926,0.0,Safe,Improved,0.0,0.9999999999999991,0.47499999999999953,0.525,10.0,8.0
8,7,Belinda Carlisle,0.1154846153846153,0.6929076923076926,0.0,Safe,Improved,0.0,0.9999999999999991,0.47499999999999953,0.525,10.0,8.0
8,7,Chuck Wicks,0.0514567765567765,0.6929076923076929,27.0,Safe,Improved,0.9310344827586207,0.4455725672670979,0.7004400729001473,0.525,3.5,4.5
8,7,Lil' Kim,0.0498084249084248,0.6929076923076929,26.0,Safe,Improved,0.896551724137931,0.43129922321289677,0.6755567861985398,0.525,5.0,11.0
8,7,Steve-O,0.1154846153846153,0.6929076923076924,0.0,Safe,Improved,0.0,0.9999999999999991,0.47499999999999953,0.525,10.0,8.0
8,7,Holly Madison,0.1154846153846153,0.6929076923076923,0.0,Safe,Improved,0.0,0.9999999999999991,0.47499999999999953,0.525,10.0,8.0
8,7,Melissa Rycroft,0.0547534798534798,0.6929076923076929,29.0,Safe,Improved,1.0,0.4741192553754992,0.7502066463033621,0.525,1.0,1.0
9,1,Ashley Hamiliton,0.057722830369118,0.9218917176767196,18.9999,Eliminated,Improved,0.0,0.0,0.0,0.2544894141342379,16.0,16.0
9,1,Debi Mazar,0.0600062216993958,0.0001997536936056,22.0,Safe,Improved,0.2000066666666667,0.20478207869705645,0.20356678688719296,0.2544894141342379,10.5,10.5
9,1,Melissa Joan Hart,0.0614840600357045,0.0001997536936082,24.0,Safe,Improved,0.3333400000000001,0.3373195033927516,0.336306761905785,0.2544894141342379,9.0,9.0
9,1,Mark Dacascos,0.0651785080926427,0.0001997536936054,28.9998,Safe,Improved,0.6666600000000001,0.6686498113895253,0.6681434254547673,0.2544894141342379,6.0,6.0
9,1,Chuck Liddell,0.0600062216993958,0.0001997536936141,22.0,Safe,Improved,0.2000066666666667,0.20478207869705645,0.20356678688719296,0.2544894141342379,10.5,10.5
9,1,Natalie Coughlin,0.063700669756334,0.0001997536936101,26.9998,Safe,Improved,0.5333266666666668,0.5361123866938308,0.5354034504361758,0.2544894141342379,7.5,7.5
9,1,Louie Vito,0.063700669756334,0.00019975369361,26.9998,Safe,Improved,0.5333266666666668,0.5361123866938308,0.5354034504361758,0.2544894141342379,7.5,7.5
9,1,Michael Irvin,0.0578225840627286,0.000199753693613,19.0,Safe,Improved,6.666666666651131e-06,0.00894624082364491,0.0066712138338259385,0.2544894141342379,15.0,14.0
9,1,Joanna Krupa,0.0688731778253313,0.0001997536936108,33.9999,Safe,Improved,1.0,1.0,1.0,0.2544894141342379,1.0,1.0
9,1,Kathy Ireland,0.0585283094711703,0.0001997536936086,19.9999,Safe,Improved,0.06666666666666668,0.07223802713012847,0.07082017486985143,0.2544894141342379,12.5,12.5
9,1,Tom DeLay,0.0585283094711703,0.0001997536936129,19.9999,Safe,Improved,0.06666666666666668,0.07223802713012847,0.07082017486985143,0.2544894141342379,12.5,12.5
9,1,Macy Gray,0.057822830369118,0.0001997536936129,18.9999,Eliminated,Improved,0.0,0.008968330394428476,0.006685985246588094,0.2544894141342379,14.0,15.0
9,1,Aaron Carter,0.0673953394890226,0.0001997536936062,31.9999,Safe,Improved,0.8666666666666669,0.8674625753043055,0.8672600249814084,0.2544894141342379,2.0,2.0
9,1,Mya,0.0666564203208682,0.0001997536936106,30.9999,Safe,Improved,0.8000000000000002,0.8011938629564539,0.8008900374721094,0.2544894141342379,3.0,3.0
9,1,Donny Osmond,0.0659175011527138,0.0001997536936015,29.9999,Safe,Improved,0.7333333333333335,0.7349251506086023,0.7345200499628104,0.2544894141342379,5.0,5.0
9,1,Kelly Osbourne,0.0666563464289514,0.0001997536936059,30.9998,Safe,Improved,0.7999933333333336,0.8011872360852198,0.8008834004733589,0.2544894141342379,4.0,4.0
9,2,Ashley Hamiliton,0.0703139455782312,0.1227489795918378,0.0,Safe,Improved,0.0,0.9841590427738592,0.7283835719317124,0.2598924154791504,15.0,10.0
9,2,Debi Mazar,0.0651785714285714,0.1227489795918365,21.0,Safe,Improved,0.7777777777777778,0.901744579575974,0.8695265480174156,0.2598924154791504,5.0,5.0
9,2,Melissa Joan Hart,0.0631377551020408,0.1227489795918369,19.0,Safe,Improved,0.7037037037037037,0.8689927727679652,0.8260353973565541,0.2598924154791504,10.5,12.5
9,2,Mark Dacascos,0.0651785714285714,0.1227489795918371,21.0,Safe,Improved,0.7777777777777778,0.901744579575974,0.8695265480174156,0.2598924154791504,5.0,5.0
9,2,Chuck Liddell,0.0631377551020408,0.1227489795918367,19.0,Safe,Improved,0.7037037037037037,0.8689927727679652,0.8260353973565541,0.2598924154791504,10.5,12.5
9,2,Natalie Coughlin,0.0651785714285714,0.1227489795918367,21.0,Safe,Improved,0.7777777777777778,0.901744579575974,0.8695265480174156,0.2598924154791504,5.0,5.0
9,2,Louie Vito,0.0631377551020408,0.1227489795918371,19.0,Safe,Improved,0.7037037037037037,0.8689927727679652,0.8260353973565541,0.2598924154791504,10.5,12.5
9,2,Michael Irvin,0.0641581632653061,0.1227489795918375,20.0,Safe,Improved,0.7407407407407407,0.8853686761719696,0.8477809726869848,0.2598924154791504,7.5,7.5
9,2,Joanna Krupa,0.0641581632653061,0.1227489795918368,20.0,Safe,Improved,0.7407407407407407,0.8853686761719696,0.8477809726869848,0.2598924154791504,7.5,7.5
9,2,Kathy Ireland,0.0089894557823128,0.9363182397959188,18.0,Eliminated,Improved,0.6666666666666666,0.0,0.17326161031943357,0.2598924154791504,16.0,16.0
9,2,Tom DeLay,0.0621173469387755,0.1227489795918366,18.0,Safe,Improved,0.6666666666666666,0.8526168693639609,0.8042898220261233,0.2598924154791504,13.0,15.0
9,2,Macy Gray,0.0703139455782313,0.1227489795918362,0.0,Safe,Improved,0.0,0.9841590427738608,0.7283835719317135,0.2598924154791504,14.0,9.0
9,2,Aaron Carter,0.0713010204081632,0.1227489795918371,27.0,Safe,Improved,1.0,1.0,1.0,0.2598924154791504,1.5,1.5
9,2,Mya,0.0713010204081632,0.122748979591837,27.0,Safe,Improved,1.0,1.0,1.0,0.2598924154791504,1.5,1.5
9,2,Donny Osmond,0.0692602040816326,0.122748979591837,25.0,Safe,Improved,0.9259259259259259,0.9672481931919912,0.9565088493391385,0.2598924154791504,3.0,3.0
9,2,Kelly Osbourne,0.0631377551020408,0.1227489795918355,19.0,Safe,Improved,0.7037037037037037,0.8689927727679652,0.8260353973565541,0.2598924154791504,10.5,12.5
9,3,Ashley Hamiliton,0.065991472868217,0.2176542635658913,0.0,Safe,Improved,0.0,0.8813187325951907,0.6420044325993627,0.2715411475382204,14.5,12.5
9,3,Debi Mazar,0.0,0.940985222868217,17.0,Eliminated,Improved,0.6296296296296297,0.0,0.17097035215369433,0.2715411475382204,16.0,15.0
9,3,Melissa Joan Hart,0.0655757752146025,0.2176542635658918,19.0,Safe,Improved,0.7037037037037037,0.8757670739747212,0.8290447889620355,0.2715411475382204,8.0,8.0
9,3,Mark Dacascos,0.0644129844891893,0.2176542635658922,18.0,Safe,Improved,0.6666666666666666,0.8602379578048021,0.8076753872786979,0.2715411475382204,9.0,9.0
9,3,Chuck Liddell,0.0632501937915148,0.217654263565892,17.0,Safe,Improved,0.6296296296296297,0.8447088420053344,0.7863059858652188,0.2715411475382204,10.0,11.0
9,3,Natalie Coughlin,0.0737153100705846,0.2176542635658916,26.0,Safe,Improved,0.9629629629629629,0.9844708842005336,0.978630598586522,0.2715411475382204,2.0,2.0
9,3,Louie Vito,0.0667385658845381,0.2176542635658921,20.0,Safe,Improved,0.7407407407407407,0.8912961894037346,0.8504141901056537,0.2715411475382204,6.5,6.5
9,3,Michael Irvin,0.0597618216984916,0.2176542635658914,14.0,Safe,Improved,0.5185185185185185,0.7981214946069355,0.7221977816247852,0.2715411475382204,12.0,16.0
9,3,Joanna Krupa,0.0702269380053002,0.2176542635658918,23.0,Safe,Improved,0.8518518518518519,0.9378835371725875,0.914522394615948,0.2715411475382204,3.0,3.0
9,3,Kathy Ireland,0.065991472868217,0.2176542635658914,0.0,Safe,Improved,0.0,0.8813187325951907,0.6420044325993627,0.2715411475382204,14.5,12.5
9,3,Tom DeLay,0.0609246124239049,0.2176542635658922,15.0,Safe,Improved,0.5555555555555556,0.813650610776856,0.7435671833081238,0.2715411475382204,11.0,14.0
9,3,Macy Gray,0.0659914728682171,0.2176542635658916,0.0,Safe,Improved,0.0,0.8813187325951921,0.6420044325993637,0.2715411475382204,13.0,10.0
9,3,Aaron Carter,0.0679013565822125,0.217654263565892,21.0,Safe,Improved,0.7777777777777778,0.9068253052032008,0.8717835915191315,0.2715411475382204,4.5,4.5
9,3,Mya,0.074878100768259,0.2176542635658921,27.0,Safe,Improved,1.0,1.0,1.0,0.2715411475382204,1.0,1.0
9,3,Donny Osmond,0.0679013565822125,0.2176542635658918,21.0,Safe,Improved,0.7777777777777778,0.9068253052032008,0.8717835915191315,0.2715411475382204,4.5,4.5
9,3,Kelly Osbourne,0.0667385658845381,0.2176542635658904,20.0,Safe,Improved,0.7407407407407407,0.8912961894037346,0.8504141901056537,0.2715411475382204,6.5,6.5
9,4,Ashley Hamiliton,0.0703479338842975,0.3602041322314038,0.0,Safe,Improved,0.0,0.9819066899682205,0.6915127125656221,0.2957449830716573,13.0,9.5
9,4,Debi Mazar,0.0703479338842975,0.3602041322314049,0.0,Safe,Improved,0.0,0.9819066899682205,0.6915127125656221,0.2957449830716573,13.0,9.5
9,4,Melissa Joan Hart,0.071644214876033,0.3602041322314051,28.0,Safe,Improved,1.0,1.0,1.0,0.2957449830716573,1.5,1.5
9,4,Mark Dacascos,0.0642061983471074,0.360204132231405,22.0,Safe,Improved,0.7857142857142857,0.8961811984150333,0.8635111631883724,0.2957449830716573,7.0,9.5
9,4,Chuck Liddell,0.0,0.9453416838842976,17.0,Eliminated,Improved,0.6071428571428571,0.0,0.1795594540077919,0.2957449830716573,16.0,15.0
9,4,Natalie Coughlin,0.0666855371900826,0.3602041322314053,24.0,Safe,Improved,0.8571428571428571,0.9307874656100222,0.9090074421255816,0.2957449830716573,4.5,4.5
9,4,Louie Vito,0.0567681818181818,0.3602041322314061,16.0,Safe,Improved,0.5714285714285714,0.7923623968300664,0.7270223263767448,0.2957449830716573,9.5,15.0
9,4,Michael Irvin,0.0567681818181818,0.3602041322314057,16.0,Safe,Improved,0.5714285714285714,0.7923623968300664,0.7270223263767448,0.2957449830716573,9.5,15.0
9,4,Joanna Krupa,0.0691648760330578,0.3602041322314051,26.0,Safe,Improved,0.9285714285714286,0.9653937328050112,0.9545037210627909,0.2957449830716573,3.0,3.0
9,4,Kathy Ireland,0.0703479338842975,0.3602041322314048,0.0,Safe,Improved,0.0,0.9819066899682205,0.6915127125656221,0.2957449830716573,13.0,9.5
9,4,Tom DeLay,0.0703479338842975,0.3602041322314057,0.0,Safe,Improved,0.0,0.9819066899682205,0.6915127125656221,0.2957449830716573,13.0,9.5
9,4,Macy Gray,0.0703479338842975,0.3602041322314052,0.0,Safe,Improved,0.0,0.9819066899682205,0.6915127125656221,0.2957449830716573,13.0,9.5
9,4,Aaron Carter,0.059247520661157,0.3602041322314054,18.0,Safe,Improved,0.6428571428571429,0.8269686640250553,0.772518605313954,0.2957449830716573,8.0,13.0
9,4,Mya,0.071644214876033,0.3602041322314054,28.0,Safe,Improved,1.0,1.0,1.0,0.2957449830716573,1.5,1.5
9,4,Donny Osmond,0.0666855371900826,0.3602041322314055,24.0,Safe,Improved,0.8571428571428571,0.9307874656100222,0.9090074421255816,0.2957449830716573,4.5,4.5
9,4,Kelly Osbourne,0.065445867768595,0.3602041322314048,23.0,Safe,Improved,0.8214285714285714,0.9134843320125277,0.8862593026569769,0.2957449830716573,6.0,6.0
9,5,Ashley Hamiliton,0.0910090909090909,0.550386776859498,0.0,Safe,Improved,0.0,1.0,0.6576101118236585,0.34238988817634153,5.5,7.0
9,5,Debi Mazar,0.0910090909090908,0.5503867768595045,0.0,Safe,Improved,0.0,0.9999999999999989,0.6576101118236577,0.34238988817634153,8.5,11.5
9,5,Melissa Joan Hart,0.0486477502295684,0.5503867768595054,23.0,Safe,Improved,0.7931034482758621,0.5345372615375612,0.623067709301071,0.34238988817634153,13.0,13.0
9,5,Mark Dacascos,0.0523667584940312,0.5503867768595061,26.0,Safe,Improved,0.896551724137931,0.5754014018922617,0.6853600248137526,0.34238988817634153,3.0,3.0
9,5,Chuck Liddell,0.0910090909090909,0.550386776859504,0.0,Safe,Improved,0.0,1.0,0.6576101118236585,0.34238988817634153,5.5,7.0
9,5,Natalie Coughlin,0.0,0.9660028409090908,22.0,Eliminated,Improved,0.7586206896551724,0.0,0.25974405309929355,0.34238988817634153,16.0,15.0
9,5,Louie Vito,0.0474080808080808,0.550386776859505,22.0,Safe,Improved,0.7586206896551724,0.5209158814193277,0.6023036041301773,0.34238988817634153,14.0,14.0
9,5,Michael Irvin,0.0461684113865932,0.5503867768595052,21.0,Safe,Improved,0.7241379310344828,0.5072945013010941,0.5815394989592834,0.34238988817634153,15.0,16.0
9,5,Joanna Krupa,0.049887419651056,0.5503867768595054,24.0,Safe,Improved,0.8275862068965517,0.5481586416557948,0.6438318144719649,0.34238988817634153,11.0,7.0
9,5,Kathy Ireland,0.0910090909090909,0.5503867768595045,0.0,Safe,Improved,0.0,1.0,0.6576101118236585,0.34238988817634153,5.5,7.0
9,5,Tom DeLay,0.0910090909090908,0.550386776859505,0.0,Safe,Improved,0.0,0.9999999999999989,0.6576101118236577,0.34238988817634153,8.5,11.5
9,5,Macy Gray,0.0910090909090909,0.5503867768595045,0.0,Safe,Improved,0.0,1.0,0.6576101118236585,0.34238988817634153,5.5,7.0
9,5,Aaron Carter,0.049887419651056,0.5503867768595053,24.0,Safe,Improved,0.8275862068965517,0.5481586416557948,0.6438318144719649,0.34238988817634153,11.0,7.0
9,5,Mya,0.0536064279155188,0.5503867768595052,27.0,Safe,Improved,0.9310344827586207,0.5890227820104953,0.7061241299846464,0.34238988817634153,2.0,2.0
9,5,Donny Osmond,0.056085766758494,0.5503867768595049,29.0,Safe,Improved,1.0,0.6162655422469624,0.747652340326434,0.34238988817634153,1.0,1.0
9,5,Kelly Osbourne,0.049887419651056,0.5503867768595072,24.0,Safe,Improved,0.8275862068965517,0.5481586416557948,0.6438318144719649,0.34238988817634153,11.0,7.0
9,6,Ashley Hamiliton,0.0924076272187096,0.6547457248505876,0.0,Safe,Improved,0.0,1.0,0.5794859646201869,0.42051403537981313,7.0,5.5
9,6,Debi Mazar,0.0924076272187095,0.6547457248505855,0.0,Safe,Improved,0.0,0.999999999999999,0.5794859646201863,0.42051403537981313,10.5,10.5
9,6,Melissa Joan Hart,5.551115123125783e-17,0.968731311561049,23.9999,Eliminated,Improved,0.6666657407381688,0.0,0.2803423008872796,0.42051403537981313,16.0,15.5
9,6,Mark Dacascos,0.0470280669385009,0.6547457248505856,32.0,Safe,Improved,0.8888913580315502,0.5089197542881957,0.668703146708053,0.42051403537981313,4.0,5.5
9,6,Chuck Liddell,0.0924076272187096,0.6547457248505862,0.0,Safe,Improved,0.0,1.0,0.5794859646201869,0.42051403537981313,7.0,5.5
9,6,Natalie Coughlin,0.0924076272187095,0.6547457248505866,0.0,Safe,Improved,0.0,0.999999999999999,0.5794859646201863,0.42051403537981313,10.5,10.5
9,6,Louie Vito,0.0377972657549583,0.6547457248505871,24.0,Eliminated,Improved,0.6666685185236626,0.4090275542461448,0.5173691958136301,0.42051403537981313,14.0,14.0
9,6,Michael Irvin,0.0354893346890431,0.6547457248505857,21.9998,Safe,Improved,0.611107253075703,0.3840520069306314,0.4795319247412522,0.42051403537981313,15.0,15.5
9,6,Joanna Krupa,0.0516433521452574,0.6547457248505861,35.9999,Safe,Improved,1.0,0.5588646056567206,0.7443682304808782,0.42051403537981313,1.0,1.0
9,6,Kathy Ireland,0.0924076272187095,0.6547457248505864,0.0,Safe,Improved,0.0,0.999999999999999,0.5794859646201863,0.42051403537981313,10.5,10.5
9,6,Tom DeLay,0.0924076272187095,0.6547457248505864,0.0,Safe,Improved,0.0,0.999999999999999,0.5794859646201863,0.42051403537981313,10.5,10.5
9,6,Macy Gray,0.0924076272187096,0.6547457248505869,0.0,Safe,Improved,0.0,1.0,0.5794859646201869,0.42051403537981313,7.0,5.5
9,6,Aaron Carter,0.0481816863164141,0.6547457248505862,32.9998,Safe,Improved,0.9166636573990484,0.5214037819884506,0.6876161072210834,0.42051403537981313,3.0,3.0
9,6,Mya,0.0481819170864437,0.6547457248505866,33.0,Safe,Improved,0.9166692129700361,0.5214062792934517,0.6876198905698556,0.42051403537981313,2.0,2.0
9,6,Donny Osmond,0.0458741014055433,0.6547457248505875,30.9999,Safe,Improved,0.8611107253075704,0.49643198063043903,0.6497845111718641,0.42051403537981313,5.0,8.0
9,6,Kelly Osbourne,0.0389508851328716,0.654745724850586,24.9998,Safe,Improved,0.6944408178911609,0.4215115819464008,0.536282156326661,0.42051403537981313,13.0,13.0
10,2,Aiden Turner,0.0895454545447931,0.0823181818181817,19.0,Safe,Improved,0.4375,0.6645129224429679,0.6055139856842839,0.2598924154791504,8.0,8.0
10,2,Shannen Doherty,0.0652363636381275,0.909181818181818,20.0,Eliminated,Improved,0.5,0.0,0.1299462077395752,0.2598924154791504,11.0,9.0
10,2,Niecy Nash,0.0922727272720658,0.0823181818181816,21.0,Safe,Improved,0.5625,0.7390656063445303,0.6931775444211096,0.2598924154791504,6.0,5.0
10,2,Buzz Aldrin,0.1017000000017638,0.082318181818182,12.0,Safe,Improved,0.0,0.9967693837638975,0.7377165809418339,0.2598924154791504,4.0,6.0
10,2,Chad Ochocinco,0.085454545453884,0.0823181818181814,16.0,Safe,Improved,0.25,0.5526838965906231,0.47401864757904466,0.2598924154791504,10.0,10.5
10,2,Evan Lysacek,0.0963636363629749,0.0823181818181817,24.0,Safe,Improved,0.75,0.8508946321968754,0.824672882526349,0.2598924154791504,2.0,2.0
10,2,Pamela Anderson,0.0936363636357021,0.0823181818181824,22.0,Safe,Improved,0.625,0.7763419482953102,0.7370093237895213,0.2598924154791504,5.0,4.0
10,2,Nicole Scherzinger,0.1018181818175203,0.0823181818181821,28.0,Safe,Improved,1.0,1.0,1.0,0.2598924154791504,1.0,1.0
10,2,Erin Andrews,0.0949999999993385,0.0823181818181818,23.0,Safe,Improved,0.6875,0.8136182902460928,0.7808411031579352,0.2598924154791504,3.0,3.0
10,2,Kate Gosselin,0.0880636363654002,0.0823181818181818,15.0,Safe,Improved,0.1875,0.6240059642560827,0.5105613748345136,0.2598924154791504,9.0,10.5
10,2,Jake Pavelka,0.0909090909084294,0.0823181818181816,20.0,Safe,Improved,0.5,0.7017892643937478,0.6493457650526957,0.2598924154791504,7.0,7.0
10,3,Aiden Turner,0.093193013882669,0.0641394088669953,20.0,Safe,Improved,0.7692307692307693,0.8110527407202597,0.7996963545896927,0.2715411475382204,7.5,8.5
10,3,Shannen Doherty,0.1053119793999104,0.0641394088669954,0.0,Safe,Improved,0.0,1.0,0.7284588524617797,0.2715411475382204,9.0,7.0
10,3,Niecy Nash,0.0946708463949843,0.0641394088669954,21.0,Safe,Improved,0.8076923076923077,0.8340936844773164,0.8269246243285262,0.2715411475382204,5.0,5.0
10,3,Buzz Aldrin,0.0411725705329153,0.8823121361397225,13.0,Eliminated,Improved,0.5,0.0,0.1357705737691102,0.2715411475382204,11.0,11.0
10,3,Chad Ochocinco,0.093193013882669,0.0641394088669946,20.0,Safe,Improved,0.7692307692307693,0.8110527407202597,0.7996963545896927,0.2715411475382204,7.5,8.5
10,3,Evan Lysacek,0.1020600089565606,0.0641394088669949,26.0,Safe,Improved,1.0,0.9492984032625971,0.9630659730226916,0.2715411475382204,1.0,1.0
10,3,Pamela Anderson,0.0946708463949843,0.0641394088669949,21.0,Safe,Improved,0.8076923076923077,0.8340936844773164,0.8269246243285262,0.2715411475382204,5.0,5.0
10,3,Nicole Scherzinger,0.0976265114196148,0.0641394088669951,23.0,Safe,Improved,0.8846153846153846,0.8801755719914284,0.8813811638061921,0.2715411475382204,2.5,2.5
10,3,Erin Andrews,0.0976265114196148,0.0641394088669953,23.0,Safe,Improved,0.8846153846153846,0.8801755719914284,0.8813811638061921,0.2715411475382204,2.5,2.5
10,3,Kate Gosselin,0.0858038513210927,0.0641394088669953,15.0,Safe,Improved,0.5769230769230769,0.6958480219349791,0.6635550058955275,0.2715411475382204,10.0,10.0
10,3,Jake Pavelka,0.0946708463949843,0.0641394088669946,21.0,Safe,Improved,0.8076923076923077,0.8340936844773164,0.8269246243285262,0.2715411475382204,5.0,5.0
10,4,Aiden Turner,0.0131653843012334,0.907221514334722,16.5,Eliminated,Improved,0.6346153846153846,0.0,0.1876843161800902,0.2957449830716573,11.0,10.5
10,4,Shannen Doherty,0.102214171363228,0.1808929919137464,0.0,Safe,Improved,0.0,0.9624867199745188,0.6778361012689598,0.2957449830716573,9.0,6.0
10,4,Niecy Nash,0.0927468757657437,0.1808929919137472,18.0,Safe,Improved,0.6923076923076923,0.8601591466600378,0.8105179211340503,0.2957449830716573,7.0,9.0
10,4,Buzz Aldrin,0.1022141713632278,0.1808929919137476,0.0,Safe,Improved,0.0,0.9624867199745167,0.6778361012689583,0.2957449830716573,10.0,8.0
10,4,Chad Ochocinco,0.0992158784611614,0.1808929919137466,22.0,Safe,Improved,0.8461538461538461,0.9300795733300183,0.9052589605670247,0.2957449830716573,4.0,4.0
10,4,Evan Lysacek,0.1056848811565792,0.1808929919137473,26.0,Safe,Improved,1.0,1.0,1.0,0.2957449830716573,1.0,1.0
10,4,Pamela Anderson,0.1016417544719431,0.1808929919137468,23.5,Safe,Improved,0.9038461538461539,0.9562997333312617,0.9407868503543907,0.2957449830716573,3.0,3.0
10,4,Nicole Scherzinger,0.1040676304827248,0.1808929919137469,25.0,Safe,Improved,0.9615384615384616,0.9825198933325051,0.9763147401417567,0.2957449830716573,2.0,2.0
10,4,Erin Andrews,0.0951727517765253,0.1808929919137469,19.5,Safe,Improved,0.75,0.8863793066612802,0.8460458109214155,0.2957449830716573,5.0,5.0
10,4,Kate Gosselin,0.0895123744180348,0.1808929919137467,16.0,Safe,Improved,0.6153846153846154,0.8251989333250471,0.7631474014175628,0.2957449830716573,8.0,10.5
10,4,Jake Pavelka,0.0943641264395981,0.1808929919137466,19.0,Safe,Improved,0.7307692307692307,0.8776392533275327,0.8342031809922937,0.2957449830716573,6.0,7.0
10,5,Aiden Turner,0.0918405543878087,0.2604156069364156,0.0,Safe,Improved,0.0,0.7971822873743065,0.5242351331440576,0.34238988817634153,8.0,8.0
10,5,Shannen Doherty,0.0918405543878086,0.2604156069364158,0.0,Safe,Improved,0.0,0.7971822873743055,0.5242351331440569,0.34238988817634153,9.5,10.5
10,5,Niecy Nash,0.0948502364687336,0.2604156069364168,18.0,Safe,Improved,0.6206896551724138,0.8248219354787342,0.7549291068514715,0.34238988817634153,6.5,6.5
10,5,Buzz Aldrin,0.0918405543878086,0.2604156069364162,0.0,Safe,Improved,0.0,0.7971822873743055,0.5242351331440569,0.34238988817634153,9.5,10.5
10,5,Chad Ochocinco,0.0948502364687336,0.2604156069364167,18.0,Safe,Improved,0.6206896551724138,0.8248219354787342,0.7549291068514715,0.34238988817634153,6.5,6.5
10,5,Evan Lysacek,0.1104571728849185,0.2604156069364169,27.0,Safe,Improved,0.9310344827586207,0.9681494428143149,0.9554416557911763,0.34238988817634153,2.0,2.0
10,5,Pamela Anderson,0.1000525486074619,0.2604156069364162,21.0,Safe,Improved,0.7241379310344828,0.8725977712572611,0.8217666231647065,0.34238988817634153,5.0,5.0
10,5,Nicole Scherzinger,0.1139253809774041,0.2604156069364166,29.0,Safe,Improved,1.0,1.0,1.0,0.34238988817634153,1.0,1.0
10,5,Erin Andrews,0.1017866526537046,0.2604156069364161,22.0,Safe,Improved,0.7586206896551724,0.8885230498501027,0.8440457952691176,0.34238988817634153,4.0,4.0
10,5,Kate Gosselin,0.0050353520756699,0.9049779295848652,15.0,Eliminated,Improved,0.5172413793103449,0.0,0.17709821802224562,0.34238988817634153,11.0,9.0
10,5,Jake Pavelka,0.1035207566999474,0.2604156069364163,23.0,Safe,Improved,0.7931034482758621,0.9044483284429453,0.8663249673735296,0.34238988817634153,3.0,3.0
10,6,Aiden Turner,0.1197171470430762,0.4788685881723052,0.0,Safe,Improved,0.0,1.0,0.5794859646201869,0.42051403537981313,8.0,5.0
10,6,Shannen Doherty,0.1197171470430762,0.478868588172305,0.0,Safe,Improved,0.0,1.0,0.5794859646201869,0.42051403537981313,8.0,5.0
10,6,Niecy Nash,0.0801565047347048,0.478868588172305,25.9998,Safe,Improved,0.7222186728296468,0.6695490722466277,0.6916973785296361,0.42051403537981313,6.0,10.0
10,6,Buzz Aldrin,0.1197171470430762,0.4788685881723045,0.0,Safe,Improved,0.0,1.0,0.5794859646201869,0.42051403537981313,8.0,5.0
10,6,Chad Ochocinco,0.0873337058066701,0.4788685881723051,30.9999,Safe,Improved,0.8611107253075704,0.7295003929156948,0.7848443848874809,0.42051403537981313,3.0,3.0
10,6,Evan Lysacek,0.081592203323169,0.4788685881723042,27.0,Safe,Improved,0.7500020833391204,0.6815414945848214,0.7103301330263696,0.42051403537981313,5.0,9.0
10,6,Pamela Anderson,0.0858981507593566,0.4788685881723052,29.9998,Safe,Improved,0.8333300925835906,0.717509169579935,0.7662134932936169,0.42051403537981313,4.0,7.0
10,6,Nicole Scherzinger,0.0945107633374848,0.4788685881723048,35.9999,Safe,Improved,1.0,0.7894505145823285,0.8779895283424567,0.42051403537981313,1.0,1.0
10,6,Erin Andrews,0.0916400838663096,0.4788685881723055,34.0,Safe,Improved,0.9444470679085221,0.7654716649181089,0.8407333338633358,0.42051403537981313,2.0,2.0
10,6,Kate Gosselin,0.1197171470430761,0.4788685881723047,0.0,Safe,Improved,0.0,0.9999999999999991,0.5794859646201863,0.42051403537981313,10.0,8.0
10,6,Jake Pavelka,2.775557561562892e-17,0.9378898743158038,24.9999,Eliminated,Improved,0.6944435956766547,0.0,0.2920232787616574,0.42051403537981313,11.0,11.0
10,7,Aiden Turner,0.1640871382636657,0.8270665594855283,0.0,Safe,Improved,0.0,1.0,0.475,0.525,7.0,3.0
10,7,Shannen Doherty,0.1640871382636655,0.8270665594855298,0.0,Safe,Improved,0.0,0.9999999999999988,0.4749999999999994,0.525,9.5,6.5
10,7,Niecy Nash,0.0330189710610933,0.8270665594855303,24.5,Safe,Improved,0.9074074074074074,0.2012282706036125,0.5719723174256048,0.525,5.0,11.0
10,7,Buzz Aldrin,0.1640871382636656,0.8270665594855313,0.0,Safe,Improved,0.0,0.9999999999999994,0.4749999999999997,0.525,8.0,4.5
10,7,Chad Ochocinco,0.0359128617363344,0.8270665594855295,26.0,Safe,Improved,0.9629629629629629,0.21886457473971738,0.6095162285569213,0.525,3.0,4.5
10,7,Evan Lysacek,0.0378421221864952,0.8270665594855302,27.0,Safe,Improved,1.0,0.23062211083045436,0.6345455026444659,0.525,1.5,1.5
10,7,Pamela Anderson,0.0,0.9822598655363928,25.5,Eliminated,Improved,0.9444444444444444,0.0,0.49583333333333335,0.525,6.0,10.0
10,7,Nicole Scherzinger,0.0378421221864952,0.8270665594855308,27.0,Safe,Improved,1.0,0.23062211083045436,0.6345455026444659,0.525,1.5,1.5
10,7,Erin Andrews,0.034948231511254,0.8270665594855303,25.5,Safe,Improved,0.9444444444444444,0.21298580669434888,0.597001591513149,0.525,4.0,8.0
10,7,Kate Gosselin,0.1640871382636654,0.8270665594855304,0.0,Safe,Improved,0.0,0.9999999999999981,0.4749999999999991,0.525,11.0,9.0
10,7,Jake Pavelka,0.1640871382636655,0.8270665594855312,0.0,Safe,Improved,0.0,0.9999999999999988,0.4749999999999994,0.525,9.5,6.5
11,1,David Hasselhoff,0.0780904552129221,0.8995042951541856,15.0,Eliminated,Improved,0.0,0.0,0.0,0.2544894141342379,12.0,12.0
11,1,Florence Henderson,0.0821218795888399,0.0001999999999947,18.0,Safe,Improved,0.3333333333333333,0.33704913202543957,0.3361035005932447,0.2544894141342379,7.5,7.5
11,1,Kyle Massey,0.0887298091042584,0.0001999999999973,23.0,Safe,Improved,0.8888888888888888,0.8895081886709062,0.8893505834322071,0.2544894141342379,2.5,2.5
11,1,Jennifer Grey,0.0900513950073421,0.0002,24.0,Safe,Improved,1.0,1.0,1.0,0.2544894141342379,1.0,1.0
11,1,Rick Fox,0.0874082232011747,0.0002000000000064,22.0,Safe,Improved,0.7777777777777778,0.7790163773418124,0.7787011668644143,0.2544894141342379,4.0,4.0
11,1,Kurt Warner,0.0834434654919236,0.0001999999999969,19.0,Safe,Improved,0.4444444444444444,0.4475409433545322,0.44675291716103666,0.2544894141342379,5.5,5.5
11,1,Margaret Cho,0.0781904552129221,0.0002000000000014,15.0,Safe,Improved,0.0,0.008360547057234973,0.006232876334797517,0.2544894141342379,10.5,10.5
11,1,Michael Bolton,0.0794787077826725,0.0001999999999984,16.0,Safe,Improved,0.1111111111111111,0.11606550936725314,0.11480466745765985,0.2544894141342379,9.0,9.0
11,1,Brandy,0.0887298091042584,0.0002000000000008,23.0,Safe,Improved,0.8888888888888888,0.8895081886709062,0.8893505834322071,0.2544894141342379,2.5,2.5
11,1,The Situation,0.0781904552129221,0.0002000000000047,15.0,Safe,Improved,0.0,0.008360547057234973,0.006232876334797517,0.2544894141342379,10.5,10.5
11,1,Audrina Patridge,0.0834434654919236,0.0001999999999952,19.0,Safe,Improved,0.4444444444444444,0.4475409433545322,0.44675291716103666,0.2544894141342379,5.5,5.5
11,1,Bristol Palin,0.0821218795888399,0.0002000000000096,18.0,Safe,Improved,0.3333333333333333,0.33704913202543957,0.3361035005932447,0.2544894141342379,7.5,7.5
11,2,David Hasselhoff,0.0936774509864554,0.0543986425339375,0.0,Safe,Improved,0.0,1.0,0.7401075845208496,0.2598924154791504,11.0,6.5
11,2,Florence Henderson,0.0841251885357405,0.0543986425339368,19.0,Safe,Improved,0.7916666666666666,0.8244025584874527,0.8158947484892843,0.2598924154791504,8.0,9.0
11,2,Kyle Massey,0.0881975867257858,0.0543986425339372,22.0,Safe,Improved,0.9166666666666666,0.8992646874000397,0.9037873298257614,0.2598924154791504,3.5,3.5
11,2,Jennifer Grey,0.0909125188524826,0.054398642533937,24.0,Safe,Improved,1.0,0.9491727733417631,0.9623823840500785,0.2598924154791504,1.0,1.0
11,2,Rick Fox,0.0868401206624374,0.0543986425339367,21.0,Safe,Improved,0.875,0.874310644429178,0.874489802713603,0.2598924154791504,6.0,6.5
11,2,Kurt Warner,0.0868401206624374,0.054398642533937,21.0,Safe,Improved,0.875,0.874310644429178,0.874489802713603,0.2598924154791504,6.0,6.5
11,2,Margaret Cho,0.0827677224723921,0.0543986425339368,18.0,Safe,Improved,0.75,0.799448515516591,0.786597221377126,0.2598924154791504,9.5,10.5
11,2,Michael Bolton,0.0392788084525188,0.8877236425339365,12.0,Eliminated,Improved,0.5,0.0,0.1299462077395752,0.2598924154791504,12.0,12.0
11,2,Brandy,0.0868401206624374,0.0543986425339368,21.0,Safe,Improved,0.875,0.874310644429178,0.874489802713603,0.2598924154791504,6.0,6.5
11,2,The Situation,0.0827677224723921,0.0543986425339368,18.0,Safe,Improved,0.75,0.799448515516591,0.786597221377126,0.2598924154791504,9.5,10.5
11,2,Audrina Patridge,0.0895550527891342,0.0543986425339368,23.0,Safe,Improved,0.9583333333333334,0.9242187303709014,0.93308485693792,0.2598924154791504,2.0,2.0
11,2,Bristol Palin,0.0881975867257858,0.054398642533936,22.0,Safe,Improved,0.9166666666666666,0.8992646874000397,0.9037873298257614,0.2598924154791504,3.5,3.5
11,3,David Hasselhoff,0.0936607843137254,0.163095927601811,0.0,Safe,Improved,0.0,1.0,0.7284588524617797,0.2715411475382204,10.5,6.5
11,3,Florence Henderson,0.0854826546003016,0.1630959276018104,20.0,Safe,Improved,0.7692307692307693,0.899713869822792,0.8642823389536891,0.2715411475382204,7.5,9.5
11,3,Kyle Massey,0.0895550527903469,0.1630959276018101,23.0,Safe,Improved,0.8846153846153846,0.9496525562133907,0.9319922880050281,0.2715411475382204,5.5,6.5
11,3,Jennifer Grey,0.0909125188536953,0.1630959276018103,24.0,Safe,Improved,0.9230769230769231,0.9662987850102568,0.9545622710221409,0.2715411475382204,3.0,3.0
11,3,Rick Fox,0.0909125188536953,0.1630959276018102,24.0,Safe,Improved,0.9230769230769231,0.9662987850102568,0.9545622710221409,0.2715411475382204,3.0,3.0
11,3,Kurt Warner,0.0895550527903469,0.1630959276018102,23.0,Safe,Improved,0.8846153846153846,0.9496525562133907,0.9319922880050281,0.2715411475382204,5.5,6.5
11,3,Margaret Cho,0.0121128205128205,0.9148729638009048,18.0,Eliminated,Improved,0.6923076923076923,0.0,0.18799002521876795,0.2715411475382204,12.0,12.0
11,3,Michael Bolton,0.0936607843137254,0.1630959276018105,0.0,Safe,Improved,0.0,1.0,0.7284588524617797,0.2715411475382204,10.5,6.5
11,3,Brandy,0.0909125188536953,0.1630959276018101,24.0,Safe,Improved,0.9230769230769231,0.9662987850102568,0.9545622710221409,0.2715411475382204,3.0,3.0
11,3,The Situation,0.0854826546003016,0.1630959276018099,20.0,Safe,Improved,0.7692307692307693,0.899713869822792,0.8642823389536891,0.2715411475382204,7.5,9.5
11,3,Audrina Patridge,0.0936274509803921,0.1630959276018104,26.0,Safe,Improved,1.0,0.9995912426039885,0.9997022370563662,0.2715411475382204,1.0,1.0
11,3,Bristol Palin,0.0841251885369532,0.1630959276018102,19.0,Safe,Improved,0.7307692307692307,0.8830676410259259,0.8417123559365762,0.2715411475382204,9.0,11.0
11,4,David Hasselhoff,0.0837773277467411,0.2349368715083803,0.0,Safe,Improved,0.0,0.7847263332759531,0.5526474571253727,0.2957449830716573,10.0,10.5
11,4,Florence Henderson,0.0876629422718808,0.2349368715083798,17.5,Safe,Improved,0.625,0.8236620356958422,0.7649087353119943,0.2957449830716573,6.0,6.0
11,4,Kyle Massey,0.091852886405959,0.2349368715083805,20.0,Safe,Improved,0.7142857142857143,0.86564726529207,0.8208828459519957,0.2957449830716573,4.0,4.0
11,4,Jennifer Grey,0.1052607076350093,0.2349368715083802,28.0,Safe,Improved,1.0,1.0,1.0,0.2957449830716573,1.0,1.0
11,4,Rick Fox,0.0910148975791434,0.2349368715083797,19.5,Safe,Improved,0.6964285714285714,0.8572502193728249,0.8096880238239956,0.2957449830716573,5.0,5.0
11,4,Kurt Warner,0.0868249534450651,0.23493687150838,17.0,Safe,Improved,0.6071428571428571,0.815264989776596,0.7537139131839937,0.2957449830716573,7.0,7.0
11,4,Margaret Cho,0.0837773277467411,0.2349368715083803,0.0,Safe,Improved,0.0,0.7847263332759531,0.5526474571253727,0.2957449830716573,10.0,10.5
11,4,Michael Bolton,0.0837773277467411,0.2349368715083796,0.0,Safe,Improved,0.0,0.7847263332759531,0.5526474571253727,0.2957449830716573,10.0,10.5
11,4,Brandy,0.0985567970204841,0.2349368715083802,24.0,Safe,Improved,0.8571428571428571,0.9328236326460345,0.9104414229759974,0.2957449830716573,2.0,2.0
11,4,The Situation,0.0054650372439478,0.9116372905027934,14.0,Eliminated,Improved,0.5,0.0,0.14787249153582865,0.2957449830716573,12.0,10.5
11,4,Audrina Patridge,0.0968808193668529,0.2349368715083801,23.0,Safe,Improved,0.8214285714285714,0.9160295408075442,0.8880517787199975,0.2957449830716573,3.0,3.0
11,4,Bristol Palin,0.0851489757914339,0.2349368715083798,16.0,Safe,Improved,0.5714285714285714,0.7984708979381057,0.7313242689279937,0.2957449830716573,8.0,8.0
11,5,David Hasselhoff,0.1154846153846153,0.4841164835164819,0.0,Safe,Improved,0.0,1.0,0.6576101118236585,0.34238988817634153,8.5,6.5
11,5,Florence Henderson,0.0,0.9488096153846158,21.0,Eliminated,Improved,0.7777777777777778,0.0,0.26630324635937674,0.34238988817634153,12.0,11.0
11,5,Kyle Massey,0.0719208791208791,0.4841164835164837,20.0,Safe,Improved,0.7407407407407407,0.6227745477728829,0.6631649793917365,0.34238988817634153,6.0,10.0
11,5,Jennifer Grey,0.0801626373626373,0.4841164835164847,25.0,Safe,Improved,0.9259259259259259,0.6941412680438858,0.773501991137109,0.34238988817634153,2.0,2.0
11,5,Rick Fox,0.0785142857142857,0.4841164835164833,24.0,Safe,Improved,0.8888888888888888,0.6798679239896855,0.7514345887880347,0.34238988817634153,3.5,3.5
11,5,Kurt Warner,0.0785142857142857,0.4841164835164839,24.0,Safe,Improved,0.8888888888888888,0.6798679239896855,0.7514345887880347,0.34238988817634153,3.5,3.5
11,5,Margaret Cho,0.1154846153846153,0.484116483516484,0.0,Safe,Improved,0.0,1.0,0.6576101118236585,0.34238988817634153,8.5,6.5
11,5,Michael Bolton,0.1154846153846153,0.4841164835164846,0.0,Safe,Improved,0.0,1.0,0.6576101118236585,0.34238988817634153,8.5,6.5
11,5,Brandy,0.0834593406593406,0.4841164835164844,27.0,Safe,Improved,1.0,0.7226879561522871,0.8176367958352582,0.34238988817634153,1.0,1.0
11,5,The Situation,0.1154846153846153,0.4841164835164844,0.0,Safe,Improved,0.0,1.0,0.6576101118236585,0.34238988817634153,8.5,6.5
11,5,Audrina Patridge,0.076865934065934,0.484116483516484,23.0,Safe,Improved,0.8518518518518519,0.6655945799354844,0.7293671864389599,0.34238988817634153,5.0,9.0
11,5,Bristol Palin,0.0686241758241758,0.4841164835164844,18.0,Safe,Improved,0.6666666666666666,0.5942278596644816,0.6190301746935873,0.34238988817634153,11.0,12.0
11,6,David Hasselhoff,0.1546889285615941,0.8753913626761023,0.0,Safe,Improved,0.0,0.9999999999999994,0.5794859646201865,0.42051403537981313,5.0,8.5
11,6,Florence Henderson,0.1546889285615941,0.8753913626761063,0.0,Safe,Improved,0.0,0.9999999999999994,0.5794859646201865,0.42051403537981313,5.0,8.5
11,6,Kyle Massey,0.0347597024917475,0.8753913626761062,29.9999,Safe,Improved,0.8333328703690844,0.2247071126225226,0.48064278604862587,0.42051403537981313,8.0,5.5
11,6,Jennifer Grey,0.0333105671565072,0.8753913626761071,29.0,Safe,Improved,0.8055577932160923,0.21533905151617602,0.4635343163452034,0.42051403537981313,9.0,11.0
11,6,Rick Fox,0.0347598474197738,0.8753913626761056,30.0,Safe,Improved,0.8333356481545783,0.22470804952232307,0.48064449706669793,0.42051403537981313,7.0,2.0
11,6,Kurt Warner,0.0484088590154651,0.8753913626761064,21.9999,Safe,Improved,0.6111100308611969,0.31294326921522125,0.43832657737110137,0.42051403537981313,11.0,5.5
11,6,Margaret Cho,0.1546889285615942,0.8753913626761073,0.0,Safe,Improved,0.0,1.0,0.5794859646201869,0.42051403537981313,2.5,3.5
11,6,Michael Bolton,0.1546889285615942,0.8753913626761064,0.0,Safe,Improved,0.0,1.0,0.5794859646201869,0.42051403537981313,2.5,3.5
11,6,Brandy,0.0434553840713471,0.875391362676107,35.9999,Safe,Improved,1.0,0.28092110065940495,0.583303870377593,0.42051403537981313,1.0,1.0
11,6,The Situation,0.1546889285615941,0.8753913626761065,0.0,Safe,Improved,0.0,0.9999999999999994,0.5794859646201865,0.42051403537981313,5.0,8.5
11,6,Audrina Patridge,0.0,0.9886719420614642,31.9998,Eliminated,Improved,0.8888858024605625,0.0,0.37378895578451454,0.42051403537981313,12.0,8.5
11,6,Bristol Palin,0.0318609970371881,0.8753913626761064,27.9998,Safe,Improved,0.7777743827066187,0.20596817971042872,0.4464207135875652,0.42051403537981313,10.0,12.0
12,2,Ralph Macchio,0.0928030303030303,0.0002000000000008,21.0,Safe,Improved,0.6666666666666666,0.669312169312179,0.6686246232394802,0.2598924154791504,4.0,4.0
12,2,Chelsea Kane,0.0886363636363636,0.0001999999999977,18.0,Safe,Improved,0.16666666666666666,0.17328042328042834,0.1715615580986866,0.2598924154791504,7.5,7.5
12,2,Kirstie Alley,0.0914141414141414,0.0001999999999988,20.0,Safe,Improved,0.5,0.5039682539682626,0.5029369348592161,0.2598924154791504,5.0,5.0
12,2,Hines Ward,0.095580808080808,0.0001999999999999,23.0,Safe,Improved,1.0,1.0,1.0,0.2598924154791504,2.0,2.0
12,2,Sugar Ray Leonard,0.087280808080808,0.0001999999999965,17.0,Safe,Improved,0.0,0.011904761904762239,0.008810804577629408,0.2598924154791504,9.5,9.5
12,2,Chris Jericho,0.095580808080808,0.0001999999999999,23.0,Safe,Improved,1.0,1.0,1.0,0.2598924154791504,2.0,2.0
12,2,Petra Nemcova,0.0886363636363636,0.0001999999999992,18.0,Safe,Improved,0.16666666666666666,0.17328042328042834,0.1715615580986866,0.2598924154791504,7.5,7.5
12,2,Mike Catherwood,0.087180808080808,0.8969764309764311,17.0,Eliminated,Improved,0.0,0.0,0.0,0.2598924154791504,11.0,11.0
12,2,Romeo,0.095580808080808,0.0001999999999999,23.0,Safe,Improved,1.0,1.0,1.0,0.2598924154791504,2.0,2.0
12,2,Wendy Williams,0.087280808080808,0.000199999999993,17.0,Safe,Improved,0.0,0.011904761904762239,0.008810804577629408,0.2598924154791504,9.5,9.5
12,2,Kendra Wilkinson,0.0900252525252525,0.0002000000000055,19.0,Safe,Improved,0.3333333333333333,0.33862433862434466,0.3372492464789507,0.2598924154791504,6.0,6.0
12,3,Ralph Macchio,0.0930756159728122,0.0701934579439251,21.0,Safe,Improved,0.84,0.7696153487690894,0.7887276777334083,0.2715411475382204,6.0,7.0
12,3,Chelsea Kane,0.0958793542905692,0.070193457943925,23.0,Safe,Improved,0.92,0.8095583634015469,0.83954781213949,0.2715411475382204,3.5,3.5
12,3,Kirstie Alley,0.0930756159728122,0.0701934579439254,21.0,Safe,Improved,0.84,0.7696153487690894,0.7887276777334083,0.2715411475382204,6.0,7.0
12,3,Hines Ward,0.0986830926083262,0.0701934579439255,25.0,Safe,Improved,1.0,0.8495013780340044,0.8903679465455716,0.2715411475382204,1.5,1.5
12,3,Sugar Ray Leonard,0.0916737468139337,0.0701934579439254,20.0,Safe,Improved,0.8,0.7496438414528606,0.7633176105303674,0.2715411475382204,8.5,9.5
12,3,Chris Jericho,0.0930756159728122,0.0701934579439251,21.0,Safe,Improved,0.84,0.7696153487690894,0.7887276777334083,0.2715411475382204,6.0,7.0
12,3,Petra Nemcova,0.0986830926083262,0.0701934579439255,25.0,Safe,Improved,1.0,0.8495013780340044,0.8903679465455716,0.2715411475382204,1.5,1.5
12,3,Mike Catherwood,0.109247111299915,0.0701934579439256,0.0,Safe,Improved,0.0,1.0,0.7284588524617797,0.2715411475382204,10.0,5.0
12,3,Romeo,0.0916737468139337,0.0701934579439251,20.0,Safe,Improved,0.8,0.7496438414528606,0.7633176105303674,0.2715411475382204,8.5,9.5
12,3,Wendy Williams,0.0390536533559898,0.8883661852166528,15.0,Eliminated,Improved,0.6,0.0,0.16292468852293224,0.2715411475382204,11.0,11.0
12,3,Kendra Wilkinson,0.0958793542905692,0.0701934579439255,23.0,Safe,Improved,0.92,0.8095583634015469,0.83954781213949,0.2715411475382204,3.5,3.5
12,4,Ralph Macchio,0.1000441306372381,0.2187466019417474,25.0,Safe,Improved,0.9615384615384616,0.9235575264895949,0.9347901974826678,0.2957449830716573,2.5,2.5
12,4,Chelsea Kane,0.1015004413168497,0.2187466019417476,26.0,Safe,Improved,1.0,0.9378292409030744,0.9562159309997468,0.2957449830716573,1.0,1.0
12,4,Kirstie Alley,0.0956751985984031,0.2187466019417479,22.0,Safe,Improved,0.8461538461538461,0.880742383249154,0.8705129969314287,0.2957449830716573,7.0,9.0
12,4,Hines Ward,0.1000441306372381,0.2187466019417473,25.0,Safe,Improved,0.9615384615384616,0.9235575264895949,0.9347901974826678,0.2957449830716573,2.5,2.5
12,4,Sugar Ray Leonard,0.0058027066502129,0.9202144748455428,21.0,Eliminated,Improved,0.8076923076923077,0.0,0.23887094786556937,0.2957449830716573,11.0,10.5
12,4,Chris Jericho,0.0971315092780148,0.2187466019417472,23.0,Safe,Improved,0.8846153846153846,0.8950140976626346,0.8919387304485087,0.2957449830716573,5.0,6.0
12,4,Petra Nemcova,0.0971315092780148,0.2187466019417474,23.0,Safe,Improved,0.8846153846153846,0.8950140976626346,0.8919387304485087,0.2957449830716573,5.0,6.0
12,4,Mike Catherwood,0.1078444542230285,0.2187466019417481,0.0,Safe,Improved,0.0,1.0,0.7042550169283427,0.2957449830716573,9.0,4.0
12,4,Romeo,0.0971315092780148,0.2187466019417477,23.0,Safe,Improved,0.8846153846153846,0.8950140976626346,0.8919387304485087,0.2957449830716573,5.0,6.0
12,4,Wendy Williams,0.1078444542230284,0.218746601941748,0.0,Safe,Improved,0.0,0.9999999999999989,0.7042550169283419,0.2957449830716573,10.0,8.0
12,4,Kendra Wilkinson,0.0898499558799565,0.2187466019417479,18.0,Safe,Improved,0.6923076923076923,0.8236555255952338,0.7848100628631111,0.2957449830716573,8.0,10.5
12,5,Ralph Macchio,0.0902369661266568,0.3407061855670097,22.0,Safe,Improved,0.8148148148148148,0.795024906608328,0.8018007710661671,0.34238988817634153,6.5,9.5
12,5,Chelsea Kane,0.0964225331369661,0.3407061855670105,26.0,Safe,Improved,0.9629629629629629,0.8495223043575857,0.8883632387721314,0.34238988817634153,3.0,3.0
12,5,Kirstie Alley,0.0917833578792341,0.3407061855670107,23.0,Safe,Improved,0.8518518518518519,0.8086492560456422,0.8234413879926581,0.34238988817634153,5.0,8.0
12,5,Hines Ward,0.0979689248895434,0.340706185567011,27.0,Safe,Improved,1.0,0.8631466537948999,0.9100038556986223,0.34238988817634153,1.0,1.0
12,5,Sugar Ray Leonard,0.1135020618556701,0.34070618556701,0.0,Safe,Improved,0.0,1.0,0.6576101118236585,0.34238988817634153,9.0,6.0
12,5,Chris Jericho,0.0964225331369661,0.3407061855670105,26.0,Safe,Improved,0.9629629629629629,0.8495223043575857,0.8883632387721314,0.34238988817634153,3.0,3.0
12,5,Petra Nemcova,1.3877787807814457e-17,0.9316747891283972,22.0,Eliminated,Improved,0.8148148148148148,0.0,0.27898435332887084,0.34238988817634153,11.0,11.0
12,5,Mike Catherwood,0.1135020618556701,0.3407061855670104,0.0,Safe,Improved,0.0,1.0,0.6576101118236585,0.34238988817634153,9.0,6.0
12,5,Romeo,0.0964225331369661,0.3407061855670104,26.0,Safe,Improved,0.9629629629629629,0.8495223043575857,0.8883632387721314,0.34238988817634153,3.0,3.0
12,5,Wendy Williams,0.1135020618556701,0.3407061855670106,0.0,Safe,Improved,0.0,1.0,0.6576101118236585,0.34238988817634153,9.0,6.0
12,5,Kendra Wilkinson,0.0902369661266568,0.3407061855670104,22.0,Safe,Improved,0.8148148148148148,0.795024906608328,0.8018007710661671,0.34238988817634153,6.5,9.5
12,6,Ralph Macchio,0.0812296296296296,0.48928888888889,24.0,Safe,Improved,0.8571428571428571,0.664062736548884,0.7452556372114766,0.42051403537981313,6.0,10.0
12,6,Chelsea Kane,0.0878962962962962,0.4892888888888881,28.0,Safe,Improved,1.0,0.7185635994792132,0.8369115559649787,0.42051403537981313,1.5,1.5
12,6,Kirstie Alley,0.0845629629629629,0.4892888888888886,26.0,Safe,Improved,0.9285714285714286,0.6913131680140486,0.7910835965882277,0.42051403537981313,4.0,7.0
12,6,Hines Ward,0.0862296296296296,0.4892888888888889,27.0,Safe,Improved,0.9642857142857143,0.7049383837466314,0.8139975762766034,0.42051403537981313,3.0,3.0
12,6,Sugar Ray Leonard,0.1223222222222221,0.4892888888888891,0.0,Safe,Improved,0.0,0.9999999999999992,0.5794859646201864,0.42051403537981313,10.0,8.0
12,6,Chris Jericho,2.775557561562892e-17,0.9404949494949494,22.0,Eliminated,Improved,0.7857142857142857,0.0,0.33040388494128176,0.42051403537981313,11.0,11.0
12,6,Petra Nemcova,0.1223222222222222,0.4892888888888888,0.0,Safe,Improved,0.0,1.0,0.5794859646201869,0.42051403537981313,8.0,5.0
12,6,Mike Catherwood,0.1223222222222222,0.489288888888889,0.0,Safe,Improved,0.0,1.0,0.5794859646201869,0.42051403537981313,8.0,5.0
12,6,Romeo,0.0878962962962962,0.4892888888888889,28.0,Safe,Improved,1.0,0.7185635994792132,0.8369115559649787,0.42051403537981313,1.5,1.5
12,6,Wendy Williams,0.1223222222222222,0.4892888888888889,0.0,Safe,Improved,0.0,1.0,0.5794859646201869,0.42051403537981313,8.0,5.0
12,6,Kendra Wilkinson,0.0828962962962962,0.4892888888888886,25.0,Safe,Improved,0.8928571428571429,0.677687952281466,0.768169616899852,0.42051403537981313,5.0,9.0
12,7,Ralph Macchio,0.0403244031830239,0.8150236074270564,33.0,Safe,Improved,1.0,0.24906410300519202,0.6433054489274662,0.525,1.5,1.5
12,7,Chelsea Kane,0.0387328912466844,0.8150236074270557,32.0,Safe,Improved,0.9696969696969697,0.2392341126877326,0.6227271126175822,0.525,3.0,4.0
12,7,Kirstie Alley,0.0355498673740053,0.8150236074270554,30.0,Safe,Improved,0.9090909090909091,0.21957413205281318,0.5815704399978135,0.525,4.5,10.0
12,7,Hines Ward,0.0403244031830239,0.8150236074270559,33.0,Safe,Improved,1.0,0.24906410300519202,0.6433054489274662,0.525,1.5,1.5
12,7,Sugar Ray Leonard,0.1619037135278515,0.8150236074270558,0.0,Safe,Improved,0.0,1.0,0.475,0.525,7.0,3.0
12,7,Chris Jericho,0.1619037135278514,0.8150236074270557,0.0,Safe,Improved,0.0,0.9999999999999994,0.4749999999999997,0.525,9.0,6.0
12,7,Petra Nemcova,0.1619037135278514,0.8150236074270558,0.0,Safe,Improved,0.0,0.9999999999999994,0.4749999999999997,0.525,9.0,6.0
12,7,Mike Catherwood,0.1619037135278514,0.8150236074270562,0.0,Safe,Improved,0.0,0.9999999999999994,0.4749999999999997,0.525,9.0,6.0
12,7,Romeo,0.0355498673740053,0.815023607427056,30.0,Safe,Improved,0.9090909090909091,0.21957413205281318,0.5815704399978135,0.525,4.5,10.0
12,7,Wendy Williams,0.1619037135278513,0.8150236074270558,0.0,Safe,Improved,0.0,0.9999999999999988,0.4749999999999994,0.525,11.0,8.0
12,7,Kendra Wilkinson,0.0,0.9800764408005788,30.5,Eliminated,Improved,0.9242424242424242,0.0,0.48522727272727273,0.525,6.0,10.0
13,1,Elisabetta Canalis,0.0790706605222734,4.440892098500626e-16,15.0,Safe,Improved,0.125,0.12500000000000236,0.12500000000000175,0.2544894141342379,11.0,11.0
13,1,David Arquette,0.0832181259600614,2.220446049250313e-16,18.0,Safe,Improved,0.5,0.4999999999999994,0.49999999999999956,0.2544894141342379,6.0,6.0
13,1,Ricki Lake,0.0859831029185867,3.3306690738754696e-16,20.0,Safe,Improved,0.75,0.7499999999999953,0.7499999999999964,0.2544894141342379,4.0,4.0
13,1,J.R. Martinez,0.0887480798771121,4.440892098500626e-16,22.0,Safe,Improved,1.0,1.0,1.0,0.2544894141342379,1.5,1.5
13,1,Metta World Peace (Ron),0.0776881720430107,0.8979411290322582,14.0,Eliminated,Improved,0.0,0.0,0.0,0.2544894141342379,12.0,12.0
13,1,Hope Solo,0.0873655913978494,2.220446049250313e-16,21.0,Safe,Improved,0.875,0.8749999999999977,0.8749999999999982,0.2544894141342379,3.0,3.0
13,1,Chynna Phillips,0.0887480798771121,4.440892098500626e-16,22.0,Safe,Improved,1.0,1.0,1.0,0.2544894141342379,1.5,1.5
13,1,Kristin Cavallari,0.0846006144393241,0.0,19.0,Safe,Improved,0.625,0.6250000000000018,0.6250000000000013,0.2544894141342379,5.0,5.0
13,1,Carson Kressley,0.0818356374807987,5.10702591327572e-15,17.0,Safe,Improved,0.375,0.374999999999997,0.3749999999999978,0.2544894141342379,7.5,7.5
13,1,Chaz Bono,0.0818356374807987,3.4416913763379853e-15,17.0,Safe,Improved,0.375,0.374999999999997,0.3749999999999978,0.2544894141342379,7.5,7.5
13,1,Nancy Grace,0.080453149001536,4.107825191113079e-15,16.0,Safe,Improved,0.25,0.24999999999999467,0.249999999999996,0.2544894141342379,9.5,9.5
13,1,Rob Kardashian,0.080453149001536,0.0,16.0,Safe,Improved,0.25,0.24999999999999467,0.249999999999996,0.2544894141342379,9.5,9.5
13,2,Elisabetta Canalis,0.0253236920777279,0.9275954035874442,21.0,Eliminated,Improved,0.9130434782608695,0.0,0.2372930750027025,0.2598924154791504,12.0,9.0
13,2,David Arquette,0.0825485799701046,0.1487820627802693,18.0,Safe,Improved,0.782608695652174,0.6070292023232471,0.6526609809531072,0.2598924154791504,9.5,10.5
13,2,Ricki Lake,0.0892750373692077,0.1487820627802693,23.0,Safe,Improved,1.0,0.678382003872078,0.7619680817473278,0.2598924154791504,1.0,1.0
13,2,J.R. Martinez,0.0879297458893871,0.1487820627802687,22.0,Safe,Improved,0.9565217391304348,0.664111443562312,0.7401066615884837,0.2598924154791504,3.5,2.5
13,2,Metta World Peace (Ron),0.1195940956651719,0.1487820627802685,0.0,Safe,Improved,0.0,1.0,0.7401075845208496,0.2598924154791504,2.0,7.0
13,2,Hope Solo,0.0838938714499252,0.1487820627802687,19.0,Safe,Improved,0.8260869565217391,0.6212997626330131,0.6745224011119512,0.2598924154791504,8.0,8.0
13,2,Chynna Phillips,0.0865844544095665,0.1487820627802698,21.0,Safe,Improved,0.9130434782608695,0.6498408832525461,0.7182452414296397,0.2598924154791504,6.0,5.0
13,2,Kristin Cavallari,0.0879297458893871,0.1487820627802691,22.0,Safe,Improved,0.9565217391304348,0.664111443562312,0.7401066615884837,0.2598924154791504,3.5,2.5
13,2,Carson Kressley,0.0825485799701046,0.1487820627802696,18.0,Safe,Improved,0.782608695652174,0.6070292023232471,0.6526609809531072,0.2598924154791504,9.5,10.5
13,2,Chaz Bono,0.0812032884902839,0.1487820627802681,17.0,Safe,Improved,0.7391304347826086,0.5927586420134799,0.6307995607942625,0.2598924154791504,11.0,12.0
13,2,Nancy Grace,0.0865844544095665,0.1487820627802698,21.0,Safe,Improved,0.9130434782608695,0.6498408832525461,0.7182452414296397,0.2598924154791504,6.0,5.0
13,2,Rob Kardashian,0.0865844544095665,0.1487820627802677,21.0,Safe,Improved,0.9130434782608695,0.6498408832525461,0.7182452414296397,0.2598924154791504,6.0,5.0
13,3,Elisabetta Canalis,0.102248523206751,0.2455257383966252,0.0,Safe,Improved,0.0,1.0,0.7284588524617797,0.2715411475382204,10.5,7.5
13,3,David Arquette,0.0887130801687763,0.2455257383966246,24.0,Safe,Improved,0.8888888888888888,0.8664693615055131,0.8725571856984596,0.2715411475382204,5.0,5.0
13,3,Ricki Lake,0.0925105485232067,0.2455257383966236,27.0,Safe,Improved,1.0,0.9039323667877971,0.9300186821515195,0.2715411475382204,1.0,1.0
13,3,J.R. Martinez,0.0912447257383966,0.2455257383966246,26.0,Safe,Improved,0.9629629629629629,0.8914446983603694,0.9108648500004998,0.2715411475382204,2.5,2.5
13,3,Metta World Peace (Ron),0.102248523206751,0.2455257383966248,0.0,Safe,Improved,0.0,1.0,0.7284588524617797,0.2715411475382204,10.5,7.5
13,3,Hope Solo,0.0887130801687763,0.2455257383966245,24.0,Safe,Improved,0.8888888888888888,0.8664693615055131,0.8725571856984596,0.2715411475382204,5.0,5.0
13,3,Chynna Phillips,0.0912447257383966,0.2455257383966245,26.0,Safe,Improved,0.9629629629629629,0.8914446983603694,0.9108648500004998,0.2715411475382204,2.5,2.5
13,3,Kristin Cavallari,0.0008827004219409,0.9346908227848104,24.0,Eliminated,Improved,0.8888888888888888,0.0,0.24136990892286256,0.2715411475382204,12.0,10.0
13,3,Carson Kressley,0.0874472573839662,0.245525738396624,23.0,Safe,Improved,0.8518518518518519,0.8539816930780856,0.8534033535474399,0.2715411475382204,7.0,9.0
13,3,Chaz Bono,0.0811181434599156,0.245525738396624,18.0,Safe,Improved,0.6666666666666666,0.7915433509409462,0.7576341927923402,0.2715411475382204,9.0,12.0
13,3,Nancy Grace,0.0849156118143459,0.2455257383966238,21.0,Safe,Improved,0.7777777777777778,0.8290063562232292,0.8150956892453995,0.2715411475382204,8.0,11.0
13,3,Rob Kardashian,0.0887130801687763,0.2455257383966244,24.0,Safe,Improved,0.8888888888888888,0.8664693615055131,0.8725571856984596,0.2715411475382204,5.0,5.0
13,4,Elisabetta Canalis,0.1005784688995214,0.3068200956937793,0.0,Safe,Improved,0.0,0.999999999999999,0.704255016928342,0.2957449830716573,11.0,8.0
13,4,David Arquette,0.0865653708133971,0.3068200956937796,23.0,Safe,Improved,0.7931034482758621,0.8606749711001908,0.8406910322263835,0.2957449830716573,5.0,7.0
13,4,Ricki Lake,0.0951778110047846,0.3068200956937802,29.0,Safe,Improved,1.0,0.9463040355075181,0.9621843476173635,0.2957449830716573,1.0,1.0
13,4,J.R. Martinez,0.0908715909090909,0.3068200956937801,26.0,Safe,Improved,0.896551724137931,0.9034895033038549,0.9014376899218739,0.2957449830716573,2.0,2.0
13,4,Metta World Peace (Ron),0.1005784688995215,0.30682009569378,0.0,Safe,Improved,0.0,1.0,0.7042550169283427,0.2957449830716573,9.5,5.5
13,4,Hope Solo,0.0880007775119617,0.3068200956937799,24.0,Safe,Improved,0.8275862068965517,0.8749464818347454,0.8609399181248804,0.2957449830716573,3.5,3.5
13,4,Chynna Phillips,1.3877787807814457e-17,0.9339034688995214,21.0,Eliminated,Improved,0.7241379310344828,0.0,0.21416016015533806,0.2957449830716573,12.0,11.0
13,4,Kristin Cavallari,0.1005784688995215,0.3068200956937801,0.0,Safe,Improved,0.0,1.0,0.7042550169283427,0.2957449830716573,9.5,5.5
13,4,Carson Kressley,0.0822591507177033,0.3068200956937811,20.0,Safe,Improved,0.6896551724137931,0.8178604388965265,0.7799443745308933,0.2957449830716573,8.0,12.0
13,4,Chaz Bono,0.0836945574162679,0.3068200956937801,21.0,Safe,Improved,0.7241379310344828,0.8321319496310812,0.80019326042939,0.2957449830716573,6.5,9.5
13,4,Nancy Grace,0.0836945574162679,0.3068200956937801,21.0,Safe,Improved,0.7241379310344828,0.8321319496310812,0.80019326042939,0.2957449830716573,6.5,9.5
13,4,Rob Kardashian,0.0880007775119617,0.30682009569378,24.0,Safe,Improved,0.8275862068965517,0.8749464818347454,0.8609399181248804,0.2957449830716573,3.5,3.5
13,5,Elisabetta Canalis,0.101163829787234,0.4046553191489356,0.0,Safe,Improved,0.0,1.0,0.6576101118236585,0.34238988817634153,9.5,6.5
13,5,David Arquette,0.0864170212765957,0.4046553191489361,25.0,Safe,Improved,0.8928571428571429,0.8542284476412813,0.8674545222766381,0.34238988817634153,2.5,2.5
13,5,Ricki Lake,0.0848212765957446,0.4046553191489371,24.0,Safe,Improved,0.8571428571428571,0.8384545817822361,0.8448532582931678,0.34238988817634153,4.5,6.5
13,5,J.R. Martinez,0.0912042553191489,0.4046553191489366,28.0,Safe,Improved,1.0,0.9015500452184155,0.9352583142270481,0.34238988817634153,1.0,1.0
13,5,Metta World Peace (Ron),0.101163829787234,0.4046553191489359,0.0,Safe,Improved,0.0,1.0,0.6576101118236585,0.34238988817634153,9.5,6.5
13,5,Hope Solo,0.0848212765957446,0.4046553191489357,24.0,Safe,Improved,0.8571428571428571,0.8384545817822361,0.8448532582931678,0.34238988817634153,4.5,6.5
13,5,Chynna Phillips,0.101163829787234,0.4046553191489368,0.0,Safe,Improved,0.0,1.0,0.6576101118236585,0.34238988817634153,9.5,6.5
13,5,Kristin Cavallari,0.101163829787234,0.4046553191489359,0.0,Safe,Improved,0.0,1.0,0.6576101118236585,0.34238988817634153,9.5,6.5
13,5,Carson Kressley,0.0,0.9344888297872336,19.0,Eliminated,Improved,0.6785714285714286,0.0,0.23233599554823176,0.34238988817634153,12.0,12.0
13,5,Chaz Bono,0.0800340425531915,0.4046553191489362,21.0,Safe,Improved,0.75,0.7911329842051028,0.7770494663427584,0.34238988817634153,7.0,11.0
13,5,Nancy Grace,0.0816297872340425,0.4046553191489362,22.0,Safe,Improved,0.7857142857142857,0.806906850064147,0.7996507303262281,0.34238988817634153,6.0,10.0
13,5,Rob Kardashian,0.0864170212765957,0.4046553191489367,25.0,Safe,Improved,0.8928571428571429,0.8542284476412813,0.8674545222766381,0.34238988817634153,2.5,2.5
13,6,Elisabetta Canalis,0.1145578313253012,0.5727891566265051,0.0,Safe,Improved,0.0,1.0,0.5794859646201869,0.42051403537981313,9.0,6.5
13,6,David Arquette,0.0684909638554216,0.5727891566265062,23.0,Safe,Improved,0.7931034482758621,0.5978723851792634,0.6799697873535051,0.42051403537981313,4.0,6.5
13,6,Ricki Lake,0.0793343373493975,0.5727891566265063,29.0,Safe,Improved,1.0,0.6925265294532137,0.821823439325079,0.42051403537981313,1.5,1.5
13,6,J.R. Martinez,0.0793343373493975,0.5727891566265058,29.0,Safe,Improved,1.0,0.6925265294532137,0.821823439325079,0.42051403537981313,1.5,1.5
13,6,Metta World Peace (Ron),0.1145578313253012,0.5727891566265064,0.0,Safe,Improved,0.0,1.0,0.5794859646201869,0.42051403537981313,9.0,6.5
13,6,Hope Solo,0.0630692771084337,0.572789156626506,20.0,Safe,Improved,0.6896551724137931,0.5505453130422888,0.6090429613677184,0.42051403537981313,6.0,11.0
13,6,Chynna Phillips,0.1145578313253012,0.5727891566265051,0.0,Safe,Improved,0.0,1.0,0.5794859646201869,0.42051403537981313,9.0,6.5
13,6,Kristin Cavallari,0.1145578313253012,0.5727891566265061,0.0,Safe,Improved,0.0,1.0,0.5794859646201869,0.42051403537981313,9.0,6.5
13,6,Carson Kressley,0.1145578313253012,0.5727891566265061,0.0,Safe,Improved,0.0,1.0,0.5794859646201869,0.42051403537981313,9.0,6.5
13,6,Chaz Bono,5.551115123125783e-17,0.9494875903614456,19.0,Eliminated,Improved,0.6551724137931034,0.0,0.27550919559367065,0.42051403537981313,12.0,12.0
13,6,Nancy Grace,0.0702981927710843,0.5727891566265062,24.0,Safe,Improved,0.8275862068965517,0.613648075891589,0.703612062682101,0.42051403537981313,3.0,3.0
13,6,Rob Kardashian,0.066683734939759,0.572789156626507,22.0,Safe,Improved,0.7586206896551724,0.5820966944669389,0.6563275120249097,0.42051403537981313,5.0,10.0
13,7,Elisabetta Canalis,0.1605095563139934,0.9733962457337868,0.0,Safe,Improved,0.0,1.0,0.475,0.525,5.0,2.0
13,7,David Arquette,1.1102230246251563e-16,0.9966759196056124,23.5,Eliminated,Improved,0.8867924528301887,0.0,0.4655660377358491,0.525,12.0,12.0
13,7,Ricki Lake,0.00921066552901,0.9733962457337888,26.5,Safe,Improved,1.0,0.05738390747895239,0.5522573560525024,0.525,1.0,1.0
13,7,J.R. Martinez,0.0040912116040953,0.9733962457337886,24.0,Safe,Improved,0.9056603773584906,0.025488897346970706,0.48757892435301864,0.525,4.0,10.0
13,7,Metta World Peace (Ron),0.1605095563139933,0.9733962457337888,0.0,Safe,Improved,0.0,0.9999999999999993,0.47499999999999964,0.525,6.0,4.0
13,7,Hope Solo,0.0061389931740612,0.9733962457337878,25.0,Safe,Improved,0.9433962264150944,0.0382469013997635,0.5134502970328122,0.525,3.0,6.5
13,7,Chynna Phillips,0.160509556313993,0.973396245733788,0.0,Safe,Improved,0.0,0.9999999999999974,0.47499999999999876,0.525,10.0,11.0
13,7,Kristin Cavallari,0.1605095563139932,0.9733962457337876,0.0,Safe,Improved,0.0,0.9999999999999987,0.47499999999999937,0.525,7.5,6.5
13,7,Carson Kressley,0.1605095563139931,0.9733962457337872,0.0,Safe,Improved,0.0,0.9999999999999981,0.4749999999999991,0.525,9.0,9.0
13,7,Chaz Bono,0.1605095563139932,0.9733962457337884,0.0,Safe,Improved,0.0,0.9999999999999987,0.47499999999999937,0.525,7.5,6.5
13,7,Nancy Grace,0.0103389078498293,0.9733962457337888,22.0,Safe,Improved,0.8301886792452831,0.06441303612854009,0.4664452487648301,0.525,11.0,6.5
13,7,Rob Kardashian,0.0071628839590442,0.9733962457337898,25.5,Safe,Improved,0.9622641509433962,0.04462590342616021,0.5263859833727091,0.525,2.0,3.0
14,2,William Levy,0.0862143742255266,1.63202784619898e-14,25.0,Safe,Improved,0.8888888888888888,0.8888888888888922,0.8888888888888913,0.2598924154791504,3.5,3.5
14,2,Jack Wagner,0.0817534076827757,0.0,21.0,Safe,Improved,0.4444444444444444,0.4444444444444509,0.4444444444444492,0.2598924154791504,8.5,8.5
14,2,Sherri Sheperd,0.0839838909541511,0.0,23.0,Safe,Improved,0.6666666666666666,0.6666666666666666,0.6666666666666666,0.2598924154791504,6.0,6.0
14,2,Jaleel White,0.0828686493184634,2.220446049250313e-15,22.0,Safe,Improved,0.5555555555555556,0.5555555555555588,0.5555555555555579,0.2598924154791504,7.0,7.0
14,2,Roshon Fegan,0.0873296158612143,2.220446049250313e-16,26.0,Safe,Improved,1.0,1.0,1.0,0.2598924154791504,1.5,1.5
14,2,Melissa Gilbert,0.0806381660470879,0.0,20.0,Safe,Improved,0.3333333333333333,0.3333333333333333,0.3333333333333333,0.2598924154791504,10.0,10.0
14,2,Martina Navratilova,0.0772924411400247,0.8966220260223048,17.0,Eliminated,Improved,0.0,0.0,0.0,0.2598924154791504,12.0,12.0
14,2,Donald Driver,0.0850991325898389,0.0,24.0,Safe,Improved,0.7777777777777778,0.7777777777777842,0.7777777777777825,0.2598924154791504,5.0,5.0
14,2,Gavin DeGraw,0.0817534076827757,1.1102230246251563e-16,21.0,Safe,Improved,0.4444444444444444,0.4444444444444509,0.4444444444444492,0.2598924154791504,8.5,8.5
14,2,Gladys Knight,0.0795229244114002,0.0,19.0,Safe,Improved,0.2222222222222222,0.22222222222222546,0.2222222222222246,0.2598924154791504,11.0,11.0
14,2,Katherine Jenkins,0.0873296158612143,3.3306690738754696e-16,26.0,Safe,Improved,1.0,1.0,1.0,0.2598924154791504,1.5,1.5
14,2,Maria Menounos,0.0862143742255266,1.0325074129013956e-14,25.0,Safe,Improved,0.8888888888888888,0.8888888888888922,0.8888888888888913,0.2598924154791504,3.5,3.5
14,3,William Levy,0.0883333333284826,0.0862142857142866,28.0,Safe,Improved,0.9655172413793104,0.6997669382325167,0.771929080507627,0.2715411475382204,2.0,2.0
14,3,Jack Wagner,0.0282833333575865,0.9191392857142856,24.0,Eliminated,Improved,0.8275862068965517,0.0,0.22472370830749275,0.2715411475382204,12.0,12.0
14,3,Sherri Sheperd,0.0840476190427684,0.0862142857142862,24.0,Safe,Improved,0.8275862068965517,0.6498252035896012,0.698094630415116,0.2715411475382204,9.5,9.5
14,3,Jaleel White,0.0851190476141969,0.086214285714286,25.0,Safe,Improved,0.8620689655172413,0.6623106372503295,0.7165532429382433,0.2715411475382204,6.5,5.5
14,3,Roshon Fegan,0.0851190476141969,0.0862142857142862,25.0,Safe,Improved,0.8620689655172413,0.6623106372503295,0.7165532429382433,0.2715411475382204,6.5,5.5
14,3,Melissa Gilbert,0.0840476190427684,0.086214285714286,24.0,Safe,Improved,0.8275862068965517,0.6498252035896012,0.698094630415116,0.2715411475382204,9.5,9.5
14,3,Martina Navratilova,0.1140976190718722,0.0862142857142864,0.0,Safe,Improved,0.0,1.0,0.7284588524617797,0.2715411475382204,5.0,7.0
14,3,Donald Driver,0.0861904761856255,0.0862142857142858,26.0,Safe,Improved,0.896551724137931,0.674796070911059,0.7350118554613716,0.2715411475382204,4.0,4.0
14,3,Gavin DeGraw,0.0840476190427684,0.0862142857142858,24.0,Safe,Improved,0.8275862068965517,0.6498252035896012,0.698094630415116,0.2715411475382204,9.5,9.5
14,3,Gladys Knight,0.0840476190427684,0.0862142857142858,24.0,Safe,Improved,0.8275862068965517,0.6498252035896012,0.698094630415116,0.2715411475382204,9.5,9.5
14,3,Katherine Jenkins,0.0894047618999112,0.0862142857142859,29.0,Safe,Improved,1.0,0.7122523718932462,0.7903876930307552,0.2715411475382204,1.0,1.0
14,3,Maria Menounos,0.0872619047570541,0.0862142857142853,27.0,Safe,Improved,0.9310344827586207,0.6872815045717884,0.7534704679844997,0.2715411475382204,3.0,3.0
14,4,William Levy,0.086659513590844,0.1848493562231761,22.0,Safe,Improved,0.8148148148148148,0.8807148893529246,0.8612252729242303,0.2957449830716573,7.0,9.0
14,4,Jack Wagner,0.0974224606580829,0.1848493562231764,0.0,Safe,Improved,0.0,1.0,0.7042550169283427,0.2957449830716573,10.5,6.5
14,4,Sherri Sheperd,0.007193705293276,0.9235537553648072,21.0,Eliminated,Improved,0.7777777777777778,0.0,0.23002387572240013,0.2957449830716573,12.0,11.5
14,4,Jaleel White,0.086659513590844,0.1848493562231761,22.0,Safe,Improved,0.8148148148148148,0.8807148893529246,0.8612252729242303,0.2957449830716573,7.0,9.0
14,4,Roshon Fegan,0.0918097281831187,0.1848493562231763,26.0,Safe,Improved,0.9629629629629629,0.9377944154025933,0.9452378870747731,0.2957449830716573,2.5,2.5
14,4,Melissa Gilbert,0.086659513590844,0.1848493562231761,22.0,Safe,Improved,0.8148148148148148,0.8807148893529246,0.8612252729242303,0.2957449830716573,7.0,9.0
14,4,Martina Navratilova,0.0974224606580829,0.1848493562231762,0.0,Safe,Improved,0.0,1.0,0.7042550169283427,0.2957449830716573,10.5,6.5
14,4,Donald Driver,0.0930972818311874,0.1848493562231762,27.0,Safe,Improved,1.0,0.9520642969150109,0.966241040612409,0.2957449830716573,1.0,1.0
14,4,Gavin DeGraw,0.0879470672389127,0.184849356223176,23.0,Safe,Improved,0.8518518518518519,0.894984770865342,0.8822284264618662,0.2957449830716573,5.0,5.0
14,4,Gladys Knight,0.0840844062947067,0.1848493562231756,20.0,Safe,Improved,0.7407407407407407,0.8521751263280907,0.8192189658489594,0.2957449830716573,9.0,11.5
14,4,Katherine Jenkins,0.0892346208869813,0.184849356223176,24.0,Safe,Improved,0.8888888888888888,0.9092546523777584,0.9032315799995013,0.2957449830716573,4.0,4.0
14,4,Maria Menounos,0.0918097281831187,0.1848493562231763,26.0,Safe,Improved,0.9629629629629629,0.9377944154025933,0.9452378870747731,0.2957449830716573,2.5,2.5
14,5,William Levy,0.097172619047619,0.2547642857142871,29.0,Safe,Improved,1.0,1.0,1.0,0.34238988817634153,1.5,1.5
14,5,Jack Wagner,0.0859252976190475,0.2547642857142854,0.0,Safe,Improved,0.0,0.8830459850151792,0.5806999689512646,0.34238988817634153,11.0,12.0
14,5,Sherri Sheperd,0.0859252976190476,0.2547642857142859,0.0,Safe,Improved,0.0,0.8830459850151802,0.5806999689512653,0.34238988817634153,9.5,9.5
14,5,Jaleel White,0.0904761904761904,0.2547642857142865,24.0,Safe,Improved,0.8275862068965517,0.9303679358270894,0.8951765111519916,0.34238988817634153,6.0,6.0
14,5,Roshon Fegan,0.0931547619047619,0.2547642857142855,26.0,Safe,Improved,0.896551724137931,0.9582207614962543,0.9371059066911953,0.34238988817634153,5.0,5.0
14,5,Melissa Gilbert,0.0864583333333333,0.2547642857142856,21.0,Safe,Improved,0.7241379310344828,0.8885886973233437,0.8322824178431869,0.34238988817634153,8.0,8.0
14,5,Martina Navratilova,0.0859252976190476,0.2547642857142863,0.0,Safe,Improved,0.0,0.8830459850151802,0.5806999689512653,0.34238988817634153,9.5,9.5
14,5,Donald Driver,0.0944940476190476,0.2547642857142862,27.0,Safe,Improved,0.9310344827586207,0.9721471743308362,0.9580706044607968,0.34238988817634153,3.5,3.5
14,5,Gavin DeGraw,0.001003869047619,0.918246428571428,19.0,Eliminated,Improved,0.6551724137931034,0.0,0.22432440949484445,0.34238988817634153,12.0,11.0
14,5,Gladys Knight,0.087797619047619,0.2547642857142859,22.0,Safe,Improved,0.7586206896551724,0.9025151101579256,0.8532471156127885,0.34238988817634153,7.0,7.0
14,5,Katherine Jenkins,0.097172619047619,0.254764285714286,29.0,Safe,Improved,1.0,1.0,1.0,0.34238988817634153,1.5,1.5
14,5,Maria Menounos,0.0944940476190476,0.2547642857142849,27.0,Safe,Improved,0.9310344827586207,0.9721471743308362,0.9580706044607968,0.34238988817634153,3.5,3.5
14,6,William Levy,0.0926338672125964,0.3724940328132665,36.0,Safe,Improved,0.9230792899468974,0.9637100718861832,0.9466242578122569,0.42051403537981313,3.0,3.0
14,6,Jack Wagner,0.0931235082033168,0.3724940328132676,0.0,Safe,Improved,0.0,0.9688040182857504,0.5614083310642312,0.42051403537981313,10.0,8.0
14,6,Sherri Sheperd,0.0931235082033169,0.3724940328132679,0.0,Safe,Improved,0.0,0.9688040182857514,0.5614083310642318,0.42051403537981313,8.0,5.0
14,6,Jaleel White,0.0937964285063674,0.3724940328132683,36.9998,Safe,Improved,0.9487152531160338,0.9758046984164658,0.9644132064569804,0.42051403537981313,2.0,2.0
14,6,Roshon Fegan,0.0833312838334943,0.3724940328132677,27.9998,Safe,Improved,0.7179454306293094,0.8669312849612362,0.8042806421416087,0.42051403537981313,7.0,11.0
14,6,Melissa Gilbert,0.0856571040973477,0.3724940328132673,30.0,Safe,Improved,0.7692327416224145,0.8911277962493638,0.8398692149353426,0.42051403537981313,5.0,6.0
14,6,Martina Navratilova,0.0931235082033168,0.3724940328132671,0.0,Safe,Improved,0.0,0.9688040182857504,0.5614083310642312,0.42051403537981313,10.0,8.0
14,6,Donald Driver,0.0903081632281283,0.3724940328132676,33.9999,Safe,Improved,0.8717945430629309,0.9395147703026501,0.9110374642692378,0.42051403537981313,4.0,4.0
14,6,Gavin DeGraw,0.0931235082033168,0.3724940328132671,0.0,Safe,Improved,0.0,0.9688040182857504,0.5614083310642312,0.42051403537981313,10.0,8.0
14,6,Gladys Knight,1.3877787807814457e-17,0.9264485082033164,24.0,Eliminated,Improved,0.6153861932979315,0.0,0.25877853146073493,0.42051403537981313,12.0,12.0
14,6,Katherine Jenkins,0.0961221324908356,0.3724940328132677,38.9999,Safe,Improved,1.0,1.0,1.0,0.42051403537981313,1.0,1.0
14,6,Maria Menounos,0.0856569878179625,0.3724940328132673,29.9999,Safe,Improved,0.7692301775132757,0.8911265865447704,0.8398674356846283,0.42051403537981313,6.0,10.0
14,7,William Levy,0.0510519981834695,0.7063220708446845,26.5,Safe,Improved,0.9298245614035088,0.36711000776565317,0.6625351484255274,0.525,3.5,3.5
14,7,Jack Wagner,0.1390645776566757,0.7063220708446868,0.0,Safe,Improved,0.0,1.0,0.475,0.525,8.5,6.5
14,7,Sherri Sheperd,0.1390645776566756,0.7063220708446865,0.0,Safe,Improved,0.0,0.9999999999999992,0.4749999999999996,0.525,11.0,9.5
14,7,Jaleel White,0.0,0.9723895776566754,25.5,Eliminated,Improved,0.8947368421052632,0.0,0.4697368421052632,0.525,12.0,11.5
14,7,Roshon Fegan,0.0502345594913715,0.7063220708446862,26.0,Safe,Improved,0.9122807017543859,0.3612318847678895,0.6505325136858001,0.525,5.0,9.5
14,7,Melissa Gilbert,0.046147366030881,0.7063220708446862,23.5,Safe,Improved,0.8245614035087719,0.33184126977906747,0.5905193399871623,0.525,6.0,11.5
14,7,Martina Navratilova,0.1390645776566757,0.7063220708446868,0.0,Safe,Improved,0.0,1.0,0.475,0.525,8.5,6.5
14,7,Donald Driver,0.0510519981834695,0.7063220708446872,26.5,Safe,Improved,0.9298245614035088,0.36711000776565317,0.6625351484255274,0.525,3.5,3.5
14,7,Gavin DeGraw,0.1390645776566757,0.7063220708446867,0.0,Safe,Improved,0.0,1.0,0.475,0.525,8.5,6.5
14,7,Gladys Knight,0.1390645776566757,0.706322070844686,0.0,Safe,Improved,0.0,1.0,0.475,0.525,8.5,6.5
14,7,Katherine Jenkins,0.0518694368755676,0.7063220708446866,27.0,Safe,Improved,0.9473684210526315,0.37298813076341764,0.6745377831652549,0.525,2.0,2.0
14,7,Maria Menounos,0.0543217529518619,0.7063220708446869,28.5,Safe,Improved,1.0,0.3906224997567108,0.7105456873844377,0.525,1.0,1.0
15,1,Gilles Marini,0.0798859368479621,6.994405055138486e-15,24.0,Safe,Improved,0.9333333333333333,0.9333333333333256,0.9333333333333276,0.2544894141342379,2.0,2.0
15,1,Sabrina Bryan,0.0782584504103491,0.0,22.5,Safe,Improved,0.7333333333333333,0.733333333333328,0.7333333333333292,0.2544894141342379,3.0,3.0
15,1,Kirstie Alley,0.0744609820559187,0.0,19.0,Safe,Improved,0.26666666666666666,0.2666666666666584,0.2666666666666605,0.2544894141342379,12.0,12.0
15,1,Kelly Monaco,0.0771734594519404,0.0,21.5,Safe,Improved,0.6,0.5999999999999929,0.5999999999999946,0.2544894141342379,7.0,7.0
15,1,Apolo Anton Ohno,0.0777159549311448,2.886579864025407e-15,22.0,Safe,Improved,0.6666666666666666,0.6666666666666672,0.666666666666667,0.2544894141342379,4.5,4.5
15,1,Emmitt Smith,0.0804284323271665,0.0,24.5,Safe,Improved,1.0,1.0,1.0,0.2544894141342379,1.0,1.0
15,1,Shawn Johnson,0.0777159549311448,0.0,22.0,Safe,Improved,0.6666666666666666,0.6666666666666672,0.666666666666667,0.2544894141342379,4.5,4.5
15,1,Pamela Anderson,0.0722910001391014,0.9077289748226456,17.0,Eliminated,Improved,0.0,0.0,0.0,0.2544894141342379,13.0,13.0
15,1,Helio Castroneves,0.0771734594519404,0.0,21.5,Safe,Improved,0.6,0.5999999999999929,0.5999999999999946,0.2544894141342379,7.0,7.0
15,1,Joey Fatone,0.0760884684935317,0.0,20.5,Safe,Improved,0.4666666666666667,0.46666666666665596,0.4666666666666587,0.2544894141342379,10.0,10.0
15,1,Drew Lachey,0.0771734594519404,0.0,21.5,Safe,Improved,0.6,0.5999999999999929,0.5999999999999946,0.2544894141342379,7.0,7.0
15,1,Bristol Palin,0.0750034775351231,0.0,19.5,Safe,Improved,0.3333333333333333,0.33333333333333276,0.33333333333333287,0.2544894141342379,11.0,11.0
15,1,Melissa Rycroft,0.0766309639727361,1.5987211554602254e-14,21.0,Safe,Improved,0.5333333333333333,0.5333333333333303,0.5333333333333311,0.2544894141342379,9.0,9.0
15,2,Gilles Marini,0.0815635451505016,0.1056724637681159,25.5,Safe,Improved,0.9807692307692307,0.6897672188781756,0.7653964346578342,0.2598924154791504,2.0,2.0
15,2,Sabrina Bryan,0.0821070234113712,0.105672463768116,26.0,Safe,Improved,1.0,0.6964257177861823,0.7753223712680806,0.2598924154791504,1.0,1.0
15,2,Kirstie Alley,0.0766722408026756,0.1056724637681157,21.0,Safe,Improved,0.8076923076923077,0.629840728706121,0.6760630051656219,0.2598924154791504,11.0,12.0
15,2,Kelly Monaco,0.0777591973244147,0.1056724637681164,22.0,Safe,Improved,0.8461538461538461,0.6431577265221331,0.6959148783861135,0.2598924154791504,10.0,10.0
15,2,Apolo Anton Ohno,0.0804765886287625,0.1056724637681161,24.5,Safe,Improved,0.9423076923076923,0.6764502210621637,0.7455445614373428,0.2598924154791504,4.0,4.0
15,2,Emmitt Smith,0.0783026755852843,0.1056724637681166,22.5,Safe,Improved,0.8653846153846154,0.6498162254301396,0.7058408149963598,0.2598924154791504,8.0,8.0
15,2,Shawn Johnson,0.0810200668896321,0.105672463768116,25.0,Safe,Improved,0.9615384615384616,0.6831087199701703,0.755470498047589,0.2598924154791504,3.0,3.0
15,2,Pamela Anderson,0.1068852842809364,0.105672463768116,0.0,Safe,Improved,0.0,1.0,0.7401075845208496,0.2598924154791504,5.0,7.0
15,2,Helio Castroneves,0.0788461538461538,0.105672463768116,23.0,Safe,Improved,0.8846153846153846,0.6564747243381451,0.7157667516066051,0.2598924154791504,7.0,6.0
15,2,Joey Fatone,0.0252635451505017,0.9277678929765888,22.5,Eliminated,Improved,0.8653846153846154,0.0,0.2249068980108032,0.2598924154791504,13.0,11.0
15,2,Drew Lachey,0.0783026755852842,0.1056724637681156,22.5,Safe,Improved,0.8653846153846154,0.6498162254301384,0.7058408149963589,0.2598924154791504,9.0,9.0
15,2,Bristol Palin,0.0734113712374582,0.1056724637681155,18.0,Safe,Improved,0.6923076923076923,0.5898897352580837,0.6165073855041463,0.2598924154791504,12.0,13.0
15,2,Melissa Rycroft,0.0793896321070234,0.1056724637681146,23.5,Safe,Improved,0.9038461538461539,0.6631332232461518,0.7256926882168513,0.2598924154791504,6.0,5.0
15,3,Gilles Marini,0.0813641394710971,0.207734532374101,25.5,Safe,Improved,0.9444444444444444,0.8664488655315004,0.8876278745324291,0.2715411475382204,5.0,5.0
15,3,Sabrina Bryan,0.0813641394710971,0.2077345323741007,25.5,Safe,Improved,0.9444444444444444,0.8664488655315004,0.8876278745324291,0.2715411475382204,5.0,5.0
15,3,Kirstie Alley,0.0797454344351259,0.2077345323741009,24.0,Safe,Improved,0.8888888888888888,0.8488210245111228,0.8597010983836673,0.2715411475382204,8.5,11.5
15,3,Kelly Monaco,0.0829828445070684,0.2077345323741009,27.0,Safe,Improved,1.0,0.884076706551879,0.9155546506811916,0.2715411475382204,1.0,1.0
15,3,Apolo Anton Ohno,0.0813641394710971,0.2077345323741009,25.5,Safe,Improved,0.9444444444444444,0.8664488655315004,0.8876278745324291,0.2715411475382204,5.0,5.0
15,3,Emmitt Smith,0.0808245711257734,0.2077345323741019,25.0,Safe,Improved,0.9259259259259259,0.8605729185247083,0.8783189491495088,0.2715411475382204,7.0,9.0
15,3,Shawn Johnson,0.0824432761617446,0.2077345323741011,26.5,Safe,Improved,0.9814814814814815,0.8782007595450858,0.9062457252982706,0.2715411475382204,3.0,3.0
15,3,Pamela Anderson,0.093627688573561,0.207734532374101,0.0,Safe,Improved,0.0,1.0,0.7284588524617797,0.2715411475382204,11.5,7.5
15,3,Helio Castroneves,0.001801069868525,0.9379727725511896,25.5,Eliminated,Improved,0.9444444444444444,0.0,0.25645552823054146,0.2715411475382204,13.0,10.0
15,3,Joey Fatone,0.093627688573561,0.2077345323741009,0.0,Safe,Improved,0.0,1.0,0.7284588524617797,0.2715411475382204,11.5,7.5
15,3,Drew Lachey,0.0797454344351259,0.2077345323741013,24.0,Eliminated,Improved,0.8888888888888888,0.8488210245111228,0.8597010983836673,0.2715411475382204,8.5,11.5
15,3,Bristol Palin,0.0781267293991547,0.2077345323741007,22.5,Safe,Improved,0.8333333333333334,0.8311931834907453,0.8317743222349054,0.2715411475382204,10.0,13.0
15,3,Melissa Rycroft,0.0829828445070683,0.2077345323740996,27.0,Safe,Improved,1.0,0.884076706551878,0.9155546506811909,0.2715411475382204,2.0,2.0
15,4,Gilles Marini,0.0782742612752721,0.4048545878693639,39.5,Safe,Improved,1.0,0.7856224137312044,0.8490235093532121,0.2957449830716573,1.5,1.5
15,4,Sabrina Bryan,0.0745417573872472,0.4048545878693623,35.5,Safe,Improved,0.8987341772151899,0.7481600516980594,0.7926915939001529,0.2957449830716573,6.0,10.0
15,4,Kirstie Alley,0.069409564541213,0.4048545878693629,30.0,Safe,Improved,0.759493670886076,0.6966493039024854,0.7152352101521964,0.2957449830716573,8.0,12.5
15,4,Kelly Monaco,0.0764080093312597,0.4048545878693624,37.5,Safe,Improved,0.9493670886075949,0.7668912327146324,0.8208575516266827,0.2957449830716573,3.0,3.0
15,4,Apolo Anton Ohno,0.073608631415241,0.4048545878693622,34.5,Safe,Improved,0.8734177215189873,0.7387944611897734,0.7786086150368882,0.2957449830716573,7.0,11.0
15,4,Emmitt Smith,0.0750083203732503,0.4048545878693623,36.0,Safe,Improved,0.9113924050632911,0.7528428469522024,0.799733083331785,0.2957449830716573,5.0,7.0
15,4,Shawn Johnson,0.0782742612752721,0.4048545878693628,39.5,Safe,Improved,1.0,0.7856224137312044,0.8490235093532121,0.2957449830716573,1.5,1.5
15,4,Pamela Anderson,0.0996334370139968,0.4048545878693614,0.0,Safe,Improved,0.0,1.0,0.7042550169283427,0.2957449830716573,10.5,7.0
15,4,Helio Castroneves,0.0996334370139968,0.4048545878693622,0.0,Safe,Improved,0.0,1.0,0.7042550169283427,0.2957449830716573,10.5,7.0
15,4,Joey Fatone,0.0996334370139968,0.4048545878693624,0.0,Safe,Improved,0.0,1.0,0.7042550169283427,0.2957449830716573,10.5,7.0
15,4,Drew Lachey,0.0996334370139968,0.4048545878693619,0.0,Safe,Improved,0.0,1.0,0.7042550169283427,0.2957449830716573,10.5,7.0
15,4,Bristol Palin,4.163336342344337e-17,0.9457795908601512,32.0,Eliminated,Improved,0.810126582278481,0.0,0.23959087236184895,0.2957449830716573,13.0,12.5
15,4,Melissa Rycroft,0.0759414463452566,0.4048545878693614,37.0,Safe,Improved,0.9367088607594937,0.7622084374604894,0.8138160621950504,0.2957449830716573,4.0,4.0
15,6,Gilles Marini,0.0473053097345132,0.726863716814161,27.5,Safe,Improved,0.9166666666666666,0.3560984058675788,0.5918252273220468,0.42051403537981313,4.5,9.0
15,6,Sabrina Bryan,8.326672684688674e-17,0.9789895166780124,30.0,Eliminated,Improved,1.0,0.0,0.42051403537981313,0.42051403537981313,13.0,6.0
15,6,Kirstie Alley,0.0473053097345132,0.7268637168141594,27.5,Safe,Improved,0.9166666666666666,0.3560984058675788,0.5918252273220468,0.42051403537981313,4.5,9.0
15,6,Kelly Monaco,0.0466415929203538,0.7268637168141598,27.0,Safe,Improved,0.9,0.35110216969882513,0.581921411329996,0.42051403537981313,6.0,12.0
15,6,Apolo Anton Ohno,0.0506238938053097,0.7268637168141595,30.0,Safe,Improved,1.0,0.38107958671134345,0.6413443072822982,0.42051403537981313,1.0,1.0
15,6,Emmitt Smith,0.0459778761061946,0.726863716814159,26.5,Safe,Improved,0.8833333333333333,0.34610593353007296,0.5720175953379462,0.42051403537981313,12.0,13.0
15,6,Shawn Johnson,0.0479690265486725,0.7268637168141592,28.0,Safe,Improved,0.9333333333333333,0.36109464203633174,0.601729043314097,0.42051403537981313,3.0,3.0
15,6,Pamela Anderson,0.1328433628318583,0.7268637168141596,0.0,Safe,Improved,0.0,0.9999999999999991,0.5794859646201863,0.42051403537981313,10.0,9.0
15,6,Helio Castroneves,0.1328433628318583,0.7268637168141594,0.0,Safe,Improved,0.0,0.9999999999999991,0.5794859646201863,0.42051403537981313,10.0,9.0
15,6,Joey Fatone,0.1328433628318584,0.726863716814159,0.0,Safe,Improved,0.0,1.0,0.5794859646201869,0.42051403537981313,7.5,4.5
15,6,Drew Lachey,0.1328433628318584,0.7268637168141598,0.0,Safe,Improved,0.0,1.0,0.5794859646201869,0.42051403537981313,7.5,4.5
15,6,Bristol Palin,0.1328433628318583,0.7268637168141596,0.0,Safe,Improved,0.0,0.9999999999999991,0.5794859646201863,0.42051403537981313,10.0,9.0
15,6,Melissa Rycroft,0.0499601769911504,0.7268637168141583,29.5,Safe,Improved,0.9833333333333333,0.3760833505425905,0.6314404912902478,0.42051403537981313,2.0,2.0
15,8,Gilles Marini,0.0,0.9931654733475118,29.2777,Eliminated,Improved,0.9759233333333334,0.0,0.6143300408786816,0.6294859646201869,6.0,8.0
15,8,Sabrina Bryan,0.1470193195013582,0.914675749181794,0.0,Safe,Improved,0.0,0.9999999999999992,0.3705140353798128,0.6294859646201869,12.5,10.0
15,8,Kirstie Alley,0.0190569916106893,0.914675749181792,25.5,Eliminated,Improved,0.85,0.1296223630698633,0.5830899747436412,0.6294859646201869,7.0,12.0
15,8,Kelly Monaco,0.0189123762353382,0.9146757491817932,28.3333,Safe,Improved,0.9444433333333334,0.12863871428246862,0.6421762718473064,0.6294859646201869,4.0,10.0
15,8,Apolo Anton Ohno,0.0203341129701612,0.9146757491817944,29.2777,Safe,Improved,0.9759233333333334,0.13830912181560828,0.6655755117324208,0.6294859646201869,2.0,2.0
15,8,Emmitt Smith,0.0199994538467483,0.914675749181794,29.0554,Safe,Improved,0.9685133333333333,0.13603282830161328,0.6600676220390059,0.6294859646201869,3.0,5.0
15,8,Shawn Johnson,0.0181596566595108,0.914675749181793,27.8333,Safe,Improved,0.9277766666666667,0.12351884582993887,0.629787855982676,0.6294859646201869,5.0,13.0
15,8,Pamela Anderson,0.1470193195013583,0.9146757491817924,0.0,Safe,Improved,0.0,1.0,0.3705140353798131,0.6294859646201869,9.5,5.0
15,8,Helio Castroneves,0.1470193195013583,0.9146757491817932,0.0,Safe,Improved,0.0,1.0,0.3705140353798131,0.6294859646201869,9.5,5.0
15,8,Joey Fatone,0.1470193195013582,0.914675749181792,0.0,Safe,Improved,0.0,0.9999999999999992,0.3705140353798128,0.6294859646201869,12.5,10.0
15,8,Drew Lachey,0.1470193195013583,0.914675749181794,0.0,Safe,Improved,0.0,1.0,0.3705140353798131,0.6294859646201869,9.5,5.0
15,8,Bristol Palin,0.1470193195013583,0.9146757491817932,0.0,Safe,Improved,0.0,1.0,0.3705140353798131,0.6294859646201869,9.5,5.0
15,8,Melissa Rycroft,0.0214214916694017,0.9146757491817916,30.0,Safe,Improved,1.0,0.14570528378213443,0.6834718172904664,0.6294859646201869,1.0,1.0
16,3,Ingo Rademacher,0.0851418896032163,0.0639298958806739,21.0,Safe,Improved,0.807698520757852,0.7695776623811428,0.7799290440098964,0.2715411475382204,7.0,8.0
16,3,Zendaya,0.0915246238717002,0.0639298958806739,25.9998,Safe,Improved,1.0,0.8694172472976799,0.9048758378151676,0.2715411475382204,1.5,1.5
16,3,Dorothy Hamill,0.0998727656557713,0.0639298958806737,0.0,Safe,Improved,0.0,1.0,0.7284588524617797,0.2715411475382204,9.0,6.0
16,3,Victor Ortiz,0.0876950854384432,0.0639298958806741,23.0,Safe,Improved,0.8846221894014569,0.8095150938450152,0.8299097607606741,0.2715411475382204,4.5,4.5
16,3,Alexandra Raisman,0.0876950854384432,0.0639298958806738,23.0,Safe,Improved,0.8846221894014569,0.8095150938450152,0.8299097607606741,0.2715411475382204,4.5,4.5
16,3,Jacoby Jones,0.0915246238717002,0.0639298958806739,25.9998,Safe,Improved,1.0,0.8694172472976799,0.9048758378151676,0.2715411475382204,1.5,1.5
16,3,D. L. Hughley,0.0787589000151489,0.0639298958806739,16.0,Safe,Improved,0.6153893491488396,0.6697340837214599,0.6549772521329507,0.2715411475382204,11.0,11.0
16,3,Andy Dick,0.0813120958503759,0.0639298958806742,18.0,Safe,Improved,0.6923130177924446,0.7096715151853337,0.7049579688837294,0.2715411475382204,10.0,10.0
16,3,Wynonna Judd,0.0359428697750975,0.8972548958806741,15.0,Eliminated,Improved,0.5769275148270371,0.0,0.1566595594225073,0.2715411475382204,12.0,12.0
16,3,Kellie Pickler,0.0902482812736702,0.0639298958806738,25.0,Safe,Improved,0.9615458580450619,0.8494525253088889,0.8798904775114529,0.2715411475382204,3.0,3.0
16,3,Lisa Vanderpump,0.0851418896032163,0.0639298958806738,21.0,Safe,Improved,0.807698520757852,0.7695776623811428,0.7799290440098964,0.2715411475382204,7.0,8.0
16,3,Sean Lowe,0.0851418896032163,0.0639298958806733,21.0,Safe,Improved,0.807698520757852,0.7695776623811428,0.7799290440098964,0.2715411475382204,7.0,8.0
16,4,Ingo Rademacher,0.0891369047619047,0.1610142857142855,23.0,Safe,Improved,0.8518518518518519,0.9344796959857888,0.9100429256211501,0.2957449830716573,5.0,5.0
16,4,Zendaya,0.0931547619047619,0.161014285714286,26.0,Safe,Improved,0.9629629629629629,0.9836199239964476,0.9775107314052878,0.2957449830716573,2.5,2.5
16,4,Dorothy Hamill,0.0931880952380952,0.1610142857142856,0.0,Safe,Improved,0.0,0.984027605888091,0.6930063782426741,0.2957449830716573,10.5,6.5
16,4,Victor Ortiz,0.0824404761904761,0.1610142857142865,18.0,Safe,Improved,0.6666666666666666,0.8525793159680254,0.797596582647588,0.2957449830716573,9.0,11.0
16,4,Alexandra Raisman,0.0944940476190476,0.1610142857142861,27.0,Safe,Improved,1.0,1.0,1.0,0.2957449830716573,1.0,1.0
16,4,Jacoby Jones,0.0904761904761904,0.1610142857142863,24.0,Safe,Improved,0.8888888888888888,0.9508597719893414,0.9325321942158624,0.2957449830716573,4.0,4.0
16,4,D. L. Hughley,0.0864583333333333,0.1610142857142859,21.0,Safe,Improved,0.7777777777777778,0.9017195439786839,0.8650643884317256,0.2957449830716573,6.5,8.5
16,4,Andy Dick,0.0864583333333333,0.1610142857142859,21.0,Safe,Improved,0.7777777777777778,0.9017195439786839,0.8650643884317256,0.2957449830716573,6.5,8.5
16,4,Wynonna Judd,0.0931880952380952,0.1610142857142857,0.0,Safe,Improved,0.0,0.984027605888091,0.6930063782426741,0.2957449830716573,10.5,6.5
16,4,Kellie Pickler,0.0931547619047619,0.161014285714286,26.0,Safe,Improved,0.9629629629629629,0.9836199239964476,0.9775107314052878,0.2957449830716573,2.5,2.5
16,4,Lisa Vanderpump,0.0127309523809523,0.9137821428571428,18.0,Eliminated,Improved,0.6666666666666666,0.0,0.19716332204777154,0.2957449830716573,12.0,12.0
16,4,Sean Lowe,0.0851190476190476,0.1610142857142851,20.0,Safe,Improved,0.7407407407407407,0.8853394679751314,0.8425751198370134,0.2957449830716573,8.0,10.0
16,5,Ingo Rademacher,0.0884768740080404,0.2587732057416274,21.0,Safe,Improved,0.7241379310344828,0.8849785593013324,0.8299083545748333,0.34238988817634153,6.5,6.5
16,5,Zendaya,0.0999601275965571,0.2587732057416269,29.0,Safe,Improved,1.0,1.0,1.0,0.34238988817634153,1.0,1.0
16,5,Dorothy Hamill,0.0863487639456416,0.2587732057416265,0.0,Safe,Improved,0.0,0.8636624502860947,0.5679531605105336,0.34238988817634153,10.0,10.0
16,5,Victor Ortiz,0.0884768740080404,0.2587732057416266,21.0,Safe,Improved,0.7241379310344828,0.8849785593013324,0.8299083545748333,0.34238988817634153,6.5,6.5
16,5,Alexandra Raisman,0.0942185008022988,0.2587732057416263,25.0,Safe,Improved,0.8620689655172413,0.9424892796506666,0.9149541772874169,0.34238988817634153,4.0,4.0
16,5,Jacoby Jones,0.0956539075008633,0.2587732057416269,26.0,Safe,Improved,0.896551724137931,0.9568669597379993,0.9362156329655622,0.34238988817634153,3.0,3.0
16,5,D. L. Hughley,0.000124362031766,0.9195494019138756,18.0,Eliminated,Improved,0.6206896551724138,0.0,0.21251786162669475,0.34238988817634153,12.0,12.0
16,5,Andy Dick,0.0841706539123466,0.258773205741627,18.0,Safe,Improved,0.6206896551724138,0.8418455190393316,0.7661239875403953,0.34238988817634153,8.0,8.0
16,5,Wynonna Judd,0.0863487639456416,0.2587732057416274,0.0,Safe,Improved,0.0,0.8636624502860947,0.5679531605105336,0.34238988817634153,10.0,10.0
16,5,Kellie Pickler,0.097089314199428,0.2587732057416272,27.0,Safe,Improved,0.9310344827586207,0.9712446398253338,0.9574770886437087,0.34238988817634153,2.0,2.0
16,5,Lisa Vanderpump,0.0863487639456416,0.2587732057416261,0.0,Safe,Improved,0.0,0.8636624502860947,0.5679531605105336,0.34238988817634153,10.0,10.0
16,5,Sean Lowe,0.0927830941037342,0.2587732057416262,24.0,Safe,Improved,0.8275862068965517,0.9281115995633331,0.8936927216092709,0.34238988817634153,5.0,5.0
16,6,Ingo Rademacher,0.0804657824933686,0.4248031830238727,23.0,Safe,Improved,0.8518518518518519,0.7576758904732286,0.7972782040283268,0.42051403537981313,4.5,6.5
16,6,Zendaya,0.0844445623342174,0.4248031830238715,25.5,Safe,Improved,0.9444444444444444,0.7951405800033464,0.8579249505372731,0.42051403537981313,3.0,3.0
16,6,Dorothy Hamill,0.1062007957559681,0.4248031830238726,0.0,Safe,Improved,0.0,1.0,0.5794859646201869,0.42051403537981313,9.5,6.5
16,6,Victor Ortiz,0.0,0.939525795755968,20.0,Eliminated,Improved,0.7407407407407407,0.0,0.3114918780591208,0.42051403537981313,12.0,12.0
16,6,Alexandra Raisman,0.0852403183023872,0.4248031830238724,26.0,Safe,Improved,0.9629629629629629,0.8026335179093703,0.8700542998390626,0.42051403537981313,2.0,2.0
16,6,Jacoby Jones,0.0796700265251989,0.4248031830238724,22.5,Safe,Improved,0.8333333333333334,0.7501829525672056,0.785148854726538,0.42051403537981313,6.0,10.0
16,6,D. L. Hughley,0.1062007957559681,0.424803183023873,0.0,Safe,Improved,0.0,1.0,0.5794859646201869,0.42051403537981313,9.5,6.5
16,6,Andy Dick,0.0780785145888594,0.4248031830238732,21.5,Safe,Improved,0.7962962962962963,0.7351970767551586,0.7608901561229595,0.42051403537981313,7.0,11.0
16,6,Wynonna Judd,0.1062007957559681,0.4248031830238731,0.0,Safe,Improved,0.0,1.0,0.5794859646201869,0.42051403537981313,9.5,6.5
16,6,Kellie Pickler,0.0868318302387267,0.4248031830238726,27.0,Safe,Improved,1.0,0.8176193937214173,0.894312998442641,0.42051403537981313,1.0,1.0
16,6,Lisa Vanderpump,0.1062007957559681,0.4248031830238729,0.0,Safe,Improved,0.0,1.0,0.5794859646201869,0.42051403537981313,9.5,6.5
16,6,Sean Lowe,0.0804657824933686,0.4248031830238733,23.0,Safe,Improved,0.8518518518518519,0.7576758904732286,0.7972782040283268,0.42051403537981313,4.5,6.5
16,7,Ingo Rademacher,0.0849710144927535,0.4624565217391301,25.0,Safe,Improved,0.78125,0.8815878505375532,0.8289104790053378,0.525,5.0,7.5
16,7,Zendaya,0.093123188405797,0.4624565217391312,30.0,Safe,Improved,0.9375,0.9661679572964438,0.9511172797158107,0.525,2.0,2.0
16,7,Dorothy Hamill,0.0924913043478261,0.4624565217391313,0.0,Safe,Improved,0.0,0.9596120592436669,0.4558157281407417,0.525,9.0,7.5
16,7,Victor Ortiz,0.0924913043478261,0.462456521739131,0.0,Safe,Improved,0.0,0.9596120592436669,0.4558157281407417,0.525,9.0,7.5
16,7,Alexandra Raisman,0.0963840579710144,0.4624565217391306,32.0,Safe,Improved,1.0,1.0,1.0,0.525,1.0,1.0
16,7,Jacoby Jones,0.0882318840579709,0.46245652173913,27.0,Safe,Improved,0.84375,0.9154198932411094,0.8777931992895269,0.525,4.0,4.0
16,7,D. L. Hughley,0.0924913043478261,0.462456521739131,0.0,Safe,Improved,0.0,0.9596120592436669,0.4558157281407417,0.525,9.0,7.5
16,7,Andy Dick,0.0,0.9264743083003948,17.0,Eliminated,Improved,0.53125,0.0,0.27890625,0.525,12.0,12.0
16,7,Wynonna Judd,0.0924913043478261,0.4624565217391305,0.0,Safe,Improved,0.0,0.9596120592436669,0.4558157281407417,0.525,9.0,7.5
16,7,Kellie Pickler,0.0914927536231883,0.4624565217391309,29.0,Safe,Improved,0.90625,0.9492519359446656,0.9266759195737162,0.525,3.0,3.0
16,7,Lisa Vanderpump,0.0924913043478261,0.4624565217391305,0.0,Safe,Improved,0.0,0.9596120592436669,0.4558157281407417,0.525,9.0,7.5
16,7,Sean Lowe,0.0833405797101448,0.4624565217391306,24.0,Safe,Improved,0.75,0.864671829185775,0.8044691188632431,0.525,6.0,11.0
16,8,Ingo Rademacher,0.0322272668810289,0.8108893890675263,24.0,Safe,Improved,0.8275862068965517,0.2384586651312952,0.6093061840437171,0.6294859646201869,5.0,11.0
16,8,Zendaya,0.0418735691318327,0.8108893890675238,29.0,Safe,Improved,1.0,0.3098343845390666,0.7442839527351772,0.6294859646201869,1.0,1.0
16,8,Dorothy Hamill,0.1351482315112541,0.8108893890675261,0.0,Safe,Improved,0.0,1.0,0.3705140353798131,0.6294859646201869,7.5,3.5
16,8,Victor Ortiz,0.1351482315112541,0.8108893890675232,0.0,Safe,Improved,0.0,1.0,0.3705140353798131,0.6294859646201869,7.5,3.5
16,8,Alexandra Raisman,0.039944308681672,0.8108893890675238,28.0,Safe,Improved,0.9655172413793104,0.29555924065751277,0.7172883989968853,0.6294859646201869,2.0,2.0
16,8,Jacoby Jones,0.0360857877813504,0.8108893890675246,26.0,Safe,Improved,0.896551724137931,0.26700895289440363,0.6632972915203011,0.6294859646201869,4.0,8.0
16,8,D. L. Hughley,0.135148231511254,0.8108893890675244,0.0,Safe,Improved,0.0,0.9999999999999992,0.3705140353798128,0.6294859646201869,9.5,6.5
16,8,Andy Dick,0.1351482315112539,0.810889389067524,0.0,Safe,Improved,0.0,0.9999999999999986,0.37051403537981253,0.6294859646201869,11.5,9.5
16,8,Wynonna Judd,0.1351482315112539,0.8108893890675233,0.0,Safe,Improved,0.0,0.9999999999999986,0.37051403537981253,0.6294859646201869,11.5,9.5
16,8,Kellie Pickler,0.0389796784565916,0.8108893890675244,27.5,Safe,Improved,0.9482758620689655,0.28842166871673547,0.7037906221277394,0.6294859646201869,3.0,5.0
16,8,Lisa Vanderpump,0.135148231511254,0.8108893890675246,0.0,Safe,Improved,0.0,0.9999999999999992,0.3705140353798128,0.6294859646201869,9.5,6.5
16,8,Sean Lowe,0.0,0.97396209807074,21.0,Eliminated,Improved,0.7241379310344828,0.0,0.45583466403530776,0.6294859646201869,6.0,12.0
17,2,Valerie Harper,0.0797619047619047,0.0038593984962378,19.0,Safe,Improved,0.2222222222222222,0.3144647928704342,0.2904916483746642,0.2598924154791504,10.0,10.0
17,2,Brant Daugherty,0.0842731829573934,0.0038593984962408,23.0,Safe,Improved,0.6666666666666666,0.7061991969444682,0.6959249921605677,0.2598924154791504,7.0,7.0
17,2,Elizabeth Berkley Lauren,0.0865288220551378,0.0038593984962409,25.0,Safe,Improved,0.8888888888888888,0.9020663989814894,0.8986416640535225,0.2598924154791504,2.5,2.5
17,2,Leah Remini,0.0854010025062656,0.0038593984962407,24.0,Safe,Improved,0.7777777777777778,0.8041327979629788,0.797283328107045,0.2598924154791504,5.0,5.0
17,2,Corbin Bleu,0.08765664160401,0.0038593984962408,26.0,Safe,Improved,1.0,1.0,1.0,0.2598924154791504,1.0,1.0
17,2,Amber Riley,0.0854010025062656,0.0038593984962409,24.0,Safe,Improved,0.7777777777777778,0.8041327979629788,0.797283328107045,0.2598924154791504,5.0,5.0
17,2,Keyshawn Johnson,0.0761404761904761,0.9010941729323309,18.0,Eliminated,Improved,0.1111111111111111,0.0,0.02887693505323893,0.2598924154791504,12.0,12.0
17,2,Bill Engvall,0.0820175438596491,0.0038593984962438,21.0,Safe,Improved,0.4444444444444444,0.5103319949074554,0.49320832026761907,0.2598924154791504,8.0,8.0
17,2,Christina Milian,0.0865288220551378,0.0038593984962408,25.0,Safe,Improved,0.8888888888888888,0.9020663989814894,0.8986416640535225,0.2598924154791504,2.5,2.5
17,2,"Nicole ""Snooki"" Polizzi",0.0808897243107769,0.0038593984962459,20.0,Safe,Improved,0.3333333333333333,0.4123983938889448,0.3918499843211416,0.2598924154791504,9.0,9.0
17,2,Jack Osbourne,0.0854010025062656,0.0038593984962402,24.0,Safe,Improved,0.7777777777777778,0.8041327979629788,0.797283328107045,0.2598924154791504,5.0,5.0
17,2,Bill Nye,0.0799998746867167,0.00385939849624,17.0,Safe,Improved,0.0,0.3351287826853366,0.24803135385665717,0.2598924154791504,11.0,11.0
17,3,Valerie Harper,0.0771568627438853,0.0629450980392158,16.0,Safe,Improved,0.5925925925925926,0.6497613177838206,0.6342376565420974,0.2715411475382204,11.0,11.0
17,3,Brant Daugherty,0.0900980392144736,0.0629450980392157,27.0,Safe,Improved,1.0,0.8556831298957682,0.8948710984129957,0.2715411475382204,1.0,1.0
17,3,Elizabeth Berkley Lauren,0.087745098038003,0.0629450980392156,25.0,Safe,Improved,0.9259259259259259,0.8182428004208686,0.8474831998910142,0.2715411475382204,4.5,4.5
17,3,Leah Remini,0.0865686274497677,0.0629450980392154,24.0,Safe,Improved,0.8888888888888888,0.799522635683419,0.8237892506300235,0.2715411475382204,7.0,8.0
17,3,Corbin Bleu,0.0889215686262383,0.0629450980392158,26.0,Safe,Improved,0.9629629629629629,0.8369629651583186,0.871177149152005,0.2715411475382204,2.5,2.5
17,3,Amber Riley,0.0865686274497677,0.0629450980392156,24.0,Safe,Improved,0.8888888888888888,0.799522635683419,0.8237892506300235,0.2715411475382204,7.0,8.0
17,3,Keyshawn Johnson,0.0991676470648868,0.0629450980392151,0.0,Safe,Improved,0.0,1.0,0.7284588524617797,0.2715411475382204,10.0,6.0
17,3,Bill Engvall,0.0865686274497677,0.0629450980392155,24.0,Safe,Improved,0.8888888888888888,0.799522635683419,0.8237892506300235,0.2715411475382204,7.0,8.0
17,3,Christina Milian,0.0889215686262383,0.0629450980392155,26.0,Safe,Improved,0.9629629629629629,0.8369629651583186,0.871177149152005,0.2715411475382204,2.5,2.5
17,3,"Nicole ""Snooki"" Polizzi",0.087745098038003,0.0629450980392158,25.0,Safe,Improved,0.9259259259259259,0.8182428004208686,0.8474831998910142,0.2715411475382204,4.5,4.5
17,3,Jack Osbourne,0.0842156862732971,0.062945098039216,22.0,Safe,Improved,0.8148148148148148,0.7620823062085195,0.776401352108042,0.2715411475382204,9.0,10.0
17,3,Bill Nye,0.0363225490256711,0.8961700980392158,16.0,Eliminated,Improved,0.5925925925925926,0.0,0.16091327261524171,0.2715411475382204,12.0,12.0
17,4,Valerie Harper,0.0152286919831223,0.909374367088608,18.0,Eliminated,Improved,0.6666666666666666,0.0,0.19716332204777154,0.2957449830716573,12.0,12.0
17,4,Brant Daugherty,0.084915611814346,0.1520987341772148,21.0,Safe,Improved,0.7777777777777778,0.9017241944113833,0.865067663522285,0.2957449830716573,8.5,10.5
17,4,Elizabeth Berkley Lauren,0.0925105485232067,0.1520987341772153,27.0,Safe,Improved,1.0,1.0,1.0,0.2957449830716573,2.0,2.0
17,4,Leah Remini,0.0887130801687763,0.1520987341772151,24.0,Safe,Improved,0.8888888888888888,0.950862097205691,0.9325338317611421,0.2957449830716573,5.5,5.5
17,4,Corbin Bleu,0.0925105485232067,0.1520987341772148,27.0,Safe,Improved,1.0,1.0,1.0,0.2957449830716573,2.0,2.0
17,4,Amber Riley,0.0925105485232067,0.1520987341772149,27.0,Safe,Improved,1.0,1.0,1.0,0.2957449830716573,2.0,2.0
17,4,Keyshawn Johnson,0.0912780590717299,0.1520987341772147,0.0,Safe,Improved,0.0,0.9840520206597582,0.6930235724681079,0.2957449830716573,10.5,8.5
17,4,Bill Engvall,0.084915611814346,0.1520987341772151,21.0,Safe,Improved,0.7777777777777778,0.9017241944113833,0.865067663522285,0.2957449830716573,8.5,10.5
17,4,Christina Milian,0.0887130801687763,0.1520987341772152,24.0,Safe,Improved,0.8888888888888888,0.950862097205691,0.9325338317611421,0.2957449830716573,5.5,5.5
17,4,"Nicole ""Snooki"" Polizzi",0.0887130801687763,0.1520987341772151,24.0,Safe,Improved,0.8888888888888888,0.950862097205691,0.9325338317611421,0.2957449830716573,5.5,5.5
17,4,Jack Osbourne,0.0887130801687763,0.1520987341772151,24.0,Safe,Improved,0.8888888888888888,0.950862097205691,0.9325338317611421,0.2957449830716573,5.5,5.5
17,4,Bill Nye,0.0912780590717299,0.1520987341772139,0.0,Safe,Improved,0.0,0.9840520206597582,0.6930235724681079,0.2957449830716573,10.5,8.5
17,5,Valerie Harper,0.1192489361702127,0.4308872340425507,0.0,Safe,Improved,0.0,1.0,0.6576101118236585,0.34238988817634153,10.0,6.0
17,5,Brant Daugherty,0.0817178191489361,0.430887234042553,27.0,Safe,Improved,0.9642857142857143,0.6852708441129762,0.7808027143109564,0.34238988817634153,3.0,3.0
17,5,Elizabeth Berkley Lauren,0.0804412234042553,0.4308872340425526,26.0,Safe,Improved,0.9285714285714286,0.6745655432048103,0.7615345898916195,0.34238988817634153,5.5,9.5
17,5,Leah Remini,0.0753348404255319,0.4308872340425538,22.0,Safe,Improved,0.7857142857142857,0.6317443395721448,0.6844620922142697,0.34238988817634153,8.0,12.0
17,5,Corbin Bleu,0.082994414893617,0.4308872340425528,28.0,Safe,Improved,1.0,0.695976145021143,0.8000708387302942,0.34238988817634153,1.0,1.0
17,5,Amber Riley,0.0804412234042553,0.430887234042553,26.0,Safe,Improved,0.9285714285714286,0.6745655432048103,0.7615345898916195,0.34238988817634153,5.5,9.5
17,5,Keyshawn Johnson,0.1192489361702127,0.4308872340425536,0.0,Safe,Improved,0.0,1.0,0.6576101118236585,0.34238988817634153,10.0,6.0
17,5,Bill Engvall,0.0778880319148936,0.430887234042554,24.0,Safe,Improved,0.8571428571428571,0.6531549413884776,0.7229983410529446,0.34238988817634153,7.0,11.0
17,5,Christina Milian,5.551115123125783e-17,0.9525739361702128,28.0,Eliminated,Improved,1.0,0.0,0.34238988817634153,0.34238988817634153,12.0,8.0
17,5,"Nicole ""Snooki"" Polizzi",0.0817178191489361,0.4308872340425536,27.0,Safe,Improved,0.9642857142857143,0.6852708441129762,0.7808027143109564,0.34238988817634153,3.0,3.0
17,5,Jack Osbourne,0.0817178191489361,0.430887234042554,27.0,Safe,Improved,0.9642857142857143,0.6852708441129762,0.7808027143109564,0.34238988817634153,3.0,3.0
17,5,Bill Nye,0.1192489361702127,0.4308872340425528,0.0,Safe,Improved,0.0,1.0,0.6576101118236585,0.34238988817634153,10.0,6.0
17,7,Valerie Harper,0.1219961625282167,0.4995713318284405,0.0,Safe,Improved,0.0,1.0,0.475,0.525,10.0,6.0
17,7,Brant Daugherty,0.0741124798452112,0.4995713318284427,28.5,Safe,Improved,0.9661016949152542,0.6074984516670318,0.7957651543723485,0.525,3.5,3.5
17,7,Elizabeth Berkley Lauren,0.0720808771364076,0.4995713318284426,27.0,Safe,Improved,0.9152542372881356,0.5908454466322732,0.761160061726601,0.525,5.0,8.5
17,7,Leah Remini,0.071403676233473,0.4995713318284424,26.5,Safe,Improved,0.8983050847457628,0.5852944449540199,0.7496250308446849,0.525,6.0,10.0
17,7,Corbin Bleu,0.0754668816510802,0.4995713318284428,29.5,Safe,Improved,1.0,0.6186004550235369,0.81883521613618,0.525,1.5,1.5
17,7,Amber Riley,0.0754668816510802,0.4995713318284432,29.5,Safe,Improved,1.0,0.6186004550235369,0.81883521613618,0.525,1.5,1.5
17,7,Keyshawn Johnson,0.1219961625282166,0.4995713318284428,0.0,Safe,Improved,0.0,0.9999999999999992,0.4749999999999996,0.525,12.0,8.5
17,7,Bill Engvall,0.0693720735246694,0.499571331828442,25.0,Safe,Improved,0.847457627118644,0.5686414399192615,0.7150199381989373,0.525,7.0,12.0
17,7,Christina Milian,0.1219961625282167,0.4995713318284425,0.0,Safe,Improved,0.0,1.0,0.475,0.525,10.0,6.0
17,7,"Nicole ""Snooki"" Polizzi",0.0,0.9553211625282164,27.0,Eliminated,Improved,0.9152542372881356,0.0,0.4805084745762712,0.525,8.0,11.0
17,7,Jack Osbourne,0.0741124798452112,0.4995713318284429,28.5,Safe,Improved,0.9661016949152542,0.6074984516670318,0.7957651543723485,0.525,3.5,3.5
17,7,Bill Nye,0.1219961625282167,0.4995713318284429,0.0,Safe,Improved,0.0,1.0,0.475,0.525,10.0,6.0
17,8,Valerie Harper,0.1407250000000001,0.7298666666666656,0.0,Safe,Improved,0.0,1.0,0.3705140353798131,0.6294859646201869,8.5,3.5
17,8,Brant Daugherty,5.551115123125783e-17,0.97405,27.0,Eliminated,Improved,0.9,0.0,0.5665373681581682,0.6294859646201869,7.0,11.0
17,8,Elizabeth Berkley Lauren,0.0454895833333333,0.7298666666666673,25.0,Safe,Improved,0.8333333333333334,0.3232516136673173,0.6443408970064032,0.6294859646201869,5.0,10.0
17,8,Leah Remini,0.0501770833333333,0.729866666666666,28.0,Safe,Improved,0.9333333333333333,0.3565612601409361,0.7196311850004373,0.6294859646201869,3.5,5.5
17,8,Corbin Bleu,0.0533020833333333,0.7298666666666659,30.0,Safe,Improved,1.0,0.37876769112334857,0.7698247103297934,0.6294859646201869,1.5,1.5
17,8,Amber Riley,0.0501770833333333,0.729866666666666,28.0,Safe,Improved,0.9333333333333333,0.3565612601409361,0.7196311850004373,0.6294859646201869,3.5,5.5
17,8,Keyshawn Johnson,0.140725,0.7298666666666664,0.0,Safe,Improved,0.0,0.9999999999999992,0.3705140353798128,0.6294859646201869,10.0,7.0
17,8,Bill Engvall,0.0439270833333333,0.7298666666666669,24.0,Safe,Improved,0.8,0.31214839817611106,0.6192441343417252,0.6294859646201869,6.0,12.0
17,8,Christina Milian,0.1407249999999998,0.7298666666666664,0.0,Safe,Improved,0.0,0.9999999999999978,0.37051403537981226,0.6294859646201869,11.0,8.0
17,8,"Nicole ""Snooki"" Polizzi",0.1407249999999997,0.7298666666666667,0.0,Safe,Improved,0.0,0.9999999999999972,0.37051403537981203,0.6294859646201869,12.0,9.0
17,8,Jack Osbourne,0.0533020833333333,0.7298666666666672,30.0,Safe,Improved,1.0,0.37876769112334857,0.7698247103297934,0.6294859646201869,1.5,1.5
17,8,Bill Nye,0.1407250000000001,0.7298666666666671,0.0,Safe,Improved,0.0,1.0,0.3705140353798131,0.6294859646201869,8.5,3.5
18,2,Billy Dee Williams,0.076775956284153,0.1111557377049172,15.0,Safe,Improved,0.6,0.564211107094615,0.57351236891912,0.2598924154791504,11.0,12.0
18,2,Danica McKellar,0.0878415300546448,0.1111557377049183,24.0,Safe,Improved,0.96,0.6926333212838428,0.7621198932340228,0.2598924154791504,4.5,4.5
18,2,James Maslow,0.0890710382513661,0.1111557377049184,25.0,Safe,Improved,1.0,0.7069024561937568,0.7830762848245674,0.2598924154791504,2.0,2.0
18,2,Candace Cameron Bure,0.0841530054644808,0.1111557377049176,21.0,Safe,Improved,0.84,0.6498259165540995,0.699250718462388,0.2598924154791504,9.0,9.0
18,2,Sean Avery,0.0281603825136611,0.919490573770492,21.0,Eliminated,Improved,0.84,0.0,0.2183096290024863,0.2598924154791504,12.0,11.0
18,2,Diana Nyad,0.1143259562841529,0.1111557377049186,0.0,Eliminated,Improved,0.0,1.0,0.7401075845208496,0.2598924154791504,6.0,6.5
18,2,Charlie White,0.0890710382513661,0.1111557377049181,25.0,Safe,Improved,1.0,0.7069024561937568,0.7830762848245674,0.2598924154791504,2.0,2.0
18,2,Amy Purdy,0.0878415300546448,0.1111557377049181,24.0,Safe,Improved,0.96,0.6926333212838428,0.7621198932340228,0.2598924154791504,4.5,4.5
18,2,Meryl Davis,0.0890710382513661,0.111155737704918,25.0,Safe,Improved,1.0,0.7069024561937568,0.7830762848245674,0.2598924154791504,2.0,2.0
18,2,Drew Carey,0.0841530054644808,0.1111557377049179,21.0,Safe,Improved,0.84,0.6498259165540995,0.699250718462388,0.2598924154791504,9.0,9.0
18,2,Cody Simpson,0.0853825136612021,0.111155737704918,22.0,Safe,Improved,0.88,0.6640950514640135,0.7202071100529326,0.2598924154791504,7.0,6.5
18,2,NeNe Leakes,0.0841530054644808,0.1111557377049173,21.0,Safe,Improved,0.84,0.6498259165540995,0.699250718462388,0.2598924154791504,9.0,9.0
18,5,Billy Dee Williams,0.1056900621118012,0.3358037267080743,0.0,Safe,Improved,0.0,1.0,0.6576101118236585,0.34238988817634153,10.0,6.0
18,5,Danica McKellar,0.0881612577639751,0.3358037267080748,39.0,Safe,Improved,0.975,0.8341489824342827,0.8823749465881325,0.34238988817634153,2.0,2.0
18,5,James Maslow,0.0890929347826086,0.3358037267080753,40.0,Safe,Improved,1.0,0.8429641633511786,0.8967316459010468,0.34238988817634153,1.0,1.0
18,5,Candace Cameron Bure,0.0844345496894409,0.3358037267080742,35.0,Safe,Improved,0.875,0.7988882587666969,0.8249481493364741,0.34238988817634153,7.0,10.0
18,5,Sean Avery,0.1056900621118012,0.3358037267080747,0.0,Safe,Improved,0.0,1.0,0.6576101118236585,0.34238988817634153,10.0,6.0
18,5,Diana Nyad,0.1056900621118012,0.3358037267080744,0.0,Safe,Improved,0.0,1.0,0.6576101118236585,0.34238988817634153,10.0,6.0
18,5,Charlie White,0.086297903726708,0.3358037267080743,37.0,Safe,Improved,0.925,0.8165186206004897,0.8536615479623033,0.34238988817634153,3.5,3.5
18,5,Amy Purdy,0.086297903726708,0.3358037267080745,37.0,Safe,Improved,0.925,0.8165186206004897,0.8536615479623033,0.34238988817634153,3.5,3.5
18,5,Meryl Davis,0.0853662267080745,0.335803726708075,36.0,Safe,Improved,0.9,0.8077034396835938,0.839304848649389,0.34238988817634153,5.5,8.5
18,5,Drew Carey,0.0779128105590061,0.3358037267080744,28.0,Safe,Improved,0.7,0.7371819923484223,0.7244512541460724,0.34238988817634153,8.0,11.5
18,5,Cody Simpson,0.0,0.9390150621118012,34.0,Eliminated,Improved,0.85,0.0,0.29103140494989027,0.34238988817634153,12.0,11.5
18,5,NeNe Leakes,0.0853662267080745,0.335803726708075,36.0,Safe,Improved,0.9,0.8077034396835938,0.839304848649389,0.34238988817634153,5.5,8.5
18,6,Billy Dee Williams,0.1135751773049645,0.4544007092198571,0.0,Safe,Improved,0.0,1.0,0.5794859646201869,0.42051403537981313,9.5,6.5
18,6,Danica McKellar,0.0782609929078014,0.4544007092198583,36.0,Safe,Improved,0.9,0.6890677590373485,0.7777677268762602,0.42051403537981313,3.5,3.5
18,6,James Maslow,0.0771971631205673,0.4544007092198587,35.0,Safe,Improved,0.875,0.6797010134818687,0.7618269784081959,0.42051403537981313,5.0,9.0
18,6,Candace Cameron Bure,0.0740056737588652,0.4544007092198586,32.0,Safe,Improved,0.8,0.6516007768154313,0.7140047330040038,0.42051403537981313,7.0,11.0
18,6,Sean Avery,0.1135751773049645,0.4544007092198587,0.0,Safe,Improved,0.0,1.0,0.5794859646201869,0.42051403537981313,9.5,6.5
18,6,Diana Nyad,0.1135751773049645,0.4544007092198576,0.0,Safe,Improved,0.0,1.0,0.5794859646201869,0.42051403537981313,9.5,6.5
18,6,Charlie White,0.0782609929078014,0.4544007092198586,36.0,Safe,Improved,0.9,0.6890677590373485,0.7777677268762602,0.42051403537981313,3.5,3.5
18,6,Amy Purdy,0.0803886524822695,0.4544007092198588,38.0,Safe,Improved,0.95,0.707801250148307,0.8096492238123882,0.42051403537981313,2.0,2.0
18,6,Meryl Davis,0.0825163120567376,0.4544007092198586,40.0,Safe,Improved,1.0,0.7265347412592656,0.8415307207485165,0.42051403537981313,1.0,1.0
18,6,Drew Carey,0.0,0.9469001773049648,32.0,Eliminated,Improved,0.8,0.0,0.3364112283038505,0.42051403537981313,12.0,12.0
18,6,Cody Simpson,0.1135751773049645,0.4544007092198585,0.0,Safe,Improved,0.0,1.0,0.5794859646201869,0.42051403537981313,9.5,6.5
18,6,NeNe Leakes,0.0750695035460993,0.4544007092198584,33.0,Safe,Improved,0.825,0.6609675223709109,0.7299454814720681,0.42051403537981313,6.0,10.0
18,7,Billy Dee Williams,0.1305347826086955,0.652673913043478,0.0,Safe,Improved,0.0,1.0,0.475,0.525,9.0,6.5
18,7,Danica McKellar,0.0570971673254282,0.652673913043478,36.0,Safe,Improved,0.9230769230769231,0.4374096021333142,0.6923849456287089,0.525,4.0,6.5
18,7,James Maslow,0.0559113965744401,0.6526739130434794,35.0,Safe,Improved,0.8974358974358975,0.42832565740003425,0.6746085334188625,0.525,6.0,11.0
18,7,Candace Cameron Bure,0.0582829380764163,0.6526739130434782,37.0,Safe,Improved,0.9487179487179487,0.4464935468665941,0.7101613578385553,0.525,3.0,3.0
18,7,Sean Avery,0.1305347826086955,0.6526739130434783,0.0,Safe,Improved,0.0,1.0,0.475,0.525,9.0,6.5
18,7,Diana Nyad,0.1305347826086955,0.6526739130434787,0.0,Safe,Improved,0.0,1.0,0.475,0.525,9.0,6.5
18,7,Charlie White,0.0565042819499341,0.6526739130434781,35.5,Safe,Improved,0.9102564102564102,0.4328676297666738,0.6834967395237854,0.525,5.0,10.0
18,7,Amy Purdy,0.0588758234519104,0.6526739130434784,37.5,Safe,Improved,0.9615384615384616,0.4510355192332344,0.7190495639434786,0.525,2.0,2.0
18,7,Meryl Davis,0.0606544795783926,0.6526739130434789,39.0,Safe,Improved,1.0,0.46466143633315476,0.7457141822582485,0.525,1.0,1.0
18,7,Drew Carey,0.1305347826086955,0.6526739130434782,0.0,Safe,Improved,0.0,1.0,0.475,0.525,9.0,6.5
18,7,Cody Simpson,0.1305347826086955,0.6526739130434783,0.0,Safe,Improved,0.0,1.0,0.475,0.525,9.0,6.5
18,7,NeNe Leakes,6.938893903907227e-17,0.9638597826086956,33.0,Eliminated,Improved,0.8461538461538461,0.0,0.44423076923076926,0.525,12.0,12.0
19,1,Antonio Sabato Jr.,0.0740074441687344,0.0054763440860214,25.0,Safe,Improved,0.3125,0.40202225202043657,0.37923978655177804,0.2544894141342379,10.5,10.5
19,1,Jonathan Bennett,0.0780397022332506,0.0054763440860217,30.0,Safe,Improved,0.625,0.6738303192838792,0.6614035199373369,0.2544894141342379,6.0,6.0
19,1,Lea Thompson,0.079652605459057,0.0054763440860217,32.0,Safe,Improved,0.75,0.7825535461892505,0.7742690132915562,0.2544894141342379,3.5,3.5
19,1,Janel Parrish,0.0772332506203474,0.0054763440860228,29.0,Safe,Improved,0.5625,0.6194687058311935,0.6049707732602273,0.2544894141342379,7.5,7.5
19,1,Alfonso Ribeiro,0.0828784119106699,0.0054763440860217,36.0,Safe,Improved,1.0,1.0,1.0,0.2544894141342379,1.0,1.0
19,1,Lolo Jones,0.0680434656741108,0.9053859387923906,22.0,Eliminated,Improved,0.125,0.0,0.03181117676677974,0.2544894141342379,13.0,12.5
19,1,Randy Couture,0.0788461538461538,0.0054763440860217,31.0,Safe,Improved,0.6875,0.7281919327365649,0.7178362666144467,0.2544894141342379,5.0,5.0
19,1,Tommy Chong,0.0756203473945409,0.0054763440860143,27.0,Safe,Improved,0.4375,0.5107454789258155,0.492105279906003,0.2544894141342379,9.0,9.0
19,1,Betsey Johnson,0.0735198097601323,0.0054763440860213,20.0,Safe,Improved,0.0,0.36915159641938183,0.27520642291989467,0.2544894141342379,12.0,12.5
19,1,Michael Waltrip,0.0740074441687344,0.0054763440860253,25.0,Safe,Improved,0.3125,0.40202225202043657,0.37923978655177804,0.2544894141342379,10.5,10.5
19,1,Tavis Smiley,0.0772332506203474,0.0054763440860203,29.0,Safe,Improved,0.5625,0.6194687058311935,0.6049707732602273,0.2544894141342379,7.5,7.5
19,1,Bethany Mota,0.079652605459057,0.0054763440860216,32.0,Safe,Improved,0.75,0.7825535461892505,0.7742690132915562,0.2544894141342379,3.5,3.5
19,1,Sadie Robertson,0.0812655086848635,0.0054763440860202,34.0,Safe,Improved,0.875,0.8912767730946286,0.8871345066457806,0.2544894141342379,2.0,2.0
19,2,Antonio Sabato Jr.,0.0795367615809604,0.0888977900552492,31.0,Safe,Improved,0.8857142857142857,0.6819076765039486,0.7348754684622383,0.2598924154791504,6.5,5.5
19,2,Jonathan Bennett,0.0787080322991925,0.088897790055249,30.0,Safe,Improved,0.8571428571428571,0.6712072249448935,0.7195304855204651,0.2598924154791504,8.0,8.0
19,2,Lea Thompson,0.0828516787080322,0.0888977900552487,35.0,Safe,Improved,1.0,0.7247094827401714,0.7962554002293329,0.2598924154791504,1.0,1.0
19,2,Janel Parrish,0.0820229494262643,0.088897790055249,34.0,Safe,Improved,0.9714285714285714,0.7140090311811164,0.7809104172875598,0.2598924154791504,2.0,2.0
19,2,Alfonso Ribeiro,0.0803654908627284,0.0888977900552489,32.0,Safe,Improved,0.9142857142857143,0.692608128063005,0.7502204514040125,0.2598924154791504,4.0,4.0
19,2,Lolo Jones,0.1041723969400764,0.0888977900552487,0.0,Safe,Improved,0.0,1.0,0.7401075845208496,0.2598924154791504,5.0,7.0
19,2,Randy Couture,0.0770505737356565,0.088897790055249,28.0,Safe,Improved,0.8,0.6498063218267809,0.688840519636917,0.2598924154791504,10.0,10.0
19,2,Tommy Chong,0.0770505737356565,0.0888977900552486,28.0,Safe,Improved,0.8,0.6498063218267809,0.688840519636917,0.2598924154791504,10.0,10.0
19,2,Betsey Johnson,0.0770505737356565,0.0888977900552483,28.0,Safe,Improved,0.8,0.6498063218267809,0.688840519636917,0.2598924154791504,10.0,10.0
19,2,Michael Waltrip,0.0737356566085847,0.0888977900552483,24.0,Safe,Improved,0.6857142857142857,0.6070045155905578,0.6274605878698221,0.2598924154791504,12.0,13.0
19,2,Tavis Smiley,0.0267243306417339,0.9235942201444964,28.0,Eliminated,Improved,0.8,0.0,0.20791393238332032,0.2598924154791504,13.0,12.0
19,2,Bethany Mota,0.0811942201444963,0.0888977900552486,33.0,Safe,Improved,0.9428571428571428,0.7033085796220601,0.7655654343457856,0.2598924154791504,3.0,3.0
19,2,Sadie Robertson,0.0795367615809604,0.0888977900552481,31.0,Safe,Improved,0.8857142857142857,0.6819076765039486,0.7348754684622383,0.2598924154791504,6.5,5.5
19,3,Antonio Sabato Jr.,0.0784920461974286,0.1475087818696884,29.0,Safe,Improved,0.725,0.8766671732863591,0.8354832950083031,0.2715411475382204,8.5,10.5
19,3,Jonathan Bennett,0.0810416212682501,0.1475087818696884,32.0,Safe,Improved,0.8,0.9103033987537154,0.8803514872787657,0.2715411475382204,5.0,5.0
19,3,Lea Thompson,0.0801917629113096,0.1475087818696886,31.0,Safe,Improved,0.775,0.89909132359793,0.8653954231886115,0.2715411475382204,7.0,8.0
19,3,Janel Parrish,0.0878404881237742,0.1475087818696886,40.0,Safe,Improved,1.0,1.0,1.0,0.2715411475382204,1.5,1.5
19,3,Alfonso Ribeiro,0.0810416212682501,0.1475087818696884,32.0,Safe,Improved,0.8,0.9103033987537154,0.8803514872787657,0.2715411475382204,5.0,5.0
19,3,Lolo Jones,0.0857963899179196,0.1475087818696886,0.0,Safe,Improved,0.0,0.9730324676780787,0.708814114812827,0.2715411475382204,11.5,8.0
19,3,Randy Couture,0.0120419989830754,0.9199005447809984,26.0,Eliminated,Improved,0.65,0.0,0.17650174589984327,0.2715411475382204,13.0,13.0
19,3,Tommy Chong,0.0827413379821311,0.1475087818696885,34.0,Safe,Improved,0.85,0.9327275490652862,0.910263615459074,0.2715411475382204,3.0,3.0
19,3,Betsey Johnson,0.0784920461974286,0.1475087818696883,29.0,Safe,Improved,0.725,0.8766671732863591,0.8354832950083031,0.2715411475382204,8.5,10.5
19,3,Michael Waltrip,0.0776421878404881,0.1475087818696886,28.0,Safe,Improved,0.7,0.8654550981305736,0.8205272309181488,0.2715411475382204,10.0,12.0
19,3,Tavis Smiley,0.0857963899179196,0.1475087818696886,0.0,Safe,Improved,0.0,0.9730324676780787,0.708814114812827,0.2715411475382204,11.5,8.0
19,3,Bethany Mota,0.0878404881237742,0.1475087818696888,40.0,Safe,Improved,1.0,1.0,1.0,0.2715411475382204,1.5,1.5
19,3,Sadie Robertson,0.0810416212682501,0.1475087818696872,32.0,Safe,Improved,0.8,0.9103033987537154,0.8803514872787657,0.2715411475382204,5.0,5.0
19,4,Antonio Sabato Jr.,0.0777444444444444,0.3038249999999989,29.0,Safe,Improved,0.725,0.8569241603135231,0.8179082517548577,0.2957449830716573,6.0,9.0
19,4,Jonathan Bennett,0.0730569444444444,0.3038250000000009,24.0,Safe,Improved,0.6,0.8052570343835149,0.7445532962244237,0.2957449830716573,9.0,13.0
19,4,Lea Thompson,0.0871194444444444,0.3038250000000007,39.0,Safe,Improved,0.975,0.9602584121735398,0.9646181628157255,0.2957449830716573,2.0,2.0
19,4,Janel Parrish,0.0843069444444444,0.3038250000000004,36.0,Safe,Improved,0.9,0.9292581366155349,0.9206051894974653,0.2957449830716573,4.0,4.0
19,4,Alfonso Ribeiro,0.0880569444444444,0.3038250000000002,40.0,Safe,Improved,1.0,0.9705918373595415,0.9792891539218124,0.2957449830716573,1.0,1.0
19,4,Lolo Jones,0.090725,0.3038250000000009,0.0,Safe,Improved,0.0,1.0,0.7042550169283427,0.2957449830716573,11.0,7.0
19,4,Randy Couture,0.090725,0.3038250000000002,0.0,Safe,Improved,0.0,1.0,0.7042550169283427,0.2957449830716573,11.0,7.0
19,4,Tommy Chong,0.0768069444444444,0.3038250000000004,28.0,Safe,Improved,0.7,0.8465907351275216,0.8032372606487709,0.2957449830716573,7.0,10.0
19,4,Betsey Johnson,2.775557561562892e-17,0.936871153846154,29.0,Eliminated,Improved,0.725,0.0,0.21441511272695155,0.2957449830716573,13.0,11.0
19,4,Michael Waltrip,0.0739944444444444,0.3038250000000002,25.0,Safe,Improved,0.625,0.8155904595695167,0.7592242873305106,0.2957449830716573,8.0,12.0
19,4,Tavis Smiley,0.090725,0.3038250000000001,0.0,Safe,Improved,0.0,1.0,0.7042550169283427,0.2957449830716573,11.0,7.0
19,4,Bethany Mota,0.0814944444444444,0.3038250000000005,33.0,Safe,Improved,0.825,0.8982578610575298,0.8765922161792048,0.2957449830716573,5.0,5.0
19,4,Sadie Robertson,0.0852444444444444,0.3038249999999997,37.0,Safe,Improved,0.925,0.9395915618015365,0.9352761806035521,0.2957449830716573,3.0,3.0
19,6,Antonio Sabato Jr.,0.0656069965870307,0.4717897610921505,28.0,Safe,Improved,0.717948717948718,0.6001645368459503,0.6496944381453819,0.42051403537981313,7.5,12.5
19,6,Jonathan Bennett,1.3877787807814457e-17,0.9554611709110004,32.0,Eliminated,Improved,0.8205128205128205,0.0,0.34503715723471845,0.42051403537981313,13.0,11.0
19,6,Lea Thompson,0.0697025597269624,0.4717897610921505,32.0,Safe,Improved,0.8205128205128205,0.6376302323185329,0.7145349274808173,0.42051403537981313,5.0,9.0
19,6,Janel Parrish,0.0707264505119453,0.47178976109215,33.0,Safe,Improved,0.8461538461538461,0.6469966561866782,0.730745049814676,0.42051403537981313,4.0,4.0
19,6,Alfonso Ribeiro,0.076869795221843,0.4717897610921485,39.0,Safe,Improved,1.0,0.7031951993955534,0.8280057838178301,0.42051403537981313,1.0,1.0
19,6,Lolo Jones,0.1093150170648464,0.4717897610921501,0.0,Safe,Improved,0.0,1.0,0.5794859646201869,0.42051403537981313,10.5,6.5
19,6,Randy Couture,0.1093150170648464,0.4717897610921506,0.0,Safe,Improved,0.0,1.0,0.5794859646201869,0.42051403537981313,10.5,6.5
19,6,Tommy Chong,0.0656069965870307,0.4717897610921504,28.0,Safe,Improved,0.717948717948718,0.6001645368459503,0.6496944381453819,0.42051403537981313,7.5,12.5
19,6,Betsey Johnson,0.1093150170648464,0.4717897610921502,0.0,Safe,Improved,0.0,1.0,0.5794859646201869,0.42051403537981313,10.5,6.5
19,6,Michael Waltrip,0.0676547781569965,0.4717897610921504,30.0,Safe,Improved,0.7692307692307693,0.6188973845822411,0.6821146828130993,0.42051403537981313,6.0,10.0
19,6,Tavis Smiley,0.1093150170648464,0.4717897610921497,0.0,Safe,Improved,0.0,1.0,0.5794859646201869,0.42051403537981313,10.5,6.5
19,6,Bethany Mota,0.0737981228668941,0.4717897610921504,36.0,Safe,Improved,0.9230769230769231,0.6750959277911155,0.7793754168162528,0.42051403537981313,2.0,2.0
19,6,Sadie Robertson,0.0727742320819112,0.4717897610921496,35.0,Safe,Improved,0.8974358974358975,0.6657295039229699,0.7631652944823941,0.42051403537981313,3.0,3.0
19,7,Antonio Sabato Jr.,6.938893903907227e-17,0.9603660764767148,29.5,Eliminated,Improved,0.7866666666666666,0.0,0.413,0.525,13.0,12.5
19,7,Jonathan Bennett,0.1142199226305608,0.5770023210831717,0.0,Safe,Improved,0.0,0.9999999999999991,0.47499999999999953,0.525,11.5,9.5
19,7,Lea Thompson,0.0639241503177673,0.5770023210831716,35.0,Safe,Improved,0.9333333333333333,0.5596584977957567,0.7558377864529845,0.525,2.0,2.0
19,7,Janel Parrish,0.062183337938657,0.5770023210831726,33.5,Safe,Improved,0.8933333333333333,0.5444176156534979,0.7275983674354115,0.525,4.0,5.5
19,7,Alfonso Ribeiro,0.0627636087316938,0.5770023210831722,34.0,Safe,Improved,0.9066666666666666,0.5494979097009178,0.737011507107936,0.525,3.0,3.0
19,7,Lolo Jones,0.1142199226305609,0.5770023210831725,0.0,Safe,Improved,0.0,1.0,0.475,0.525,9.0,5.5
19,7,Randy Couture,0.1142199226305609,0.5770023210831722,0.0,Safe,Improved,0.0,1.0,0.475,0.525,9.0,5.5
19,7,Tommy Chong,0.0581214423873998,0.5770023210831716,30.0,Safe,Improved,0.8,0.5088555573215621,0.661706389727742,0.525,6.0,11.0
19,7,Betsey Johnson,0.1142199226305608,0.5770023210831718,0.0,Safe,Improved,0.0,0.9999999999999991,0.47499999999999953,0.525,11.5,9.5
19,7,Michael Waltrip,0.0558003592152528,0.5770023210831721,28.0,Safe,Improved,0.7466666666666667,0.48853438113188424,0.624053831037645,0.525,7.0,12.5
19,7,Tavis Smiley,0.1142199226305609,0.5770023210831727,0.0,Safe,Improved,0.0,1.0,0.475,0.525,9.0,5.5
19,7,Bethany Mota,0.066825504282951,0.5770023210831724,37.5,Safe,Improved,1.0,0.5850599680328537,0.8029034848156055,0.525,1.0,1.0
19,7,Sadie Robertson,0.0592819839734734,0.5770023210831717,31.0,Safe,Improved,0.8266666666666667,0.519016145416402,0.6805326690727909,0.525,5.0,8.0
19,8,Antonio Sabato Jr.,0.1009064516129033,0.605438709677417,0.0,Safe,Improved,0.0,1.0,0.3705140353798131,0.6294859646201869,7.0,3.0
19,8,Jonathan Bennett,0.1009064516129032,0.6054387096774204,0.0,Safe,Improved,0.0,0.9999999999999989,0.3705140353798127,0.6294859646201869,10.0,8.0
19,8,Lea Thompson,0.0595102150537634,0.6054387096774204,32.0,Safe,Improved,0.7441860465116279,0.5897562950886046,0.6869676561291821,0.6294859646201869,5.0,11.0
19,8,Janel Parrish,0.0728166666666666,0.6054387096774196,43.0,Safe,Improved,1.0,0.7216254808563226,0.896858333565161,0.6294859646201869,1.0,1.0
19,8,Alfonso Ribeiro,0.0703973118279569,0.6054387096774191,41.0,Safe,Improved,0.9534883720930233,0.6976492652621918,0.8586963922131648,0.6294859646201869,2.0,2.0
19,8,Lolo Jones,0.1009064516129032,0.6054387096774194,0.0,Safe,Improved,0.0,0.9999999999999989,0.3705140353798127,0.6294859646201869,10.0,8.0
19,8,Randy Couture,0.1009064516129032,0.6054387096774192,0.0,Safe,Improved,0.0,0.9999999999999989,0.3705140353798127,0.6294859646201869,10.0,8.0
19,8,Tommy Chong,0.0558811827956989,0.6054387096774196,29.0,Safe,Improved,0.6744186046511628,0.5537919716974088,0.6297247441011878,0.6294859646201869,6.0,12.0
19,8,Betsey Johnson,0.1009064516129032,0.6054387096774194,0.0,Safe,Improved,0.0,0.9999999999999989,0.3705140353798127,0.6294859646201869,10.0,8.0
19,8,Michael Waltrip,0.0,0.9512537634408604,25.0,Eliminated,Improved,0.5813953488372093,0.0,0.3659802119884808,0.6294859646201869,13.0,13.0
19,8,Tavis Smiley,0.1009064516129032,0.6054387096774201,0.0,Safe,Improved,0.0,0.9999999999999989,0.3705140353798127,0.6294859646201869,10.0,8.0
19,8,Bethany Mota,0.0691876344086021,0.6054387096774198,40.0,Safe,Improved,0.9302325581395349,0.6856611574651268,0.8396154215371668,0.6294859646201869,3.0,4.0
19,8,Sadie Robertson,0.0667682795698925,0.6054387096774206,38.0,Safe,Improved,0.8837209302325582,0.661684941870997,0.8014534801851709,0.6294859646201869,4.0,5.0
20,2,Suzanne Somers,0.0825408261287223,0.0900371757925067,28.0,Safe,Improved,0.5384615384615384,0.560368853411992,0.5546753084128562,0.2598924154791504,7.5,7.5
20,2,Willow Shields,0.0859990393852065,0.0900371757925073,32.0,Safe,Improved,0.8461538461538461,0.6799538933235012,0.7231480005171004,0.2598924154791504,4.0,3.0
20,2,Riker Lynch,0.0859990393852065,0.0900371757925069,32.0,Safe,Improved,0.8461538461538461,0.6799538933235012,0.7231480005171004,0.2598924154791504,4.0,3.0
20,2,Rumer Willis,0.0859990393852065,0.0900371757925071,32.0,Safe,Improved,0.8461538461538461,0.6799538933235012,0.7231480005171004,0.2598924154791504,4.0,3.0
20,2,Nastia Liukin,0.0877281460134486,0.090037175792507,34.0,Safe,Improved,1.0,0.7397464132792553,0.8073843465692221,0.2598924154791504,1.0,1.0
20,2,Michael Sam,0.0825408261287223,0.0900371757925071,28.0,Safe,Improved,0.5384615384615384,0.560368853411992,0.5546753084128562,0.2598924154791504,7.5,7.5
20,2,Robert Herjavec,0.0825408261287223,0.0900371757925069,28.0,Safe,Improved,0.5384615384615384,0.560368853411992,0.5546753084128562,0.2598924154791504,7.5,7.5
20,2,Charlotte McKinney,0.0808450528338136,0.0900371757925068,26.0,Safe,Improved,0.38461538461538464,0.5017290003687206,0.471292059885089,0.2598924154791504,11.0,12.0
20,2,Noah Galloway,0.0816762728146013,0.0900371757925068,27.0,Safe,Improved,0.46153846153846156,0.5304725934341167,0.5125571353867965,0.2598924154791504,10.0,11.0
20,2,Redfoo,0.0663358309317963,0.9227621757925072,31.0,Eliminated,Improved,0.7692307692307693,0.0,0.19991724267626954,0.2598924154791504,12.0,10.0
20,2,Patti LaBelle,0.0825408261287223,0.0900371757925072,28.0,Safe,Improved,0.5384615384615384,0.560368853411992,0.5546753084128562,0.2598924154791504,7.5,7.5
20,2,Chris Soules,0.0952542747358309,0.0900371757925065,21.0,Safe,Improved,0.0,1.0,0.7401075845208496,0.2598924154791504,2.0,5.0
20,3,Suzanne Somers,0.0822949946751863,0.0704875399361025,25.0,Safe,Improved,0.7352941176470589,0.6906378652190296,0.7027638752480931,0.2715411475382204,9.0,9.0
20,3,Willow Shields,0.0890042598509052,0.0704875399361024,32.0,Safe,Improved,0.9411764705882353,0.7859567978285448,0.8281053258902182,0.2715411475382204,4.0,4.0
20,3,Riker Lynch,0.0909211927582534,0.0704875399361029,34.0,Safe,Improved,1.0,0.8131907785741199,0.8639171689308249,0.2715411475382204,1.5,1.5
20,3,Rumer Willis,0.0899627263045793,0.0704875399361024,33.0,Safe,Improved,0.9705882352941176,0.7995737882013324,0.8460112474105217,0.2715411475382204,3.0,3.0
20,3,Nastia Liukin,0.0909211927582534,0.0704875399361024,34.0,Safe,Improved,1.0,0.8131907785741199,0.8639171689308249,0.2715411475382204,1.5,1.5
20,3,Michael Sam,0.0813365282215122,0.0704875399361024,24.0,Safe,Improved,0.7058823529411765,0.677020874846242,0.6848579537277898,0.2715411475382204,10.0,10.0
20,3,Robert Herjavec,0.0861288604898828,0.0704875399361024,29.0,Safe,Improved,0.8529411764705882,0.745105826710181,0.7743875613293074,0.2715411475382204,6.0,6.5
20,3,Charlotte McKinney,0.0336826943556975,0.9037125399361025,22.0,Eliminated,Improved,0.6470588235294118,0.0,0.17570309546590732,0.2715411475382204,12.0,12.0
20,3,Noah Galloway,0.0870873269435569,0.0704875399361029,30.0,Safe,Improved,0.8823529411764706,0.7587228170829685,0.7922934828496108,0.2715411475382204,5.0,5.0
20,3,Redfoo,0.1040702342917997,0.0704875399361023,0.0,Safe,Improved,0.0,1.0,0.7284588524617797,0.2715411475382204,8.0,6.5
20,3,Patti LaBelle,0.079419595314164,0.0704875399361029,22.0,Safe,Improved,0.6470588235294118,0.6497868941006669,0.6490461106871831,0.2715411475382204,11.0,11.0
20,3,Chris Soules,0.0851703940362087,0.0704875399361016,28.0,Safe,Improved,0.8235294117647058,0.7314888363373934,0.756481639809004,0.2715411475382204,7.0,8.0
20,4,Suzanne Somers,0.0841794871794871,0.2004999999999996,28.0,Safe,Improved,0.717948717948718,0.8464718776880591,0.8084617979866318,0.2957449830716573,8.0,10.0
20,4,Willow Shields,0.0943333333333333,0.2005000000000003,39.0,Safe,Improved,1.0,0.9563528399789111,0.9692612685804739,0.2957449830716573,1.0,1.0
20,4,Riker Lynch,0.0897179487179487,0.2005000000000002,34.0,Safe,Improved,0.8717948717948718,0.9064069480285243,0.8961706001287278,0.2957449830716573,4.5,4.5
20,4,Rumer Willis,0.0906410256410256,0.2004999999999998,35.0,Safe,Improved,0.8974358974358975,0.9163961264186012,0.9107887338190768,0.2957449830716573,3.0,3.0
20,4,Nastia Liukin,0.0915641025641025,0.2005000000000008,36.0,Safe,Improved,0.9230769230769231,0.9263853048086784,0.9254068675094259,0.2957449830716573,2.0,2.0
20,4,Michael Sam,0.0059589743589743,0.9257326923076922,30.0,Eliminated,Improved,0.7692307692307693,0.0,0.2274961408243518,0.2957449830716573,12.0,11.0
20,4,Robert Herjavec,0.0897179487179487,0.2005000000000004,34.0,Safe,Improved,0.8717948717948718,0.9064069480285243,0.8961706001287278,0.2957449830716573,4.5,4.5
20,4,Charlotte McKinney,0.0983666666666667,0.2004999999999999,0.0,Safe,Improved,0.0,1.0,0.7042550169283427,0.2957449830716573,10.0,6.0
20,4,Noah Galloway,0.0878717948717948,0.2005000000000003,32.0,Safe,Improved,0.8205128205128205,0.8864285912483688,0.8669343327480288,0.2957449830716573,6.0,8.0
20,4,Redfoo,0.0983666666666666,0.2005000000000005,0.0,Safe,Improved,0.0,0.999999999999999,0.704255016928342,0.2957449830716573,11.0,7.0
20,4,Patti LaBelle,0.086025641025641,0.2004999999999999,30.0,Safe,Improved,0.7692307692307693,0.8664502344682146,0.8376980653673307,0.2957449830716573,7.0,9.0
20,4,Chris Soules,0.0832564102564102,0.2004999999999994,27.0,Safe,Improved,0.6923076923076923,0.8364826992979819,0.7938436642962826,0.2957449830716573,9.0,12.0
20,5,Suzanne Somers,1.3877787807814457e-17,0.932364929328622,28.0,Eliminated,Improved,0.717948717948718,0.0,0.24581838125480932,0.34238988817634153,12.0,11.0
20,5,Willow Shields,0.0901126766784452,0.3187212014134274,34.0,Safe,Improved,0.8717948717948718,0.9098620858204027,0.8968282566670163,0.34238988817634153,4.0,4.0
20,5,Riker Lynch,0.0943529593639576,0.3187212014134274,38.0,Safe,Improved,0.9743589743589743,0.9526759560872404,0.9601000022886249,0.34238988817634153,2.5,2.5
20,5,Rumer Willis,0.0954130300353356,0.3187212014134271,39.0,Safe,Improved,1.0,0.9633794236539489,0.9759179386940265,0.34238988817634153,1.0,1.0
20,5,Nastia Liukin,0.0943529593639576,0.3187212014134276,38.0,Safe,Improved,0.9743589743589743,0.9526759560872404,0.9601000022886249,0.34238988817634153,2.5,2.5
20,5,Michael Sam,0.0990399293286219,0.3187212014134278,0.0,Safe,Improved,0.0,1.0,0.6576101118236585,0.34238988817634153,9.5,5.5
20,5,Robert Herjavec,0.0795119699646643,0.3187212014134271,24.0,Safe,Improved,0.6153846153846154,0.8028274101533092,0.7386488926129952,0.34238988817634153,8.0,12.0
20,5,Charlotte McKinney,0.0990399293286218,0.3187212014134276,0.0,Safe,Improved,0.0,0.9999999999999989,0.6576101118236577,0.34238988817634153,11.0,8.0
20,5,Noah Galloway,0.0837522526501766,0.3187212014134275,28.0,Safe,Improved,0.717948717948718,0.8456412804201461,0.8019206382346034,0.34238988817634153,5.0,7.0
20,5,Redfoo,0.0990399293286219,0.3187212014134277,0.0,Safe,Improved,0.0,1.0,0.6576101118236585,0.34238988817634153,9.5,5.5
20,5,Patti LaBelle,0.0826921819787985,0.3187212014134269,27.0,Safe,Improved,0.6923076923076923,0.8349378128534366,0.7861027018292012,0.34238988817634153,6.5,9.5
20,5,Chris Soules,0.0826921819787985,0.3187212014134265,27.0,Safe,Improved,0.6923076923076923,0.8349378128534366,0.7861027018292012,0.34238988817634153,6.5,9.5
20,6,Suzanne Somers,0.1202413427561837,0.4829321554770316,0.0,Safe,Improved,0.0,1.0,0.5794859646201869,0.42051403537981313,9.5,6.5
20,6,Willow Shields,0.0751321554770317,0.4829321554770314,36.5,Safe,Improved,0.9605263157894737,0.6248446146295871,0.7660034813874915,0.42051403537981313,3.0,3.0
20,6,Riker Lynch,0.0767222614840989,0.4829321554770314,38.0,Safe,Improved,1.0,0.6380689014731855,0.7902660082441451,0.42051403537981313,1.0,1.0
20,6,Rumer Willis,0.0740720848056537,0.4829321554770314,35.5,Safe,Improved,0.9342105263157895,0.6160284234005227,0.7498284634830565,0.42051403537981313,4.0,4.0
20,6,Nastia Liukin,0.0751321554770318,0.4829321554770319,36.5,Safe,Improved,0.9605263157894737,0.624844614629588,0.7660034813874921,0.42051403537981313,2.0,2.0
20,6,Michael Sam,0.1202413427561837,0.4829321554770318,0.0,Safe,Improved,0.0,1.0,0.5794859646201869,0.42051403537981313,9.5,6.5
20,6,Robert Herjavec,0.0719519434628975,0.4829321554770311,33.5,Safe,Improved,0.881578947368421,0.5983960409423921,0.7174784276741855,0.42051403537981313,7.0,12.0
20,6,Charlotte McKinney,0.1202413427561837,0.482932155477032,0.0,Safe,Improved,0.0,1.0,0.5794859646201869,0.42051403537981313,9.5,6.5
20,6,Noah Galloway,0.0724819787985865,0.4829321554770314,34.0,Safe,Improved,0.8947368421052632,0.6028041365569243,0.7255659366264031,0.42051403537981313,6.0,10.0
20,6,Redfoo,0.1202413427561837,0.4829321554770316,0.0,Safe,Improved,0.0,1.0,0.5794859646201869,0.42051403537981313,9.5,6.5
20,6,Patti LaBelle,0.0,0.9535663427561838,34.0,Eliminated,Improved,0.8947368421052632,0.0,0.3762494000766749,0.42051403537981313,12.0,11.0
20,6,Chris Soules,0.0735420494699646,0.4829321554770318,35.0,Safe,Improved,0.9210526315789473,0.6116203277859895,0.7417409545308384,0.42051403537981313,5.0,9.0
20,7,Suzanne Somers,0.1536433070866142,0.8513937007874017,0.0,Safe,Improved,0.0,1.0,0.475,0.525,9.5,4.5
20,7,Willow Shields,1.3877787807814457e-17,0.9869683070866144,39.0,Eliminated,Improved,0.9512195121951219,0.0,0.499390243902439,0.525,5.0,9.0
20,7,Riker Lynch,0.0400085301837269,0.8513937007874018,37.0,Safe,Improved,0.9024390243902439,0.2603987830148219,0.5974699097369185,0.525,3.5,7.5
20,7,Rumer Willis,0.0400085301837269,0.8513937007874002,37.0,Safe,Improved,0.9024390243902439,0.2603987830148219,0.5974699097369185,0.525,3.5,7.5
20,7,Nastia Liukin,0.0447329396325458,0.851393700787401,41.0,Safe,Improved,1.0,0.291147987379159,0.6632952940051006,0.525,1.0,1.0
20,7,Michael Sam,0.1536433070866142,0.851393700787402,0.0,Safe,Improved,0.0,1.0,0.475,0.525,9.5,4.5
20,7,Robert Herjavec,0.0329219160104986,0.8513937007874011,31.0,Safe,Improved,0.7560975609756098,0.21427497646831656,0.4987318333346455,0.525,6.5,11.5
20,7,Charlotte McKinney,0.1536433070866141,0.8513937007874008,0.0,Safe,Improved,0.0,0.9999999999999997,0.4749999999999998,0.525,12.0,10.0
20,7,Noah Galloway,0.0411896325459316,0.8513937007874011,38.0,Safe,Improved,0.926829268292683,0.268086084105906,0.613926255803964,0.525,2.0,2.0
20,7,Redfoo,0.1536433070866142,0.8513937007874016,0.0,Safe,Improved,0.0,1.0,0.475,0.525,9.5,4.5
20,7,Patti LaBelle,0.1536433070866142,0.8513937007874015,0.0,Safe,Improved,0.0,1.0,0.475,0.525,9.5,4.5
20,7,Chris Soules,0.0329219160104986,0.8513937007873996,31.0,Safe,Improved,0.7560975609756098,0.21427497646831656,0.4987318333346455,0.525,6.5,11.5
20,8,Suzanne Somers,0.1466721040189125,0.8800326241134746,0.0,Safe,Improved,0.0,0.9999999999999994,0.37051403537981287,0.6294859646201869,9.5,6.5
20,8,Willow Shields,0.1466721040189125,0.8800326241134755,0.0,Safe,Improved,0.0,0.9999999999999994,0.37051403537981287,0.6294859646201869,9.5,6.5
20,8,Riker Lynch,0.0281069503546098,0.8800326241134755,39.0,Safe,Improved,0.975,0.19163119355665312,0.6847508623340077,0.6294859646201869,2.0,2.0
20,8,Rumer Willis,0.0295253900709219,0.8800326241134744,40.0,Safe,Improved,1.0,0.20130201491562946,0.7040711864966641,0.6294859646201869,1.0,1.0
20,8,Nastia Liukin,0.0266885106382978,0.8800326241134763,38.0,Safe,Improved,0.95,0.18196037219767747,0.6654305381713518,0.6294859646201869,3.0,4.0
20,8,Michael Sam,0.1466721040189125,0.880032624113476,0.0,Safe,Improved,0.0,0.9999999999999994,0.37051403537981287,0.6294859646201869,9.5,6.5
20,8,Robert Herjavec,0.0,0.9859044917257684,31.0,Eliminated,Improved,0.775,0.0,0.48785162258064485,0.6294859646201869,6.0,12.0
20,8,Charlotte McKinney,0.1466721040189124,0.8800326241134735,0.0,Safe,Improved,0.0,0.9999999999999987,0.3705140353798126,0.6294859646201869,12.0,10.0
20,8,Noah Galloway,0.0174686524822695,0.8800326241134752,31.5,Safe,Improved,0.7875,0.11910003336433361,0.5398484311140868,0.6294859646201869,5.0,11.0
20,8,Redfoo,0.1466721040189125,0.8800326241134748,0.0,Safe,Improved,0.0,0.9999999999999994,0.37051403537981287,0.6294859646201869,9.5,6.5
20,8,Patti LaBelle,0.1466721040189126,0.8800326241134754,0.0,Safe,Improved,0.0,1.0,0.3705140353798131,0.6294859646201869,7.0,3.0
20,8,Chris Soules,0.0181778723404256,0.880032624113475,32.0,Eliminated,Improved,0.8,0.12393544404382212,0.5495085931954151,0.6294859646201869,4.0,9.0
21,2,Gary Busey,0.0729799184795488,0.0207327171903883,16.5,Safe,Improved,0.15789473684210525,0.48247395688704636,0.3981182793752279,0.2598924154791504,12.0,13.0
21,2,Alexa PenaVega,0.0793544717759135,0.0207327171903882,23.0,Safe,Improved,0.8421052631578947,0.8928919954617908,0.8796929089290382,0.2598924154791504,3.0,3.0
21,2,Carlos PenaVega,0.0787999431252666,0.0207327171903883,22.5,Safe,Improved,0.7894736842105263,0.8571893272823924,0.8395905452387211,0.2598924154791504,5.5,5.5
21,2,Victor Espinoza,0.0654862031375894,0.9146380207592782,18.5,Eliminated,Improved,0.3684210526315789,0.0,0.09574983728179223,0.2598924154791504,13.0,12.0
21,2,Alek Skarlatos,0.0787999431252666,0.0207327171903881,22.5,Safe,Improved,0.7894736842105263,0.8571893272823924,0.8395905452387211,0.2598924154791504,5.5,5.5
21,2,Chaka Khan,0.0785252049860183,0.0207327171903881,15.0,Eliminated,Improved,0.0,0.8395006386810644,0.621320789897953,0.2598924154791504,9.0,11.0
21,2,Andy Grammer,0.0782454144746196,0.0207327171903883,22.0,Safe,Improved,0.7368421052631579,0.8214866591029878,0.7994881815483994,0.2598924154791504,8.0,8.0
21,2,Tamar Braxton,0.0810180577278544,0.0207327171903882,24.5,Safe,Improved,1.0,1.0,1.0,0.2598924154791504,1.0,1.0
21,2,Nick Carter,0.0787999431252666,0.0207327171903881,22.5,Safe,Improved,0.7894736842105263,0.8571893272823924,0.8395905452387211,0.2598924154791504,5.5,5.5
21,2,Hayes Grier,0.0787999431252666,0.0207327171903883,22.5,Safe,Improved,0.7894736842105263,0.8571893272823924,0.8395905452387211,0.2598924154791504,5.5,5.5
21,2,Bindi Irwin,0.0804635290772074,0.0207327171903882,24.0,Safe,Improved,0.9473684210526315,0.9642973318205945,0.9598976363096776,0.2598924154791504,2.0,2.0
21,2,Kim Zolciak-Biermann,0.074363713920091,0.0207327171903878,18.5,Safe,Improved,0.3684210526315789,0.5715679818471782,0.518771635716164,0.2598924154791504,10.5,9.5
21,2,Paula Deen,0.074363713920091,0.0207327171903872,18.5,Safe,Improved,0.3684210526315789,0.5715679818471782,0.518771635716164,0.2598924154791504,10.5,9.5
21,4,Gary Busey,0.0080084419867843,0.9140427640156458,16.0,Eliminated,Improved,0.5714285714285714,0.0,0.16899713318380416,0.2957449830716573,13.0,11.0
21,4,Alexa PenaVega,0.0805410690981523,0.203689830508475,21.0,Safe,Improved,0.75,0.8907257372012443,0.8491068064349158,0.2957449830716573,8.0,8.0
21,4,Carlos PenaVega,0.0856258148608642,0.2036898305084749,25.0,Safe,Improved,0.8928571428571429,0.9531681730862476,0.9353314884721067,0.2957449830716573,5.0,5.0
21,4,Victor Espinoza,0.0759050521562758,0.2036898305084752,0.0,Safe,Improved,0.0,0.833793846372445,0.5872034993917742,0.2957449830716573,10.0,10.0
21,4,Alek Skarlatos,0.0843546284201862,0.2036898305084742,24.0,Safe,Improved,0.8571428571428571,0.9375575641149966,0.913775317962809,0.2957449830716573,6.0,6.0
21,4,Chaka Khan,0.0759050521562757,0.2036898305084741,0.0,Safe,Improved,0.0,0.8337938463724438,0.5872034993917734,0.2957449830716573,11.5,12.5
21,4,Andy Grammer,0.0830834419795083,0.2036898305084746,23.0,Safe,Improved,0.8214285714285714,0.9219469551437466,0.8922191474535117,0.2957449830716573,7.0,7.0
21,4,Tamar Braxton,0.0881681877422201,0.2036898305084746,27.0,Safe,Improved,0.9642857142857143,0.9843893910287488,0.978443829490702,0.2957449830716573,3.0,3.0
21,4,Nick Carter,0.0881681877422201,0.2036898305084749,27.0,Safe,Improved,0.9642857142857143,0.9843893910287488,0.978443829490702,0.2957449830716573,3.0,3.0
21,4,Hayes Grier,0.0881681877422201,0.2036898305084744,27.0,Safe,Improved,0.9642857142857143,0.9843893910287488,0.978443829490702,0.2957449830716573,3.0,3.0
21,4,Bindi Irwin,0.0894393741828981,0.2036898305084744,28.0,Safe,Improved,1.0,1.0,1.0,0.2957449830716573,1.0,1.0
21,4,Kim Zolciak-Biermann,0.0759050521562757,0.2036898305084749,0.0,Safe,Improved,0.0,0.8337938463724438,0.5872034993917734,0.2957449830716573,11.5,12.5
21,4,Paula Deen,0.0767275097761184,0.2036898305084734,18.0,Safe,Improved,0.6428571428571429,0.843893910287492,0.7844382949070228,0.2957449830716573,9.0,9.0
21,6,Gary Busey,0.0767773162939297,0.3071092651757193,0.0,Safe,Improved,0.0,0.8500080468734806,0.4925677329773999,0.42051403537981313,10.5,11.0
21,6,Alexa PenaVega,0.0807407348242811,0.3071092651757189,30.0,Safe,Improved,0.75,0.8938873826792375,0.8333807187485519,0.42051403537981313,7.5,7.5
21,6,Carlos PenaVega,0.0884084664536741,0.3071092651757192,38.0,Safe,Improved,0.95,0.978777476535848,0.9666761437497107,0.42051403537981313,5.0,5.0
21,6,Victor Espinoza,0.0767773162939297,0.307109265175719,0.0,Safe,Improved,0.0,0.8500080468734806,0.4925677329773999,0.42051403537981313,10.5,11.0
21,6,Alek Skarlatos,0.0807407348242811,0.3071092651757192,30.0,Safe,Improved,0.75,0.8938873826792375,0.8333807187485519,0.42051403537981313,7.5,7.5
21,6,Chaka Khan,0.0767773162939297,0.3071092651757185,0.0,Safe,Improved,0.0,0.8500080468734806,0.4925677329773999,0.42051403537981313,10.5,11.0
21,6,Andy Grammer,0.0903253993610223,0.3071092651757184,40.0,Safe,Improved,1.0,1.0,1.0,0.42051403537981313,2.0,2.0
21,6,Tamar Braxton,0.0903253993610223,0.3071092651757187,40.0,Safe,Improved,1.0,1.0,1.0,0.42051403537981313,2.0,2.0
21,6,Nick Carter,0.0893669329073482,0.3071092651757187,39.0,Safe,Improved,0.975,0.9893887382679241,0.9833380718748554,0.42051403537981313,4.0,4.0
21,6,Hayes Grier,0.0826576677316293,0.307109265175719,32.0,Safe,Improved,0.8,0.9151099061433897,0.8667045749988413,0.42051403537981313,6.0,6.0
21,6,Bindi Irwin,0.0903253993610223,0.3071092651757193,40.0,Safe,Improved,1.0,1.0,1.0,0.42051403537981313,2.0,2.0
21,6,Kim Zolciak-Biermann,0.0767773162939297,0.3071092651757189,0.0,Safe,Improved,0.0,0.8500080468734806,0.4925677329773999,0.42051403537981313,10.5,11.0
21,6,Paula Deen,0.0,0.9229234701400836,24.0,Eliminated,Improved,0.6,0.0,0.2523084212278879,0.42051403537981313,13.0,11.0
21,7,Gary Busey,0.1267968325791855,0.652683710407236,0.0,Safe,Improved,0.0,1.0,0.475,0.525,10.5,5.5
21,7,Alexa PenaVega,0.0521910148674855,0.6526837104072409,27.5,Safe,Improved,0.9482758620689655,0.4116113455349277,0.6933602167152976,0.525,4.0,8.0
21,7,Carlos PenaVega,0.0528697478991597,0.6526837104072409,28.0,Safe,Improved,0.9655172413793104,0.41696426341046156,0.7049545768441072,0.525,2.5,2.5
21,7,Victor Espinoza,0.1267968325791855,0.6526837104072409,0.0,Safe,Improved,0.0,1.0,0.475,0.525,10.5,5.5
21,7,Alek Skarlatos,0.050833548804137,0.6526837104072414,26.5,Safe,Improved,0.9137931034482759,0.4009055097838591,0.6701714964576779,0.525,7.0,13.0
21,7,Chaka Khan,0.1267968325791854,0.65268371040724,0.0,Safe,Improved,0.0,0.9999999999999991,0.47499999999999953,0.525,13.0,9.5
21,7,Andy Grammer,0.0528697478991597,0.65268371040724,28.0,Safe,Improved,0.9655172413793104,0.41696426341046156,0.7049545768441072,0.525,2.5,2.5
21,7,Tamar Braxton,0.0515122818358112,0.65268371040724,27.0,Safe,Improved,0.9310344827586207,0.406258427659393,0.6817658565864875,0.525,6.0,12.0
21,7,Nick Carter,0.0515122818358113,0.6526837104072403,27.0,Safe,Improved,0.9310344827586207,0.4062584276593938,0.6817658565864879,0.525,5.0,11.0
21,7,Hayes Grier,0.0,0.9729429864253392,28.0,Eliminated,Improved,0.9655172413793104,0.0,0.506896551724138,0.525,8.0,9.5
21,7,Bindi Irwin,0.0542272139625081,0.6526837104072407,29.0,Safe,Improved,1.0,0.4276700991615293,0.7281432971017264,0.525,1.0,1.0
21,7,Kim Zolciak-Biermann,0.1267968325791855,0.6526837104072404,0.0,Safe,Improved,0.0,1.0,0.475,0.525,10.5,5.5
21,7,Paula Deen,0.1267968325791855,0.6526837104072403,0.0,Safe,Improved,0.0,1.0,0.475,0.525,10.5,5.5
21,8,Gary Busey,0.1238106918887377,0.742864151332423,0.0,Safe,Improved,0.0,0.9999999999999991,0.37051403537981276,0.6294859646201869,12.5,10.0
21,8,Alexa PenaVega,0.0407939065447281,0.7428641513324277,26.9998,Safe,Improved,0.8181757575757576,0.3294861366366279,0.6371093940733694,0.6294859646201869,5.0,10.0
21,8,Carlos PenaVega,0.0438866996152222,0.7428641513324283,28.9998,Safe,Improved,0.8787818181818182,0.35446615268623877,0.6845155051461989,0.6294859646201869,2.0,2.0
21,8,Victor Espinoza,0.1238106918887378,0.7428641513324272,0.0,Safe,Improved,0.0,1.0,0.3705140353798131,0.6294859646201869,9.5,5.5
21,8,Alek Skarlatos,0.0377014227535411,0.7428641513324257,25.0,Safe,Improved,0.7575757575757576,0.3045086185886224,0.5897080236116474,0.6294859646201869,6.0,12.0
21,8,Chaka Khan,0.1238106918887378,0.7428641513324282,0.0,Safe,Improved,0.0,1.0,0.3705140353798131,0.6294859646201869,9.5,5.5
21,8,Andy Grammer,0.0,0.9713109934618356,23.9998,Eliminated,Improved,0.7272666666666667,0.0,0.4578041592027746,0.6294859646201869,7.0,13.0
21,8,Tamar Braxton,0.0423406123592822,0.7428641513324271,28.0,Safe,Improved,0.8484848484848485,0.3419786426630383,0.6608171902208915,0.6294859646201869,3.5,5.5
21,8,Nick Carter,0.0500725950355173,0.7428641513324279,33.0,Safe,Improved,1.0,0.40442868278706434,0.7793324679029645,0.6294859646201869,1.0,1.0
21,8,Hayes Grier,0.1238106918887378,0.742864151332427,0.0,Safe,Improved,0.0,1.0,0.3705140353798131,0.6294859646201869,9.5,5.5
21,8,Bindi Irwin,0.0423406123592822,0.742864151332427,28.0,Safe,Improved,0.8484848484848485,0.3419786426630383,0.6608171902208915,0.6294859646201869,3.5,5.5
21,8,Kim Zolciak-Biermann,0.1238106918887378,0.7428641513324273,0.0,Safe,Improved,0.0,1.0,0.3705140353798131,0.6294859646201869,9.5,5.5
21,8,Paula Deen,0.1238106918887377,0.7428641513324259,0.0,Safe,Improved,0.0,0.9999999999999991,0.37051403537981276,0.6294859646201869,12.5,10.0
22,2,Mischa Barton,0.0774011299435028,4.440892098500626e-16,15.0,Safe,Improved,0.18181818181818182,0.18181818181818596,0.18181818181818488,0.2598924154791504,11.0,11.0
22,2,Kim Fields,0.0824858757062146,2.55351295663786e-15,19.0,Safe,Improved,0.5454545454545454,0.545454545454543,0.5454545454545436,0.2598924154791504,9.5,9.5
22,2,Jodie Sweetin,0.0850282485875706,0.0,21.0,Safe,Improved,0.7272727272727273,0.727272727272729,0.7272727272727285,0.2598924154791504,3.5,3.5
22,2,Doug Flutie,0.0837570621468926,0.0,20.0,Safe,Improved,0.6363636363636364,0.636363636363636,0.636363636363636,0.2598924154791504,6.5,6.5
22,2,Von Miller,0.0837570621468926,1.1102230246251563e-16,20.0,Safe,Improved,0.6363636363636364,0.636363636363636,0.636363636363636,0.2598924154791504,6.5,6.5
22,2,Antonio Brown,0.0824858757062146,1.4432899320127037e-15,19.0,Safe,Improved,0.5454545454545454,0.545454545454543,0.5454545454545436,0.2598924154791504,9.5,9.5
22,2,Paige VanZant,0.0888418079096045,0.0,24.0,Safe,Improved,1.0,1.0,1.0,0.2598924154791504,1.5,1.5
22,2,Geraldo Rivera,0.0748587570621468,0.8885097457627122,13.0,Eliminated,Improved,0.0,0.0,0.0,0.2598924154791504,12.0,12.0
22,2,Nyle DiMarco,0.0837570621468926,2.1094237467877974e-15,20.0,Safe,Improved,0.6363636363636364,0.636363636363636,0.636363636363636,0.2598924154791504,6.5,6.5
22,2,Ginger Zee,0.0850282485875706,3.3306690738754696e-16,21.0,Safe,Improved,0.7272727272727273,0.727272727272729,0.7272727272727285,0.2598924154791504,3.5,3.5
22,2,Wanya Morris,0.0888418079096045,3.3306690738754696e-16,24.0,Safe,Improved,1.0,1.0,1.0,0.2598924154791504,1.5,1.5
22,2,Marla Maples,0.0837570621468926,1.7763568394002505e-14,20.0,Safe,Improved,0.6363636363636364,0.636363636363636,0.636363636363636,0.2598924154791504,6.5,6.5
22,3,Mischa Barton,0.0317010548280674,0.909374367088608,18.0,Eliminated,Improved,0.72,0.0,0.1955096262275187,0.2715411475382204,12.0,12.0
22,3,Kim Fields,0.0861814346040067,0.0760493670886082,22.0,Safe,Improved,0.88,0.7163817643934159,0.7608108478482067,0.2715411475382204,5.0,5.0
22,3,Jodie Sweetin,0.0874472573888168,0.0760493670886077,23.0,Safe,Improved,0.92,0.7330265154711634,0.7837975100193434,0.2715411475382204,4.0,4.0
22,3,Doug Flutie,0.0836497890343865,0.0760493670886079,20.0,Safe,Improved,0.8,0.6830922622379215,0.7148375235059337,0.2715411475382204,10.0,10.0
22,3,Von Miller,0.0836497890343865,0.0760493670886081,20.0,Safe,Improved,0.8,0.6830922622379215,0.7148375235059337,0.2715411475382204,10.0,10.0
22,3,Antonio Brown,0.0836497890343865,0.0760493670886081,20.0,Safe,Improved,0.8,0.6830922622379215,0.7148375235059337,0.2715411475382204,10.0,10.0
22,3,Paige VanZant,0.0874472573888169,0.0760493670886075,23.0,Safe,Improved,0.92,0.7330265154711646,0.7837975100193443,0.2715411475382204,3.0,3.0
22,3,Geraldo Rivera,0.107750421916675,0.0760493670886066,0.0,Safe,Improved,0.0,1.0,0.7284588524617797,0.2715411475382204,8.0,6.0
22,3,Nyle DiMarco,0.0899789029584371,0.0760493670886083,25.0,Safe,Improved,1.0,0.7663160176266591,0.8297708343616175,0.2715411475382204,1.0,1.0
22,3,Ginger Zee,0.0849156118191966,0.0760493670886084,21.0,Safe,Improved,0.84,0.6997370133156688,0.7378241856770703,0.2715411475382204,6.5,7.5
22,3,Wanya Morris,0.088713080173627,0.0760493670886077,24.0,Safe,Improved,0.96,0.749671266548912,0.8067841721904809,0.2715411475382204,2.0,2.0
22,3,Marla Maples,0.0849156118191966,0.0760493670886069,21.0,Safe,Improved,0.84,0.6997370133156688,0.7378241856770703,0.2715411475382204,6.5,7.5
22,4,Mischa Barton,0.0964021943428148,0.1916225705329158,0.0,Safe,Improved,0.0,1.0,0.7042550169283427,0.2957449830716573,10.5,6.5
22,4,Kim Fields,0.0884273772253313,0.1916225705329149,32.0,Safe,Improved,0.8888888888888888,0.9092474409341772,0.9032265013041799,0.2957449830716573,6.5,8.5
22,4,Jodie Sweetin,0.0837251828679645,0.1916225705329154,27.0,Safe,Improved,0.75,0.8557369760709318,0.8244657958727858,0.2957449830716573,8.0,10.0
22,4,Doug Flutie,0.0809038662535444,0.1916225705329151,24.0,Safe,Improved,0.6666666666666666,0.8236306971529843,0.7772093726139492,0.2957449830716573,9.0,12.0
22,4,Von Miller,0.0884273772253313,0.1916225705329153,32.0,Safe,Improved,0.8888888888888888,0.9092474409341772,0.9032265013041799,0.2957449830716573,6.5,8.5
22,4,Antonio Brown,0.0912486938397513,0.1916225705329156,35.0,Safe,Improved,0.9722222222222222,0.9413537198521236,0.9504829245630158,0.2957449830716573,3.5,3.5
22,4,Paige VanZant,0.0921891327112247,0.1916225705329152,36.0,Safe,Improved,1.0,0.9520558128247731,0.966235065649295,0.2957449830716573,1.5,1.5
22,4,Geraldo Rivera,0.0964021943428148,0.1916225705329143,0.0,Safe,Improved,0.0,1.0,0.7042550169283427,0.2957449830716573,10.5,6.5
22,4,Nyle DiMarco,0.090308254968278,0.1916225705329153,34.0,Safe,Improved,0.9444444444444444,0.9306516268794752,0.9347307834767375,0.2957449830716573,5.0,5.0
22,4,Ginger Zee,0.0921891327112247,0.1916225705329147,36.0,Safe,Improved,1.0,0.9520558128247731,0.966235065649295,0.2957449830716573,1.5,1.5
22,4,Wanya Morris,0.0912486938397513,0.1916225705329149,35.0,Safe,Improved,0.9722222222222222,0.9413537198521236,0.9504829245630158,0.2957449830716573,3.5,3.5
22,4,Marla Maples,0.0085278996719684,0.9211992946708464,28.0,Eliminated,Improved,0.7777777777777778,0.0,0.23002387572240013,0.2957449830716573,12.0,11.0
22,6,Mischa Barton,0.092611013215859,0.2778330396475765,0.0,Safe,Improved,0.0,0.9793264967079497,0.5675059596229145,0.42051403537981313,9.5,6.5
22,6,Kim Fields,0.0879580947136564,0.2778330396475765,24.0,Safe,Improved,0.8275862068965517,0.9301236403952906,0.8870052104572468,0.42051403537981313,7.0,10.0
22,6,Jodie Sweetin,0.0892796806167401,0.2778330396475776,25.0,Safe,Improved,0.8620689655172413,0.9440989123162326,0.9096041683657974,0.42051403537981313,4.5,4.5
22,6,Doug Flutie,0.0,0.9259360132158592,21.0,Eliminated,Improved,0.7241379310344828,0.0,0.30451016355089916,0.42051403537981313,12.0,12.0
22,6,Von Miller,0.0879580947136564,0.2778330396475774,24.0,Safe,Improved,0.8275862068965517,0.9301236403952906,0.8870052104572468,0.42051403537981313,7.0,10.0
22,6,Antonio Brown,0.0919228524229075,0.2778330396475771,27.0,Safe,Improved,0.9310344827586207,0.9720494561581162,0.9548020841828987,0.42051403537981313,3.0,3.0
22,6,Paige VanZant,0.0932444383259912,0.2778330396475774,28.0,Safe,Improved,0.9655172413793104,0.9860247280790582,0.9774010420914494,0.42051403537981313,2.0,2.0
22,6,Geraldo Rivera,0.092611013215859,0.2778330396475772,0.0,Safe,Improved,0.0,0.9793264967079497,0.5675059596229145,0.42051403537981313,9.5,6.5
22,6,Nyle DiMarco,0.0892796806167401,0.2778330396475774,25.0,Safe,Improved,0.8620689655172413,0.9440989123162326,0.9096041683657974,0.42051403537981313,4.5,4.5
22,6,Ginger Zee,0.0879580947136564,0.2778330396475775,24.0,Safe,Improved,0.8275862068965517,0.9301236403952906,0.8870052104572468,0.42051403537981313,7.0,10.0
22,6,Wanya Morris,0.0945660242290749,0.2778330396475772,29.0,Safe,Improved,1.0,1.0,1.0,0.42051403537981313,1.0,1.0
22,6,Marla Maples,0.0926110132158589,0.2778330396475772,0.0,Safe,Improved,0.0,0.9793264967079486,0.5675059596229138,0.42051403537981313,11.0,8.0
22,7,Mischa Barton,0.1215953271028037,0.489017757009344,0.0,Safe,Improved,0.0,0.9999999999999992,0.4749999999999996,0.525,10.0,6.0
22,7,Kim Fields,0.0,0.9549203271028036,26.0,Eliminated,Improved,0.9285714285714286,0.0,0.48750000000000004,0.525,8.0,11.0
22,7,Jodie Sweetin,0.071471562082777,0.4890177570093461,25.5,Safe,Improved,0.9107142857142857,0.5877821441472891,0.7573215184699624,0.525,7.0,12.0
22,7,Doug Flutie,0.1215953271028036,0.4890177570093462,0.0,Safe,Improved,0.0,0.9999999999999984,0.47499999999999926,0.525,11.5,7.5
22,7,Von Miller,0.0721724966622163,0.4890177570093449,26.0,Eliminated,Improved,0.9285714285714286,0.5935466303009939,0.7694346493929721,0.525,5.5,9.5
22,7,Antonio Brown,0.0721724966622163,0.4890177570093456,26.0,Safe,Improved,0.9285714285714286,0.5935466303009939,0.7694346493929721,0.525,5.5,9.5
22,7,Paige VanZant,0.074275300400534,0.489017757009346,27.5,Safe,Improved,0.9821428571428571,0.6108400887621062,0.8057740421620004,0.525,3.0,3.0
22,7,Geraldo Rivera,0.1215953271028036,0.4890177570093461,0.0,Safe,Improved,0.0,0.9999999999999984,0.47499999999999926,0.525,11.5,7.5
22,7,Nyle DiMarco,0.0749762349799733,0.4890177570093454,28.0,Safe,Improved,1.0,0.6166045749158108,0.8178871730850101,0.525,1.0,1.0
22,7,Ginger Zee,0.074275300400534,0.4890177570093461,27.5,Safe,Improved,0.9821428571428571,0.6108400887621062,0.8057740421620004,0.525,3.0,3.0
22,7,Wanya Morris,0.074275300400534,0.4890177570093459,27.5,Safe,Improved,0.9821428571428571,0.6108400887621062,0.8057740421620004,0.525,3.0,3.0
22,7,Marla Maples,0.1215953271028038,0.4890177570093459,0.0,Safe,Improved,0.0,1.0,0.475,0.525,9.0,5.0
23,2,Jake T. Austin,0.0705575174824694,0.9144279720279724,24.0,Eliminated,Improved,0.2,0.0,0.05197848309583008,0.2598924154791504,13.0,13.0
23,2,Maureen McCormick,0.0760052447552535,0.0059818181818183,26.0,Safe,Improved,0.4,0.5158166559096449,0.48571678545256963,0.2598924154791504,8.5,8.5
23,2,Marilu Henner,0.0768575174825262,0.0059818181818184,27.0,Safe,Improved,0.5,0.5965138799247025,0.5714306545438068,0.2598924154791504,7.0,7.0
23,2,Ryan Lochte,0.074300699300708,0.0059818181818174,24.0,Safe,Improved,0.2,0.35442220787952033,0.3142890472700883,0.2598924154791504,11.5,11.5
23,2,Calvin Johnson Jr.,0.0777097902097989,0.0059818181818189,28.0,Safe,Improved,0.6,0.6772111039397601,0.6571445236350442,0.2598924154791504,6.0,6.0
23,2,Laurie Hernandez,0.0811188811188898,0.0059818181818188,32.0,Safe,Improved,1.0,1.0,1.0,0.2598924154791504,1.0,1.0
23,2,Amber Rose,0.074300699300708,0.0059818181818198,24.0,Safe,Improved,0.2,0.35442220787952033,0.3142890472700883,0.2598924154791504,11.5,11.5
23,2,Rick Perry,0.0763393356642875,0.0059818181818193,22.0,Safe,Improved,0.0,0.5474499677181596,0.40517187325390414,0.2598924154791504,10.0,10.0
23,2,James Hinchcliffe,0.0785620629370716,0.0059818181818184,29.0,Safe,Improved,0.7,0.7579083279548178,0.7428583927262813,0.2598924154791504,4.5,4.5
23,2,Babyface,0.0794143356643444,0.0059818181818183,30.0,Safe,Improved,0.8,0.8386055519698847,0.8285722618175255,0.2598924154791504,3.0,3.0
23,2,Vanilla Ice,0.0760052447552535,0.0059818181818183,26.0,Safe,Improved,0.4,0.5158166559096449,0.48571678545256963,0.2598924154791504,8.5,8.5
23,2,Jana Kramer,0.0785620629370716,0.0059818181818181,29.0,Safe,Improved,0.7,0.7579083279548178,0.7428583927262813,0.2598924154791504,4.5,4.5
23,2,Terra Jole,0.0802666083916171,0.0059818181818166,31.0,Safe,Improved,0.9,0.9193027759849424,0.9142861309087627,0.2598924154791504,2.0,2.0
23,3,Jake T. Austin,0.0998961538338407,0.0709692307692313,0.0,Safe,Improved,0.0,1.0,0.7284588524617797,0.2715411475382204,7.0,7.0
23,3,Maureen McCormick,0.0796923076945464,0.0709692307692307,28.0,Safe,Improved,0.875,0.7149137090949464,0.7583837242324422,0.2715411475382204,5.5,5.5
23,3,Marilu Henner,0.0796923076945464,0.0709692307692306,28.0,Safe,Improved,0.875,0.7149137090949464,0.7583837242324422,0.2715411475382204,5.5,5.5
23,3,Ryan Lochte,0.0769230769253156,0.0709692307692307,25.0,Safe,Improved,0.78125,0.6758384892968347,0.7044620518769096,0.2715411475382204,10.0,10.0
23,3,Calvin Johnson Jr.,0.0833846153868541,0.0709692307692307,32.0,Safe,Improved,1.0,0.767014002159095,0.8302792873731517,0.2715411475382204,1.0,1.0
23,3,Laurie Hernandez,0.0824615384637772,0.0709692307692306,31.0,Safe,Improved,0.96875,0.7539889288930582,0.8123053965879746,0.2715411475382204,2.0,2.0
23,3,Amber Rose,0.0769230769253156,0.0709692307692309,25.0,Safe,Improved,0.78125,0.6758384892968347,0.7044620518769096,0.2715411475382204,10.0,10.0
23,3,Rick Perry,0.0290269230646099,0.9170153846153846,23.0,Eliminated,Improved,0.71875,0.0,0.1951701997930959,0.2715411475382204,13.0,13.0
23,3,James Hinchcliffe,0.0806153846176233,0.0709692307692306,29.0,Safe,Improved,0.90625,0.7279387823609832,0.7763576150176192,0.2715411475382204,4.0,4.0
23,3,Babyface,0.0769230769253156,0.0709692307692306,25.0,Safe,Improved,0.78125,0.6758384892968347,0.7044620518769096,0.2715411475382204,10.0,10.0
23,3,Vanilla Ice,0.0750769230791618,0.0709692307692306,23.0,Safe,Improved,0.71875,0.6497883427647612,0.6685142703065554,0.2715411475382204,12.0,12.0
23,3,Jana Kramer,0.0778461538483926,0.0709692307692306,26.0,Safe,Improved,0.8125,0.6888635625628727,0.7224359426620877,0.2715411475382204,8.0,8.0
23,3,Terra Jole,0.0815384615407003,0.0709692307692294,30.0,Safe,Improved,0.9375,0.7409638556270214,0.7943315058027973,0.2715411475382204,3.0,3.0
23,4,Jake T. Austin,0.0837645446507515,0.1381310344827591,0.0,Safe,Improved,0.0,0.9380093040681874,0.6605977583154843,0.2957449830716573,11.5,8.0
23,4,Maureen McCormick,0.0814323607427055,0.1381310344827586,24.0,Safe,Improved,0.8,0.9063348840113639,0.8748868755394964,0.2957449830716573,4.5,4.5
23,4,Marilu Henner,0.0779840848806366,0.1381310344827588,21.0,Safe,Improved,0.7,0.8595023260170469,0.8123303133092453,0.2957449830716573,10.0,12.0
23,4,Ryan Lochte,0.0791335101679929,0.1381310344827588,22.0,Safe,Improved,0.7333333333333333,0.8751131786818193,0.833182500719329,0.2957449830716573,9.0,11.0
23,4,Calvin Johnson Jr.,0.0802829354553492,0.1381310344827592,23.0,Safe,Improved,0.7666666666666667,0.8907240313465914,0.8540346881294126,0.2957449830716573,7.0,8.0
23,4,Laurie Hernandez,0.0883289124668435,0.1381310344827591,30.0,Safe,Improved,1.0,1.0,1.0,0.2957449830716573,1.0,1.0
23,4,Amber Rose,0.0814323607427055,0.1381310344827591,24.0,Safe,Improved,0.8,0.9063348840113639,0.8748868755394964,0.2957449830716573,4.5,4.5
23,4,Rick Perry,0.0837645446507515,0.1381310344827588,0.0,Safe,Improved,0.0,0.9380093040681874,0.6605977583154843,0.2957449830716573,11.5,8.0
23,4,James Hinchcliffe,0.0860300618921308,0.1381310344827588,28.0,Safe,Improved,0.9333333333333333,0.968778294670454,0.9582956251798316,0.2957449830716573,2.0,2.0
23,4,Babyface,0.0146990274093722,0.9152116710875332,18.0,Eliminated,Improved,0.6,0.0,0.17744698984299437,0.2957449830716573,13.0,13.0
23,4,Vanilla Ice,0.0802829354553492,0.1381310344827587,23.0,Eliminated,Improved,0.7666666666666667,0.8907240313465914,0.8540346881294126,0.2957449830716573,7.0,8.0
23,4,Jana Kramer,0.0802829354553492,0.1381310344827585,23.0,Safe,Improved,0.7666666666666667,0.8907240313465914,0.8540346881294126,0.2957449830716573,7.0,8.0
23,4,Terra Jole,0.0825817860300618,0.1381310344827577,25.0,Safe,Improved,0.8333333333333334,0.9219457366761359,0.8957390629495798,0.2957449830716573,3.0,3.0
23,6,Jake T. Austin,0.0919032786885246,0.3676131147540982,0.0,Safe,Improved,0.0,1.0,0.5794859646201869,0.42051403537981313,10.0,6.0
23,6,Maureen McCormick,0.0754827868852459,0.3676131147540987,31.0,Safe,Improved,0.775,0.8213285528263854,0.8018467461240553,0.42051403537981313,6.0,10.0
23,6,Marilu Henner,0.078433606557377,0.3676131147540988,34.0,Safe,Improved,0.85,0.8534364353115349,0.8519913660313596,0.42051403537981313,5.0,8.0
23,6,Ryan Lochte,0.0744991803278688,0.3676131147540992,30.0,Safe,Improved,0.75,0.8106259253313348,0.78513187282162,0.42051403537981313,7.5,11.5
23,6,Calvin Johnson Jr.,0.0813844262295082,0.3676131147540983,37.0,Safe,Improved,0.925,0.8855443177966856,0.9021359859386648,0.42051403537981313,3.5,3.5
23,6,Laurie Hernandez,0.0813844262295082,0.3676131147540975,37.0,Safe,Improved,0.925,0.8855443177966856,0.9021359859386648,0.42051403537981313,3.5,3.5
23,6,Amber Rose,0.0,0.9380494325346784,28.0,Eliminated,Improved,0.7,0.0,0.2943598247658692,0.42051403537981313,13.0,13.0
23,6,Rick Perry,0.0919032786885246,0.3676131147540984,0.0,Safe,Improved,0.0,1.0,0.5794859646201869,0.42051403537981313,10.0,6.0
23,6,James Hinchcliffe,0.0823680327868852,0.3676131147540987,38.0,Safe,Improved,0.95,0.8962469452917352,0.9188508592410995,0.42051403537981313,2.0,2.0
23,6,Babyface,0.0919032786885245,0.3676131147540983,0.0,Safe,Improved,0.0,0.9999999999999989,0.5794859646201862,0.42051403537981313,12.0,9.0
23,6,Vanilla Ice,0.0919032786885246,0.3676131147540979,0.0,Safe,Improved,0.0,1.0,0.5794859646201869,0.42051403537981313,10.0,6.0
23,6,Jana Kramer,0.0843352459016393,0.3676131147540983,40.0,Safe,Improved,1.0,0.9176522002818351,0.9522806058459693,0.42051403537981313,1.0,1.0
23,6,Terra Jole,0.0744991803278688,0.3676131147540979,30.0,Safe,Improved,0.75,0.8106259253313348,0.78513187282162,0.42051403537981313,7.5,11.5
23,7,Jake T. Austin,0.1198822141560799,0.6032408348457368,0.0,Safe,Improved,0.0,1.0,0.475,0.525,8.5,4.5
23,7,Maureen McCormick,0.0,0.9660283680022336,33.0,Eliminated,Improved,0.8918918918918919,0.0,0.46824324324324323,0.525,13.0,12.0
23,7,Marilu Henner,0.0543491055224267,0.6032408348457355,32.0,Safe,Improved,0.8648648648648649,0.45335420191411563,0.669397299963259,0.525,7.0,13.0
23,7,Ryan Lochte,0.0554380347420274,0.6032408348457355,33.0,Safe,Improved,0.8918918918918919,0.46243752780416786,0.687901068950223,0.525,6.0,11.0
23,7,Calvin Johnson Jr.,0.0597937516204303,0.6032408348457358,37.0,Safe,Improved,1.0,0.49877083136437733,0.7619161448980792,0.525,2.0,2.0
23,7,Laurie Hernandez,0.0570714285714285,0.603240834845735,34.5,Safe,Improved,0.9324324324324325,0.47606251663924654,0.7156567224306691,0.525,4.5,6.5
23,7,Amber Rose,0.1198822141560798,0.6032408348457348,0.0,Safe,Improved,0.0,0.9999999999999992,0.4749999999999996,0.525,11.0,9.0
23,7,Rick Perry,0.1198822141560798,0.6032408348457351,0.0,Safe,Improved,0.0,0.9999999999999992,0.4749999999999996,0.525,11.0,9.0
23,7,James Hinchcliffe,0.0597937516204304,0.6032408348457353,37.0,Safe,Improved,1.0,0.4987708313643782,0.7619161448980797,0.525,1.0,1.0
23,7,Babyface,0.1198822141560798,0.6032408348457354,0.0,Safe,Improved,0.0,0.9999999999999992,0.4749999999999996,0.525,11.0,9.0
23,7,Vanilla Ice,0.1198822141560799,0.6032408348457357,0.0,Safe,Improved,0.0,1.0,0.475,0.525,8.5,4.5
23,7,Jana Kramer,0.0570714285714285,0.6032408348457345,34.5,Safe,Improved,0.9324324324324325,0.47606251663924654,0.7156567224306691,0.525,4.5,6.5
23,7,Terra Jole,0.0570714285714286,0.6032408348457343,34.5,Safe,Improved,0.9324324324324325,0.4760625166392473,0.7156567224306696,0.525,3.0,3.0
23,8,Jake T. Austin,0.1294533625406592,0.801795821886386,0.0,Safe,Improved,0.0,0.9999999999999991,0.37051403537981276,0.6294859646201869,11.0,8.0
23,8,Maureen McCormick,0.1294533625406593,0.8017958218863903,0.0,Safe,Improved,0.0,1.0,0.3705140353798131,0.6294859646201869,8.0,3.0
23,8,Marilu Henner,0.0280093646195998,0.8017958218863918,23.0,Safe,Improved,0.6571466122663558,0.21636645097420695,0.49383137599063687,0.6294859646201869,6.0,13.0
23,8,Ryan Lochte,0.0,0.9783813442962266,26.0,Eliminated,Improved,0.7428613877793587,0.0,0.46762081726538035,0.6294859646201869,7.0,12.0
23,8,Calvin Johnson Jr.,0.0384571362094223,0.8017958218863898,30.0,Safe,Improved,0.8571477551300293,0.2970732892113444,0.6496323046493038,0.6294859646201869,3.5,4.5
23,8,Laurie Hernandez,0.0429347526050605,0.8017958218863912,33.0,Safe,Improved,0.9428625306430323,0.33166193417011747,0.7164041312173038,0.6294859646201869,2.0,2.0
23,8,Amber Rose,0.1294533625406592,0.8017958218863905,0.0,Safe,Improved,0.0,0.9999999999999991,0.37051403537981276,0.6294859646201869,11.0,8.0
23,8,Rick Perry,0.1294533625406592,0.80179582188639,0.0,Safe,Improved,0.0,0.9999999999999991,0.37051403537981276,0.6294859646201869,11.0,8.0
23,8,James Hinchcliffe,0.045919531694393,0.8017958218863909,34.9998,Safe,Improved,1.0,0.3547187248996362,0.760914230807533,0.6294859646201869,1.0,1.0
23,8,Babyface,0.1294533625406592,0.8017958218863902,0.0,Safe,Improved,0.0,0.9999999999999991,0.37051403537981276,0.6294859646201869,11.0,8.0
23,8,Vanilla Ice,0.1294533625406592,0.80179582188639,0.0,Safe,Improved,0.0,0.9999999999999991,0.37051403537981276,0.6294859646201869,11.0,8.0
23,8,Jana Kramer,0.0384571362094223,0.8017958218863903,30.0,Safe,Improved,0.8571477551300293,0.2970732892113444,0.6496323046493038,0.6294859646201869,3.5,4.5
23,8,Terra Jole,0.029501903418146,0.8017958218863908,24.0,Safe,Improved,0.6857182041040234,0.227895999293799,0.5160886515133039,0.6294859646201869,5.0,11.0
24,2,Charo,0.0811991869918699,0.0001000000000062,25.0,Safe,Improved,0.3,0.3038058612916079,0.3028167468075533,0.2598924154791504,9.5,9.5
24,2,Mr. T,0.0785052845528455,0.0001000000000002,22.0,Safe,Improved,0.0,0.010873889404588591,0.00804784802157692,0.2598924154791504,11.0,11.0
24,2,Heather Morris,0.0857723577235772,9.999999999821264e-05,30.0,Safe,Improved,0.8,0.8010873889404612,0.8008047848021594,0.2598924154791504,3.0,3.0
24,2,Nancy Kerrigan,0.0839430894308943,0.0001000000000035,28.0,Safe,Improved,0.6,0.6021747778809222,0.6016095696043187,0.2598924154791504,6.0,6.0
24,2,Bonner Bolton,0.0839430894308943,9.999999999532604e-05,28.0,Safe,Improved,0.6,0.6021747778809222,0.6016095696043187,0.2598924154791504,6.0,6.0
24,2,Simone Biles,0.0848577235772357,0.0001000000000037,29.0,Safe,Improved,0.7,0.7016310834106857,0.7012071772032347,0.2598924154791504,4.0,4.0
24,2,David Ross,0.0830284552845528,0.0001000000000015,27.0,Safe,Improved,0.5,0.5027184723511468,0.5020119620053939,0.2598924154791504,8.0,8.0
24,2,Rashad Jennings,0.0876016260162601,0.0001000000000001,32.0,Safe,Improved,1.0,1.0,1.0,0.2598924154791504,1.5,1.5
24,2,Chris Kattan,0.0784052845528455,0.9004981707317073,22.0,Eliminated,Improved,0.0,0.0,0.0,0.2598924154791504,12.0,12.0
24,2,Erika Jayne,0.0839430894308943,9.999999999865672e-05,28.0,Safe,Improved,0.6,0.6021747778809222,0.6016095696043187,0.2598924154791504,6.0,6.0
24,2,Normani,0.0876016260162601,0.0001000000000001,32.0,Safe,Improved,1.0,1.0,1.0,0.2598924154791504,1.5,1.5
24,2,Nick Viall,0.0811991869918699,9.999999999732444e-05,25.0,Safe,Improved,0.3,0.3038058612916079,0.3028167468075533,0.2598924154791504,9.5,9.5
24,3,Charo,0.03161666665454,0.9096154761904764,24.0,Eliminated,Improved,0.7058823529411765,0.0,0.19167610414462619,0.2715411475382204,12.0,12.0
24,3,Mr. T,0.0811904761929015,0.0764904761904764,24.0,Safe,Improved,0.7058823529411765,0.6498033832504785,0.6650311310330518,0.2715411475382204,10.5,10.5
24,3,Heather Morris,0.08976190476433,0.0764904761904766,33.0,Safe,Improved,0.9705882352941176,0.7621559205452781,0.8187538704762256,0.2715411475382204,2.5,2.5
24,3,Nancy Kerrigan,0.08976190476433,0.0764904761904762,33.0,Safe,Improved,0.9705882352941176,0.7621559205452781,0.8187538704762256,0.2715411475382204,2.5,2.5
24,3,Bonner Bolton,0.0811904761929015,0.0764904761904762,24.0,Safe,Improved,0.7058823529411765,0.6498033832504785,0.6650311310330518,0.2715411475382204,10.5,10.5
24,3,Simone Biles,0.0888095238119491,0.0764904761904763,32.0,Safe,Improved,0.9411764705882353,0.749672305290301,0.8016735660936511,0.2715411475382204,4.0,4.0
24,3,David Ross,0.0878571428595681,0.0764904761904764,31.0,Safe,Improved,0.9117647058823529,0.7371886900353224,0.7845932617110757,0.2715411475382204,5.0,5.0
24,3,Rashad Jennings,0.0850000000024253,0.0764904761904761,28.0,Safe,Improved,0.8235294117647058,0.6997378442703898,0.7333523485633514,0.2715411475382204,6.0,6.5
24,3,Chris Kattan,0.1079071428450162,0.0764904761904762,0.0,Safe,Improved,0.0,1.0,0.7284588524617797,0.2715411475382204,7.0,6.5
24,3,Erika Jayne,0.0830952380976634,0.0764904761904764,26.0,Safe,Improved,0.7647058823529411,0.674770613760434,0.6991917397982015,0.2715411475382204,8.5,8.5
24,3,Normani,0.090714285716711,0.0764904761904761,34.0,Safe,Improved,1.0,0.7746395358002566,0.835834174858801,0.2715411475382204,1.0,1.0
24,3,Nick Viall,0.0830952380976634,0.0764904761904763,26.0,Safe,Improved,0.7647058823529411,0.674770613760434,0.6991917397982015,0.2715411475382204,8.5,8.5
24,4,Charo,0.095585480587149,0.1719791411042954,0.0,Safe,Improved,0.0,1.0,0.7042550169283427,0.2957449830716573,10.5,6.5
24,4,Mr. T,0.0095959100350018,0.9193145705521472,28.0,Eliminated,Improved,0.717948717948718,0.0,0.21232973143606165,0.2957449830716573,12.0,12.0
24,4,Heather Morris,0.0905419222855379,0.1719791411042945,35.0,Safe,Improved,0.8974358974358975,0.9413468602154199,0.9283604132715298,0.2957449830716573,3.0,3.0
24,4,Nancy Kerrigan,0.0887014314879919,0.1719791411042948,33.0,Safe,Improved,0.8461538461538461,0.9199432087524805,0.898120374959879,0.2957449830716573,4.0,4.0
24,4,Bonner Bolton,0.0877811860892189,0.1719791411042943,32.0,Safe,Improved,0.8205128205128205,0.9092413830210108,0.8830003558040536,0.2957449830716573,5.5,6.5
24,4,Simone Biles,0.0914621676843109,0.1719791411042946,36.0,Safe,Improved,0.9230769230769231,0.9520486859468896,0.9434804324273554,0.2957449830716573,2.0,2.0
24,4,David Ross,0.0868609406904458,0.171979141104295,31.0,Safe,Improved,0.7948717948717948,0.8985395572895397,0.8678803366482272,0.2957449830716573,7.0,9.0
24,4,Rashad Jennings,0.0942229038806299,0.1719791411042944,39.0,Safe,Improved,1.0,0.9841541631412989,0.9888404898948316,0.2957449830716573,1.0,1.0
24,4,Chris Kattan,0.095585480587149,0.1719791411042944,0.0,Safe,Improved,0.0,1.0,0.7042550169283427,0.2957449830716573,10.5,6.5
24,4,Erika Jayne,0.0859406952916728,0.1719791411042948,30.0,Safe,Improved,0.7692307692307693,0.88783773155807,0.8527603174924018,0.2957449830716573,8.5,10.5
24,4,Normani,0.0877811860892189,0.1719791411042945,32.0,Safe,Improved,0.8205128205128205,0.9092413830210108,0.8830003558040536,0.2957449830716573,5.5,6.5
24,4,Nick Viall,0.0859406952916728,0.1719791411042941,30.0,Safe,Improved,0.7692307692307693,0.88783773155807,0.8527603174924018,0.2957449830716573,8.5,10.5
24,5,Charo,0.1053631578947368,0.3328368421052626,0.0,Safe,Improved,0.0,1.0,0.6576101118236585,0.34238988817634153,10.0,7.0
24,5,Mr. T,0.1053631578947368,0.3328368421052631,0.0,Safe,Improved,0.0,1.0,0.6576101118236585,0.34238988817634153,10.0,7.0
24,5,Heather Morris,0.0854888157894736,0.3328368421052631,34.0,Safe,Improved,0.8717948717948718,0.8113729457015829,0.8320608022200633,0.34238988817634153,4.5,4.5
24,5,Nancy Kerrigan,0.0874624999999999,0.3328368421052627,36.0,Safe,Improved,0.9230769230769231,0.8301051501073974,0.8619377450579895,0.34238988817634153,3.0,3.0
24,5,Bonner Bolton,0.081541447368421,0.3328368421052631,30.0,Safe,Improved,0.7692307692307693,0.7739085368899543,0.772306916544211,0.34238988817634153,7.0,10.0
24,5,Simone Biles,0.0894361842105263,0.3328368421052632,38.0,Safe,Improved,0.9743589743589743,0.8488373545132126,0.8918146878959162,0.34238988817634153,2.0,2.0
24,5,David Ross,0.0805546052631578,0.3328368421052631,29.0,Safe,Improved,0.7435897435897436,0.7645424346870467,0.7573684451252477,0.34238988817634153,8.0,12.0
24,5,Rashad Jennings,0.0835151315789473,0.3328368421052632,32.0,Safe,Improved,0.8205128205128205,0.7926407412957687,0.8021838593821372,0.34238988817634153,6.0,9.0
24,5,Chris Kattan,0.1053631578947368,0.3328368421052631,0.0,Safe,Improved,0.0,1.0,0.6576101118236585,0.34238988817634153,10.0,7.0
24,5,Erika Jayne,2.775557561562892e-17,0.9386881578947366,32.0,Eliminated,Improved,0.8205128205128205,0.0,0.2809352928626392,0.34238988817634153,12.0,11.0
24,5,Normani,0.0904230263157894,0.3328368421052631,39.0,Safe,Improved,1.0,0.8582034567161193,0.906753159314879,0.34238988817634153,1.0,1.0
24,5,Nick Viall,0.0854888157894736,0.3328368421052642,34.0,Safe,Improved,0.8717948717948718,0.8113729457015829,0.8320608022200633,0.34238988817634153,4.5,4.5
24,6,Charo,0.1376464684014869,0.6516576208178396,0.0,Safe,Improved,0.0,0.9999999999999992,0.5794859646201864,0.42051403537981313,10.0,8.0
24,6,Mr. T,0.1376464684014869,0.6516576208178442,0.0,Safe,Improved,0.0,0.9999999999999992,0.5794859646201864,0.42051403537981313,10.0,8.0
24,6,Heather Morris,0.0,0.9709714684014868,37.0,Eliminated,Improved,1.0,0.0,0.42051403537981313,0.42051403537981313,12.0,5.5
24,6,Nancy Kerrigan,0.0646003186404673,0.6516576208178452,33.5,Safe,Improved,0.9054054054054054,0.4693205673249908,0.6527003623541383,0.42051403537981313,4.0,5.5
24,6,Bonner Bolton,0.0623698353690918,0.6516576208178446,31.5,Safe,Improved,0.8513513513513513,0.4531161321710889,0.6205796312189453,0.42051403537981313,5.0,10.0
24,6,Simone Biles,0.065715560276155,0.6516576208178437,34.5,Safe,Improved,0.9324324324324325,0.47742278490194134,0.6687607279217347,0.42051403537981313,3.0,3.0
24,6,David Ross,0.061812214551248,0.6516576208178454,31.0,Safe,Improved,0.8378378378378378,0.449065023382614,0.6125494484351475,0.42051403537981313,6.0,11.0
24,6,Rashad Jennings,0.0662731810939989,0.6516576208178451,35.0,Safe,Improved,0.9459459459459459,0.48147389369041704,0.676790910705533,0.42051403537981313,2.0,2.0
24,6,Chris Kattan,0.1376464684014869,0.651657620817845,0.0,Safe,Improved,0.0,0.9999999999999992,0.5794859646201864,0.42051403537981313,10.0,8.0
24,6,Erika Jayne,0.137646468401487,0.6516576208178453,0.0,Safe,Improved,0.0,1.0,0.5794859646201869,0.42051403537981313,8.0,4.0
24,6,Normani,0.0673884227296866,0.6516576208178446,36.0,Safe,Improved,0.972972972972973,0.48957611126736766,0.6928512762731291,0.42051403537981313,1.0,1.0
24,6,Nick Viall,0.0612545937334041,0.6516576208178457,30.5,Safe,Improved,0.8243243243243243,0.4450139145941383,0.6045192656513492,0.42051403537981313,7.0,12.0
24,7,Charo,0.1423924901185771,0.7557407114624477,0.0,Safe,Improved,0.0,1.0,0.475,0.525,8.0,5.0
24,7,Mr. T,0.142392490118577,0.7557407114624499,0.0,Safe,Improved,0.0,0.9999999999999992,0.4749999999999996,0.525,10.5,8.5
24,7,Heather Morris,0.142392490118577,0.755740711462451,0.0,Safe,Improved,0.0,0.9999999999999992,0.4749999999999996,0.525,10.5,8.5
24,7,Nancy Kerrigan,0.0,0.9757174901185768,36.0,Eliminated,Improved,0.8571428571428571,0.0,0.45,0.525,12.0,10.5
24,7,Bonner Bolton,0.0418797760210803,0.7557407114624513,31.0,Safe,Improved,0.7380952380952381,0.29411506172976526,0.5272046543216385,0.525,6.0,12.0
24,7,Simone Biles,0.0513659420289854,0.7557407114624506,39.0,Safe,Improved,0.9285714285714286,0.36073490944789643,0.6588490819877508,0.525,2.5,2.5
24,7,David Ross,0.0430655467720684,0.7557407114624514,32.0,Safe,Improved,0.7619047619047619,0.3024425426945314,0.5436602077799024,0.525,5.0,10.5
24,7,Rashad Jennings,0.0513659420289854,0.7557407114624504,39.0,Safe,Improved,0.9285714285714286,0.36073490944789643,0.6588490819877508,0.525,2.5,2.5
24,7,Chris Kattan,0.1423924901185771,0.7557407114624506,0.0,Safe,Improved,0.0,1.0,0.475,0.525,8.0,5.0
24,7,Erika Jayne,0.1423924901185771,0.7557407114624503,0.0,Safe,Improved,0.0,1.0,0.475,0.525,8.0,5.0
24,7,Normani,0.0549232542819498,0.7557407114624508,42.0,Safe,Improved,1.0,0.38571735234219556,0.7082157423625429,0.525,1.0,1.0
24,7,Nick Viall,0.0454370882740448,0.7557407114624514,34.0,Eliminated,Improved,0.8095238095238095,0.3190975046240651,0.576571314696431,0.525,4.0,7.0
25,2,Sasha Pieterse,0.0785262269722964,0.0,22.5,Safe,Improved,0.7857142857142857,0.7857142857142874,0.7857142857142869,0.2598924154791504,4.5,4.5
25,2,Frankie Muniz,0.0801715651807059,0.0,24.0,Safe,Improved,1.0,1.0,1.0,0.2598924154791504,1.5,1.5
25,2,Jordan Fisher,0.0801715651807059,0.0,24.0,Safe,Improved,1.0,1.0,1.0,0.2598924154791504,1.5,1.5
25,2,Derek Fisher,0.0746871044860076,2.220446049250313e-16,19.0,Safe,Improved,0.2857142857142857,0.2857142857142937,0.2857142857142916,0.2598924154791504,11.5,11.5
25,2,Nikki Bella,0.0752355505554774,1.1768364061026661e-14,19.5,Safe,Improved,0.35714285714285715,0.35714285714286037,0.3571428571428595,0.2598924154791504,9.5,9.5
25,2,Terrell Owens,0.0752355505554774,2.3536728122053322e-14,19.5,Safe,Improved,0.35714285714285715,0.35714285714286037,0.3571428571428595,0.2598924154791504,9.5,9.5
25,2,Victoria Arlen,0.0779777809028266,0.0,22.0,Safe,Improved,0.7142857142857143,0.7142857142857207,0.714285714285719,0.2598924154791504,6.0,6.0
25,2,Barbara Corcoran,0.0724933202081282,0.9084033750527356,17.0,Eliminated,Improved,0.0,0.0,0.0,0.2598924154791504,13.0,13.0
25,2,Lindsey Stirling,0.0785262269722964,0.0,22.5,Safe,Improved,0.7857142857142857,0.7857142857142874,0.7857142857142869,0.2598924154791504,4.5,4.5
25,2,Debbie Gibson,0.0763324426944171,0.0,20.5,Eliminated,Improved,0.5,0.5000000000000063,0.5000000000000047,0.2598924154791504,7.5,7.5
25,2,Nick Lachey,0.0746871044860076,5.6621374255882976e-15,19.0,Safe,Improved,0.2857142857142857,0.2857142857142937,0.2857142857142916,0.2598924154791504,11.5,11.5
25,2,Drew Scott,0.0763324426944171,1.2212453270876722e-15,20.5,Safe,Improved,0.5,0.5000000000000063,0.5000000000000047,0.2598924154791504,7.5,7.5
25,2,Vanessa Lachey,0.0796231191112361,1.3322676295501878e-15,23.5,Safe,Improved,0.9285714285714286,0.9285714285714334,0.9285714285714322,0.2598924154791504,3.0,3.0
25,4,Sasha Pieterse,0.0804144195288106,0.1737317343173436,24.0,Safe,Improved,0.8275862068965517,0.8794594195534818,0.8641181771543855,0.2957449830716573,6.5,8.5
25,4,Frankie Muniz,0.0804144195288106,0.1737317343173431,24.0,Safe,Improved,0.8275862068965517,0.8794594195534818,0.8641181771543855,0.2957449830716573,6.5,8.5
25,4,Jordan Fisher,0.0859494748793641,0.173731734317343,29.0,Safe,Improved,1.0,0.944600058192303,0.9609843130443911,0.2957449830716573,1.0,1.0
25,4,Derek Fisher,0.0056860062446778,0.9311170025546412,23.0,Eliminated,Improved,0.7931034482758621,0.0,0.23455636588441786,0.2957449830716573,13.0,12.5
25,4,Nikki Bella,0.0804144195288106,0.1737317343173433,24.0,Safe,Improved,0.8275862068965517,0.8794594195534818,0.8641181771543855,0.2957449830716573,6.5,8.5
25,4,Terrell Owens,0.0804144195288106,0.1737317343173432,24.0,Safe,Improved,0.8275862068965517,0.8794594195534818,0.8641181771543855,0.2957449830716573,6.5,8.5
25,4,Victoria Arlen,0.0837354527391427,0.1737317343173431,27.0,Safe,Improved,0.9310344827586207,0.9185438027367746,0.922237858688389,0.2957449830716573,2.0,2.0
25,4,Barbara Corcoran,0.0906568549531649,0.1737317343173435,0.0,Safe,Improved,0.0,1.0,0.7042550169283427,0.2957449830716573,11.5,4.5
25,4,Lindsey Stirling,0.082628441669032,0.1737317343173431,26.0,Safe,Improved,0.896551724137931,0.9055156750090103,0.9028646315103879,0.2957449830716573,3.0,3.0
25,4,Debbie Gibson,0.0906568549531649,0.1737317343173432,0.0,Safe,Improved,0.0,1.0,0.7042550169283427,0.2957449830716573,11.5,4.5
25,4,Nick Lachey,0.0782003973885892,0.1737317343173431,22.0,Safe,Improved,0.7586206896551724,0.8534031640979535,0.8253717227983833,0.2957449830716573,10.0,12.5
25,4,Drew Scott,0.0804144195288106,0.173731734317343,24.0,Safe,Improved,0.8275862068965517,0.8794594195534818,0.8641181771543855,0.2957449830716573,6.5,8.5
25,4,Vanessa Lachey,0.0804144195288106,0.1737317343173424,24.0,Safe,Improved,0.8275862068965517,0.8794594195534818,0.8641181771543855,0.2957449830716573,6.5,8.5
25,5,Sasha Pieterse,0.0,0.9382001768346596,24.0,Eliminated,Improved,0.8,0.0,0.2739119105410732,0.34238988817634153,13.0,12.0
25,5,Frankie Muniz,0.083491570881226,0.2840249042145606,29.0,Safe,Improved,0.9666666666666667,0.9069844877029563,0.9274190622844614,0.34238988817634153,2.0,2.0
25,5,Jordan Fisher,0.0846409961685823,0.2840249042145595,30.0,Safe,Improved,1.0,0.9194709087201,0.9470432552783673,0.34238988817634153,1.0,1.0
25,5,Derek Fisher,0.0920540229885056,0.2840249042145595,0.0,Safe,Improved,0.0,0.9999999999999989,0.6576101118236577,0.34238988817634153,12.0,8.0
25,5,Nikki Bella,0.0811927203065134,0.2840249042145595,27.0,Safe,Improved,0.9,0.882011645668669,0.8881706762966497,0.34238988817634153,4.5,4.5
25,5,Terrell Owens,0.0788938697318007,0.284024904214559,25.0,Safe,Improved,0.8333333333333334,0.8570388036343807,0.8489222903088376,0.34238988817634153,6.5,9.5
25,5,Victoria Arlen,0.0811927203065134,0.284024904214559,27.0,Safe,Improved,0.9,0.882011645668669,0.8881706762966497,0.34238988817634153,4.5,4.5
25,5,Barbara Corcoran,0.0920540229885057,0.2840249042145596,0.0,Safe,Improved,0.0,1.0,0.6576101118236585,0.34238988817634153,10.5,6.5
25,5,Lindsey Stirling,0.0823421455938697,0.2840249042145594,28.0,Safe,Improved,0.9333333333333333,0.8944980666858127,0.9077948692905556,0.34238988817634153,3.0,3.0
25,5,Debbie Gibson,0.0920540229885057,0.2840249042145598,0.0,Safe,Improved,0.0,1.0,0.6576101118236585,0.34238988817634153,10.5,6.5
25,5,Nick Lachey,0.0754455938697317,0.2840249042145599,22.0,Safe,Improved,0.7333333333333333,0.8195795405829487,0.7900497113271193,0.34238988817634153,9.0,13.0
25,5,Drew Scott,0.0788938697318007,0.2840249042145594,25.0,Safe,Improved,0.8333333333333334,0.8570388036343807,0.8489222903088376,0.34238988817634153,6.5,9.5
25,5,Vanessa Lachey,0.0777444444444444,0.2840249042145586,24.0,Safe,Improved,0.8,0.8445523826172371,0.8292980973149316,0.34238988817634153,8.0,11.0
25,6,Sasha Pieterse,0.0850673202614379,0.3402692810457509,0.0,Safe,Improved,0.0,0.9736634411457775,0.5642242984077714,0.42051403537981313,10.5,7.5
25,6,Frankie Muniz,0.07854477124183,0.3402692810457517,31.0,Safe,Improved,0.775,0.8990076567158037,0.8468606965722465,0.42051403537981313,6.5,10.5
25,6,Jordan Fisher,0.086387908496732,0.3402692810457519,39.0,Safe,Improved,0.975,0.9887786285239787,0.9829845218413611,0.42051403537981313,2.0,2.0
25,6,Derek Fisher,0.0850673202614379,0.3402692810457524,0.0,Safe,Improved,0.0,0.9736634411457775,0.5642242984077714,0.42051403537981313,10.5,7.5
25,6,Nikki Bella,0.0834467320261437,0.3402692810457521,36.0,Safe,Improved,0.9,0.9551145140959124,0.9319380873654427,0.42051403537981313,4.5,4.5
25,6,Terrell Owens,0.0844271241830065,0.3402692810457518,37.0,Safe,Improved,0.925,0.9663358855719351,0.9489535655240824,0.42051403537981313,3.0,3.0
25,6,Victoria Arlen,0.07854477124183,0.3402692810457522,31.0,Safe,Improved,0.775,0.8990076567158037,0.8468606965722465,0.42051403537981313,6.5,10.5
25,6,Barbara Corcoran,0.0850673202614379,0.340269281045752,0.0,Safe,Improved,0.0,0.9736634411457775,0.5642242984077714,0.42051403537981313,10.5,7.5
25,6,Lindsey Stirling,0.0873683006535947,0.3402692810457517,40.0,Safe,Improved,1.0,1.0,1.0,0.42051403537981313,1.0,1.0
25,6,Debbie Gibson,0.0850673202614379,0.3402692810457522,0.0,Safe,Improved,0.0,0.9736634411457775,0.5642242984077714,0.42051403537981313,10.5,7.5
25,6,Nick Lachey,0.0,0.9312134741075918,26.0,Eliminated,Improved,0.65,0.0,0.27333412299687854,0.42051403537981313,13.0,13.0
25,6,Drew Scott,0.0775643790849673,0.3402692810457519,30.0,Safe,Improved,0.75,0.8877862852397824,0.8298452184136076,0.42051403537981313,8.0,12.0
25,6,Vanessa Lachey,0.0834467320261437,0.3402692810457511,36.0,Safe,Improved,0.9,0.9551145140959124,0.9319380873654427,0.42051403537981313,4.5,4.5
25,7,Sasha Pieterse,0.1117279069767441,0.5586395348837211,0.0,Safe,Improved,0.0,0.9999999999999991,0.47499999999999953,0.525,11.5,9.5
25,7,Frankie Muniz,0.0668388704318936,0.5586395348837205,30.0,Safe,Improved,1.0,0.5982289675023258,0.8091587595636047,0.525,1.0,1.0
25,7,Jordan Fisher,0.0626528239202657,0.5586395348837219,27.0,Safe,Improved,0.9,0.5607625311848602,0.7388622023128086,0.525,5.0,8.0
25,7,Derek Fisher,0.1117279069767441,0.5586395348837215,0.0,Safe,Improved,0.0,0.9999999999999991,0.47499999999999953,0.525,11.5,9.5
25,7,Nikki Bella,4.163336342344337e-17,0.9578740608228984,24.0,Eliminated,Improved,0.8,0.0,0.42000000000000004,0.525,13.0,13.0
25,7,Terrell Owens,0.0591644518272425,0.5586395348837214,24.5,Safe,Improved,0.8166666666666667,0.529540500920306,0.6802817379371453,0.525,7.0,12.0
25,7,Victoria Arlen,0.0647458471760797,0.5586395348837211,28.5,Safe,Improved,0.95,0.5794957493435935,0.7740104809382069,0.525,2.5,2.5
25,7,Barbara Corcoran,0.1117279069767442,0.5586395348837216,0.0,Safe,Improved,0.0,1.0,0.475,0.525,9.0,5.0
25,7,Lindsey Stirling,0.0605598006644518,0.558639534883721,25.5,Safe,Improved,0.85,0.5420293130261279,0.7037139236874107,0.525,6.0,11.0
25,7,Debbie Gibson,0.1117279069767442,0.5586395348837205,0.0,Safe,Improved,0.0,1.0,0.475,0.525,9.0,5.0
25,7,Nick Lachey,0.1117279069767442,0.5586395348837209,0.0,Safe,Improved,0.0,1.0,0.475,0.525,9.0,5.0
25,7,Drew Scott,0.0647458471760797,0.5586395348837206,28.5,Safe,Improved,0.95,0.5794957493435935,0.7740104809382069,0.525,2.5,2.5
25,7,Vanessa Lachey,0.0626528239202658,0.5586395348837195,27.0,Eliminated,Improved,0.9,0.5607625311848612,0.7388622023128091,0.525,4.0,7.0
26,1,Jamie Anderson,0.0908857142857142,0.89056619047619,19.0,Eliminated,Improved,0.2857142857142857,0.0,0.07271126118121084,0.2544894141342379,10.0,9.5
26,1,Johnny Damon,0.095747619047619,0.0144857142857148,18.0,Eliminated,Improved,0.14285714285714285,0.3628287135749851,0.3068482774168133,0.2544894141342379,9.0,9.5
26,1,Kareem Abdul-Jabbar,0.1005095238095238,0.0144857142857139,17.0,Safe,Improved,0.0,0.7181947405828057,0.5354217818175965,0.2544894141342379,8.0,7.5
26,1,Arike Ogunbowale,0.0985714285714285,0.0144857142857144,20.0,Safe,Improved,0.42857142857142855,0.5735607675906197,0.5366625156479153,0.2544894141342379,7.0,7.5
26,1,Jennie Finch Daigle,0.0999999999999999,0.0144857142857144,21.0,Safe,Improved,0.5714285714285714,0.6801705756929622,0.6524968867359346,0.2544894141342379,5.5,5.5
26,1,Chris Mazdzer,0.0999999999999999,0.0144857142857147,21.0,Safe,Improved,0.5714285714285714,0.6801705756929622,0.6524968867359346,0.2544894141342379,5.5,5.5
26,1,Mirai Nagasu,0.1028571428571428,0.0144857142857146,23.0,Safe,Improved,0.8571428571428571,0.8933901918976564,0.8841656289119799,0.2544894141342379,3.5,3.5
26,1,Tonya Harding,0.1028571428571428,0.0144857142857147,23.0,Safe,Improved,0.8571428571428571,0.8933901918976564,0.8841656289119799,0.2544894141342379,3.5,3.5
26,1,Josh Norman,0.1042857142857142,0.0144857142857142,24.0,Safe,Improved,1.0,1.0,1.0,0.2544894141342379,1.5,1.5
26,1,Adam Rippon,0.1042857142857142,0.0144857142857153,24.0,Safe,Improved,1.0,1.0,1.0,0.2544894141342379,1.5,1.5
26,2,Jamie Anderson,0.1178214953271028,0.2207607476635513,0.0,Safe,Improved,0.0,1.0,0.7401075845208496,0.2598924154791504,8.0,4.0
26,2,Johnny Damon,0.1178214953271027,0.2207607476635515,0.0,Safe,Improved,0.0,0.9999999999999991,0.7401075845208489,0.2598924154791504,9.0,7.0
26,2,Kareem Abdul-Jabbar,0.0074411214953271,0.9103703738317755,29.5,Eliminated,Improved,0.7972972972972973,0.0,0.20721152044959285,0.2598924154791504,10.0,10.0
26,2,Arike Ogunbowale,0.1092523364485981,0.2207607476635518,35.0,Eliminated,Improved,0.9459459459459459,0.9223670061893026,0.9284949937970939,0.2598924154791504,3.0,3.0
26,2,Jennie Finch Daigle,0.1053271028037383,0.2207607476635511,31.5,Safe,Improved,0.8513513513513513,0.8868060318186051,0.877591629271929,0.2598924154791504,6.5,8.5
26,2,Chris Mazdzer,0.1070093457943925,0.2207607476635509,33.0,Safe,Improved,0.8918918918918919,0.902046449406047,0.8994073569255712,0.2598924154791504,4.5,5.5
26,2,Mirai Nagasu,0.1114953271028037,0.2207607476635517,37.0,Safe,Improved,1.0,0.9426875629725585,0.9575826306686168,0.2598924154791504,1.5,1.5
26,2,Tonya Harding,0.1070093457943925,0.2207607476635515,33.0,Safe,Improved,0.8918918918918919,0.902046449406047,0.8994073569255712,0.2598924154791504,4.5,5.5
26,2,Josh Norman,0.1053271028037383,0.2207607476635518,31.5,Safe,Improved,0.8513513513513513,0.8868060318186051,0.877591629271929,0.2598924154791504,6.5,8.5
26,2,Adam Rippon,0.1114953271028037,0.2207607476635525,37.0,Safe,Improved,1.0,0.9426875629725585,0.9575826306686168,0.2598924154791504,1.5,1.5
26,3,Jamie Anderson,0.1375407582938389,0.5501630331753555,0.0,Safe,Improved,0.0,1.0,0.7284588524617797,0.2715411475382204,3.0,3.0
26,3,Johnny Damon,0.1375407582938388,0.5501630331753555,0.0,Safe,Improved,0.0,0.9999999999999992,0.7284588524617791,0.2715411475382204,5.0,7.0
26,3,Kareem Abdul-Jabbar,0.1375407582938388,0.5501630331753558,0.0,Safe,Improved,0.0,0.9999999999999992,0.7284588524617791,0.2715411475382204,5.0,7.0
26,3,Arike Ogunbowale,0.1375407582938388,0.5501630331753561,0.0,Safe,Improved,0.0,0.9999999999999992,0.7284588524617791,0.2715411475382204,5.0,7.0
26,3,Jennie Finch Daigle,0.0,0.937530758293839,29.0,Eliminated,Improved,0.7073170731707317,0.0,0.19206568972215587,0.2715411475382204,10.0,10.0
26,3,Chris Mazdzer,0.08513327014218,0.5501630331753558,33.0,Eliminated,Improved,0.8048780487804879,0.6189675787616588,0.6694499211299416,0.2715411475382204,9.0,9.0
26,3,Mirai Nagasu,0.0879768720379146,0.5501630331753553,35.0,Eliminated,Improved,0.8536585365853658,0.639642191371105,0.6977564353425213,0.2715411475382204,7.5,4.5
26,3,Tonya Harding,0.0879768720379146,0.5501630331753553,35.0,Safe,Improved,0.8536585365853658,0.639642191371105,0.6977564353425213,0.2715411475382204,7.5,4.5
26,3,Josh Norman,0.0922422748815165,0.5501630331753554,38.0,Safe,Improved,0.926829268292683,0.6706541102852743,0.7402162066613911,0.2715411475382204,2.0,2.0
26,3,Adam Rippon,0.0965076777251184,0.5501630331753569,41.0,Safe,Improved,1.0,0.7016660291994437,0.7826759779802608,0.2715411475382204,1.0,1.0
27,1,Juan Pablo Di Pace,0.0797285067873303,0.0138254901960784,22.0,Safe,Improved,0.8888888888888888,0.9238143609929529,0.9149261980588279,0.2544894141342379,3.5,3.5
27,1,Evanna Lynch,0.0750226244343891,0.0138254901960788,18.0,Safe,Improved,0.4444444444444444,0.6190718049647628,0.5746309902941386,0.2544894141342379,11.0,11.0
27,1,Nancy McKeon,0.076787330316742,0.0138254901960784,19.5,Safe,Improved,0.6111111111111112,0.7333502634753303,0.7022416932058942,0.2544894141342379,8.0,8.0
27,1,John Schneider,0.0750226244343891,0.0138254901960785,18.0,Safe,Improved,0.4444444444444444,0.6190718049647628,0.5746309902941386,0.2544894141342379,11.0,11.0
27,1,Milo Manheim,0.0773755656108597,0.0138254901960783,20.0,Safe,Improved,0.6666666666666666,0.7714430829788579,0.7447785941764833,0.2544894141342379,6.0,6.0
27,1,Danelle Umstead,0.0750226244343891,0.0138254901960785,18.0,Safe,Improved,0.4444444444444444,0.6190718049647628,0.5746309902941386,0.2544894141342379,11.0,11.0
27,1,Mary Lou Retton,0.0773755656108597,0.0138254901960787,20.0,Safe,Improved,0.6666666666666666,0.7714430829788579,0.7447785941764833,0.2544894141342379,6.0,6.0
27,1,DeMarcus Ware,0.0809049773755656,0.0138254901960785,23.0,Safe,Improved,1.0,1.0,1.0,0.2544894141342379,1.5,1.5
27,1,Nikki Glaser,0.0654628205128205,0.914873604826546,17.5,Eliminated,Improved,0.3888888888888889,0.0,0.09896810549664808,0.2544894141342379,13.0,13.0
27,1,Bobby Bones,0.0773755656108597,0.0138254901960785,20.0,Safe,Improved,0.6666666666666666,0.7714430829788579,0.7447785941764833,0.2544894141342379,6.0,6.0
27,1,Tinashe,0.0809049773755656,0.0138254901960779,23.0,Safe,Improved,1.0,1.0,1.0,0.2544894141342379,1.5,1.5
27,1,Alexis Ren,0.0797285067873303,0.0138254901960784,22.0,Safe,Improved,0.8888888888888888,0.9238143609929529,0.9149261980588279,0.2544894141342379,3.5,3.5
27,1,Joe Amabile,0.0792883107088989,0.0138254901960875,14.0,Safe,Improved,0.0,0.895308234397814,0.6674617663563553,0.2544894141342379,9.0,9.0
27,2,Juan Pablo Di Pace,0.082681643682034,0.0722887245841032,26.0,Safe,Improved,1.0,0.7712250468334847,0.8306819220130599,0.2598924154791504,2.0,2.0
27,2,Evanna Lynch,0.0804635290794462,0.0722887245841042,24.0,Safe,Improved,0.9230769230769231,0.7388399666399299,0.786721754268867,0.2598924154791504,5.0,5.0
27,2,Nancy McKeon,0.0765818285249175,0.0722887245841034,20.5,Safe,Improved,0.7884615384615384,0.6821660763012082,0.709791460716529,0.2598924154791504,10.0,10.0
27,2,John Schneider,0.0776908858262114,0.0722887245841035,21.5,Safe,Improved,0.8269230769230769,0.6983586163979857,0.7317715445886255,0.2598924154791504,9.0,9.0
27,2,Milo Manheim,0.082681643682034,0.0722887245841032,26.0,Safe,Improved,1.0,0.7712250468334847,0.8306819220130599,0.2598924154791504,2.0,2.0
27,2,Danelle Umstead,0.0298590004142473,0.9146380207592784,18.5,Eliminated,Improved,0.7115384615384616,0.0,0.1849234494755493,0.2598924154791504,13.0,12.5
27,2,Mary Lou Retton,0.0793544717781523,0.0722887245841037,23.0,Safe,Improved,0.8846153846153846,0.7226474265431524,0.7647416703967705,0.2598924154791504,7.0,8.0
27,2,DeMarcus Ware,0.0799090004287992,0.0722887245841036,23.5,Safe,Improved,0.9038461538461539,0.7307436965915404,0.7757317123328182,0.2598924154791504,6.0,6.0
27,2,Nikki Glaser,0.0983508673273711,0.0722887245841034,0.0,Safe,Improved,0.0,1.0,0.7401075845208496,0.2598924154791504,8.0,7.0
27,2,Bobby Bones,0.0754727712236236,0.0722887245841035,19.5,Safe,Improved,0.75,0.6659735362044307,0.6878113768444325,0.2598924154791504,11.0,11.0
27,2,Tinashe,0.082681643682034,0.0722887245841032,26.0,Safe,Improved,1.0,0.7712250468334847,0.8306819220130599,0.2598924154791504,2.0,2.0
27,2,Alexis Ren,0.0810180577300931,0.0722887245841031,24.5,Safe,Improved,0.9423076923076923,0.7469362366883179,0.7977117962049147,0.2598924154791504,4.0,4.0
27,2,Joe Amabile,0.0732546566210358,0.0722887245841026,17.5,Safe,Improved,0.6730769230769231,0.6335884560108758,0.6438512091002396,0.2598924154791504,12.0,12.5
27,3,Juan Pablo Di Pace,0.0870564859472361,0.1812118081180823,30.0,Safe,Improved,1.0,0.9753773002666847,0.9820633764077582,0.2715411475382204,1.0,1.0
27,3,Evanna Lynch,0.083735452736904,0.1812118081180813,27.0,Safe,Improved,0.9,0.9345185399214736,0.9251453359798528,0.2715411475382204,3.0,3.0
27,3,Nancy McKeon,0.0077770271623494,0.9274269656542724,22.0,Eliminated,Improved,0.7333333333333333,0.0,0.19913017486136161,0.2715411475382204,13.0,12.0
27,3,John Schneider,0.0770933863162398,0.1812118081180819,21.0,Safe,Improved,0.7,0.8528010192310514,0.8113092551240422,0.2715411475382204,9.0,11.0
27,3,Milo Manheim,0.083735452736904,0.1812118081180813,27.0,Safe,Improved,0.9,0.9345185399214736,0.9251453359798528,0.2715411475382204,3.0,3.0
27,3,Danelle Umstead,0.0890578389704675,0.1812118081180814,0.0,Safe,Improved,0.0,1.0,0.7284588524617797,0.2715411475382204,11.5,7.5
27,3,Mary Lou Retton,0.0804144195265719,0.1812118081180814,24.0,Safe,Improved,0.8,0.8936597795762625,0.8682272955519474,0.2715411475382204,7.0,9.0
27,3,DeMarcus Ware,0.0826284416667933,0.1812118081180814,26.0,Safe,Improved,0.8666666666666667,0.9208989531397366,0.9061726558372177,0.2715411475382204,5.5,5.5
27,3,Nikki Glaser,0.0890578389704675,0.1812118081180809,0.0,Safe,Improved,0.0,1.0,0.7284588524617797,0.2715411475382204,11.5,7.5
27,3,Bobby Bones,0.0793074084564612,0.1812118081180816,23.0,Safe,Improved,0.7666666666666667,0.8800401927945255,0.8492546154093124,0.2715411475382204,8.0,10.0
27,3,Tinashe,0.083735452736904,0.1812118081180812,27.0,Safe,Improved,0.9,0.9345185399214736,0.9251453359798528,0.2715411475382204,3.0,3.0
27,3,Alexis Ren,0.0826284416667933,0.1812118081180813,26.0,Safe,Improved,0.8666666666666667,0.9208989531397366,0.9061726558372177,0.2715411475382204,5.5,5.5
27,3,Joe Amabile,0.0737723531059077,0.1812118081180798,18.0,Safe,Improved,0.6,0.8119422588858404,0.7543912146961367,0.2715411475382204,10.0,13.0
27,4,Juan Pablo Di Pace,0.0751582375478927,0.4709275862068935,24.0,Safe,Improved,0.8275862068965517,0.670044848869897,0.7166369151325759,0.2957449830716573,4.0,4.0
27,4,Evanna Lynch,0.0751582375478926,0.4709275862068983,24.0,Safe,Improved,0.8275862068965517,0.670044848869896,0.7166369151325752,0.2957449830716573,5.0,6.0
27,4,Nancy McKeon,0.1121689655172413,0.4709275862068974,0.0,Safe,Improved,0.0,0.9999999999999991,0.704255016928342,0.2957449830716573,8.0,8.0
27,4,John Schneider,0.0712789272030651,0.4709275862068973,21.0,Safe,Improved,0.7241379310344828,0.635460324291828,0.6616862815967695,0.2957449830716573,10.0,11.0
27,4,Milo Manheim,0.081623754789272,0.470927586206897,29.0,Safe,Improved,1.0,0.7276857231666782,0.8082213043589196,0.2957449830716573,1.0,1.0
27,4,Danelle Umstead,0.1121689655172414,0.470927586206897,0.0,Safe,Improved,0.0,1.0,0.7042550169283427,0.2957449830716573,6.5,6.0
27,4,Mary Lou Retton,0.0777444444444444,0.4709275862068962,26.0,Safe,Improved,0.896551724137931,0.6931011985886092,0.7532706708231132,0.2957449830716573,2.0,2.0
27,4,DeMarcus Ware,0.0725720306513409,0.4709275862068968,22.0,Safe,Improved,0.7586206896551724,0.6469884991511837,0.6800031594420379,0.2957449830716573,9.0,10.0
27,4,Nikki Glaser,0.1121689655172414,0.470927586206896,0.0,Safe,Improved,0.0,1.0,0.7042550169283427,0.2957449830716573,6.5,6.0
27,4,Bobby Bones,0.0699858237547892,0.4709275862068967,20.0,Safe,Improved,0.6896551724137931,0.6239321494324714,0.6433694037515005,0.2957449830716573,11.0,12.0
27,4,Tinashe,1.3877787807814457e-17,0.9583151193633952,26.0,Eliminated,Improved,0.896551724137931,0.0,0.2651506744780376,0.2957449830716573,13.0,9.0
27,4,Alexis Ren,0.0764513409961685,0.4709275862068967,25.0,Safe,Improved,0.8620689655172413,0.6815730237292527,0.7349537929778442,0.2957449830716573,3.0,3.0
27,4,Joe Amabile,0.0635203065134099,0.4709275862068972,15.0,Safe,Improved,0.5172413793103449,0.5662912751356901,0.5517850145251568,0.2957449830716573,12.0,13.0
27,6,Juan Pablo Di Pace,0.0782796943231441,0.4592152838427928,30.0,Safe,Improved,1.0,0.7462067443980539,0.8529303704634086,0.42051403537981313,1.5,1.5
27,6,Evanna Lynch,0.0769696506550218,0.4592152838427956,29.0,Safe,Improved,0.9666666666666667,0.7337186601118101,0.8316765663818759,0.42051403537981313,3.0,3.0
27,6,Nancy McKeon,0.1049034934497816,0.4592152838427957,0.0,Safe,Improved,0.0,1.0,0.5794859646201869,0.42051403537981313,10.5,7.0
27,6,John Schneider,0.0638692139737991,0.4592152838427951,19.0,Safe,Improved,0.6333333333333333,0.6088378172493746,0.6191385255665511,0.42051403537981313,8.0,13.0
27,6,Milo Manheim,0.0782796943231441,0.4592152838427956,30.0,Safe,Improved,1.0,0.7462067443980539,0.8529303704634086,0.42051403537981313,1.5,1.5
27,6,Danelle Umstead,0.1049034934497816,0.4592152838427952,0.0,Safe,Improved,0.0,1.0,0.5794859646201869,0.42051403537981313,10.5,7.0
27,6,Mary Lou Retton,1.3877787807814457e-17,0.9510496472959358,24.0,Eliminated,Improved,0.8,0.0,0.3364112283038505,0.42051403537981313,13.0,12.0
27,6,DeMarcus Ware,0.073039519650655,0.4592152838427952,26.0,Safe,Improved,0.8666666666666667,0.6962544072530795,0.7679151541372786,0.42051403537981313,5.0,7.0
27,6,Nikki Glaser,0.1049034934497816,0.4592152838427952,0.0,Safe,Improved,0.0,1.0,0.5794859646201869,0.42051403537981313,10.5,7.0
27,6,Bobby Bones,0.0677993449781659,0.4592152838427954,22.0,Safe,Improved,0.7333333333333333,0.6463020701081051,0.6828999378111485,0.42051403537981313,6.5,10.5
27,6,Tinashe,0.1049034934497816,0.4592152838427945,0.0,Safe,Improved,0.0,1.0,0.5794859646201869,0.42051403537981313,10.5,7.0
27,6,Alexis Ren,0.0743495633187772,0.4592152838427953,27.0,Safe,Improved,0.9,0.7087424915393225,0.7891689582188107,0.42051403537981313,4.0,4.0
27,6,Joe Amabile,0.0677993449781659,0.4592152838427938,22.0,Safe,Improved,0.7333333333333333,0.6463020701081051,0.6828999378111485,0.42051403537981313,6.5,10.5
27,7,Juan Pablo Di Pace,0.0551995073891625,0.6421793103448232,28.0,Safe,Improved,0.9491525423728814,0.44430478622379566,0.7093498582020656,0.525,3.0,3.0
27,7,Evanna Lynch,0.0572684729064039,0.6421793103448286,29.5,Safe,Improved,1.0,0.4609580377711604,0.7439550679413012,0.525,1.0,1.0
27,7,Nancy McKeon,0.1242379310344827,0.6421793103448281,0.0,Safe,Improved,0.0,1.0,0.475,0.525,11.0,7.0
27,7,John Schneider,0.0,0.9703840848806364,27.0,Eliminated,Improved,0.9152542372881356,0.0,0.4805084745762712,0.525,8.0,12.0
27,7,Milo Manheim,0.0565788177339901,0.6421793103448272,29.0,Safe,Improved,0.9830508474576272,0.45540695392203884,0.7324199980282227,0.525,2.0,2.0
27,7,Danelle Umstead,0.1242379310344827,0.6421793103448281,0.0,Safe,Improved,0.0,1.0,0.475,0.525,11.0,7.0
27,7,Mary Lou Retton,0.1242379310344827,0.6421793103448277,0.0,Safe,Improved,0.0,1.0,0.475,0.525,11.0,7.0
27,7,DeMarcus Ware,0.0531305418719211,0.6421793103448278,26.5,Eliminated,Improved,0.8983050847457628,0.4276515346764308,0.6747446484628301,0.525,6.0,11.0
27,7,Nikki Glaser,0.1242379310344827,0.6421793103448274,0.0,Safe,Improved,0.0,1.0,0.475,0.525,11.0,7.0
27,7,Bobby Bones,0.0531305418719212,0.6421793103448268,26.5,Safe,Improved,0.8983050847457628,0.4276515346764316,0.6747446484628304,0.525,5.0,10.0
27,7,Tinashe,0.1242379310344827,0.642179310344827,0.0,Safe,Improved,0.0,1.0,0.475,0.525,11.0,7.0
27,7,Alexis Ren,0.0545098522167487,0.6421793103448279,27.5,Safe,Improved,0.9322033898305084,0.438753702374674,0.697814788288987,0.525,4.0,4.0
27,7,Joe Amabile,0.0489926108374384,0.6421793103448274,23.5,Safe,Improved,0.7966101694915254,0.39434503158170203,0.6055342289843593,0.525,7.0,13.0
28,2,Kate Flannery,0.1210287743739662,0.6165374107480148,21.0,Safe,Improved,0.75,0.8883812490720006,0.8524170119936563,0.2598924154791504,2.0,2.0
28,2,James Van Der Beek,0.1051061241182711,0.707310772739896,20.0,Safe,Improved,0.6666666666666666,0.7371977936368113,0.7188672886820736,0.2598924154791504,4.0,4.0
28,2,Kel Mitchell,0.1141214612975035,0.6391661168205234,20.0,Safe,Improved,0.6666666666666666,0.8227972261924683,0.7822200779471964,0.2598924154791504,3.0,3.0
28,2,Ray Lewis,0.0593240774606895,0.7304596169180491,15.0,Safe,Improved,0.25,0.30250332384447165,0.2888581081898478,0.2598924154791504,10.0,10.0
28,2,Lamar Odom,0.0391672318302527,0.7701840767043987,12.0,Safe,Improved,0.0,0.11111674408880771,0.08223834506738886,0.2598924154791504,11.0,12.0
28,2,Sailor Brinkley-Cook,0.0731063607016556,0.6943912807649975,18.0,Safe,Improved,0.5,0.43336427793787,0.4506823967017942,0.2598924154791504,8.0,8.0
28,2,Sean Spicer,0.0650773494617682,0.7039349872893079,16.0,Safe,Improved,0.3333333333333333,0.3571298795505797,0.35094533767411823,0.2598924154791504,9.0,9.0
28,2,Mary Wilson,0.0274644099269914,0.9125514431563508,15.0,Eliminated,Improved,0.25,0.0,0.0649731038697876,0.2598924154791504,12.0,11.0
28,2,Lauren Alaina,0.0854986905508212,0.6594060280597118,19.0,Safe,Improved,0.5833333333333334,0.5510278086569089,0.5594237694983861,0.2598924154791504,6.0,6.0
28,2,Ally Brooke,0.095881397012419,0.7127104406640714,20.0,Safe,Improved,0.6666666666666666,0.6496102314588031,0.6540430696044384,0.2598924154791504,5.0,5.0
28,2,Karamo Brown,0.0814396555991439,0.6647109678499376,19.0,Safe,Improved,0.5833333333333334,0.5124878093557692,0.5309000237081845,0.2598924154791504,7.0,7.0
28,2,Hannah Brown,0.1327844676665168,0.6118093212713833,24.0,Safe,Improved,1.0,1.0,1.0,0.2598924154791504,1.0,1.0
28,4,Kate Flannery,0.0710870167980992,0.7322263903623834,26.0,Safe,Improved,0.8125,0.42891253493148396,0.5423566032946722,0.2957449830716573,8.0,8.0
28,4,James Van Der Beek,0.0788563966303105,0.7584029336536985,28.0,Safe,Improved,0.875,0.5035840871863687,0.6134284800339802,0.2957449830716573,7.0,7.0
28,4,Kel Mitchell,0.1305071748040116,0.6652276938899142,32.0,Safe,Improved,1.0,1.0,1.0,0.2957449830716573,1.0,1.0
28,4,Ray Lewis,0.0425972682102932,0.7121776652982796,0.0,Safe,Improved,0.0,0.15509740472212707,0.10922812538812363,0.2957449830716573,12.0,12.0
28,4,Lamar Odom,0.0264597886496272,0.9226882007706376,20.0,Eliminated,Improved,0.625,0.0,0.18484061441978583,0.2957449830716573,11.0,11.0
28,4,Sailor Brinkley-Cook,0.0970185429931825,0.7169450747916974,31.0,Safe,Improved,0.96875,0.6781405756686762,0.7640868549480077,0.2957449830716573,5.0,5.0
28,4,Sean Spicer,0.0662283746824219,0.7540037401830264,21.0,Safe,Improved,0.65625,0.38221609886274793,0.4632602503156448,0.2957449830716573,9.0,9.0
28,4,Mary Wilson,0.0568708127837682,0.7748197654038225,0.0,Safe,Improved,0.0,0.29228052004129584,0.20584002258950762,0.2957449830716573,10.0,10.0
28,4,Lauren Alaina,0.1039098659744029,0.6519105897374062,32.0,Safe,Improved,1.0,0.7443731187043574,0.8199734863857978,0.2957449830716573,4.0,4.0
28,4,Ally Brooke,0.1158467091373735,0.7097282510840819,32.0,Safe,Improved,1.0,0.8590981839285701,0.9007691891373809,0.2957449830716573,3.0,3.0
28,4,Karamo Brown,0.0885219758179933,0.7308386537664997,28.0,Safe,Improved,0.875,0.5964800218650268,0.6788509080836729,0.2957449830716573,6.0,6.0
28,4,Hannah Brown,0.1220960735185152,0.6283366942393831,32.0,Safe,Improved,1.0,0.9191608593317654,0.9430686296202198,0.2957449830716573,2.0,2.0
28,7,Kate Flannery,0.0805058834128964,0.8282696203404656,24.0,Safe,Improved,0.8888888888888888,0.6357946005700065,0.7686691019374197,0.525,6.0,7.0
28,7,James Van Der Beek,0.1104368610406282,0.7946671574543844,27.0,Safe,Improved,1.0,1.0,1.0,0.525,1.0,1.0
28,7,Kel Mitchell,0.0984350623395905,0.8246783181709362,25.5,Safe,Improved,0.9444444444444444,0.8539600027718486,0.9014643346499613,0.525,4.0,4.5
28,7,Ray Lewis,0.0520568095711108,0.9116164718603544,0.0,Safe,Improved,0.0,0.2896212670147105,0.1375701018319875,0.525,12.0,12.0
28,7,Lamar Odom,0.075627458527483,0.8848285156363707,0.0,Safe,Improved,0.0,0.5764330686454693,0.2738057076065979,0.525,11.0,11.0
28,7,Sailor Brinkley-Cook,0.0890001592523221,0.7830963597129207,0.0,Safe,Improved,0.0,0.7391544427857926,0.3510983603232515,0.525,9.0,8.0
28,7,Sean Spicer,0.0897679880789044,0.8234502635942595,21.0,Safe,Improved,0.7777777777777778,0.7484975189778702,0.7638696548478217,0.525,7.0,6.0
28,7,Mary Wilson,0.0795375210108743,0.8996792066452554,0.0,Safe,Improved,0.0,0.6240113965661828,0.2964054133689368,0.525,10.0,10.0
28,7,Lauren Alaina,0.0999430866707078,0.7920619644554299,27.0,Safe,Improved,1.0,0.8723099080337418,0.9393472063160273,0.525,3.0,3.0
28,7,Ally Brooke,0.1013464817201516,0.7808339093500988,27.0,Safe,Improved,1.0,0.8893866657961472,0.9474586662531699,0.525,2.0,2.0
28,7,Karamo Brown,0.0282552742915689,0.9403305189791796,24.5,Eliminated,Improved,0.9074074074074074,0.0,0.4763888888888889,0.525,8.0,9.0
28,7,Hannah Brown,0.0950874140837616,0.8555250579889325,26.0,Safe,Improved,0.9629629629629629,0.8132252300781683,0.8918375398426854,0.525,5.0,4.5
28,9,Kate Flannery,0.0674001736098259,0.8764712176729156,0.0,Safe,Improved,0.0,0.3708163513571309,0.1084229515072705,0.7076101118236584,11.0,11.0
28,9,James Van Der Beek,0.104167481349201,0.8811195284040036,36.0,Safe,Improved,0.9,0.708106645771533,0.8438923236153555,0.7076101118236584,3.0,3.0
28,9,Kel Mitchell,0.1177867008913961,0.8238449141232396,37.0,Safe,Improved,0.925,0.8330445553308432,0.8981131578159796,0.7076101118236584,2.0,2.0
28,9,Ray Lewis,0.0678593065331873,0.8830153885282007,0.0,Safe,Improved,0.0,0.3750282746231378,0.10965447528002559,0.7076101118236584,10.0,10.0
28,9,Lamar Odom,0.0785021145414411,0.833353373483802,0.0,Safe,Improved,0.0,0.47266163608505307,0.13820148292015533,0.7076101118236584,7.0,6.0
28,9,Sailor Brinkley-Cook,0.0753895342253866,0.8772452911146309,0.0,Safe,Improved,0.0,0.44410792367748975,0.12985266614228846,0.7076101118236584,8.0,7.0
28,9,Sean Spicer,0.0269782607029904,0.95,25.0,Eliminated,Improved,0.625,0.0,0.44225631988978653,0.7076101118236584,6.0,9.0
28,9,Mary Wilson,0.0708958063131284,0.927619108824778,0.0,Safe,Improved,0.0,0.40288405106522907,0.11779922263899383,0.7076101118236584,9.0,8.0
28,9,Lauren Alaina,0.098063031238598,0.8276172482559417,35.0,Safe,Improved,0.875,0.6521065766438634,0.8098282168696572,0.7076101118236584,4.0,4.5
28,9,Ally Brooke,0.1359861638305022,0.8146481507069989,40.0,Safe,Improved,1.0,1.0,1.0,0.7076101118236584,1.0,1.0
28,9,Karamo Brown,0.0654198517020298,0.8798200339515324,0.0,Safe,Improved,0.0,0.3526495776555982,0.10311117057615445,0.7076101118236584,12.0,12.0
28,9,Hannah Brown,0.0915515750623129,0.8549905571259458,35.5,Safe,Improved,0.8875,0.5923727776305172,0.8012077844535926,0.7076101118236584,5.0,4.5
29,2,Anne Heche,0.0680103519286592,0.7519836349061592,18.0,Safe,Improved,0.42857142857142855,0.5580075564135287,0.5243680884983771,0.2598924154791504,8.0,8.0
29,2,Jesse Metcalfe,0.0894996914836,0.7124353360915745,20.0,Safe,Improved,0.7142857142857143,0.7976892139599158,0.776013276970173,0.2598924154791504,4.0,4.0
29,2,Chrishell Stause,0.0735367735254561,0.7651336557996493,18.0,Safe,Improved,0.42857142857142855,0.6196465791128506,0.5699875967005981,0.2598924154791504,7.0,7.0
29,2,Skai Jackson,0.0321735941604283,0.8548990955157628,15.0,Safe,Improved,0.0,0.15830176364042872,0.11716033591330816,0.2598924154791504,14.0,14.0
29,2,Justina Machado,0.1023487167685197,0.6917654740827667,21.0,Safe,Improved,0.8571428571428571,0.94100100212685,0.9192069062693593,0.2598924154791504,2.0,2.0
29,2,Charles Oakley,0.0179806000621762,0.9410150957486708,15.0,Eliminated,Improved,0.0,0.0,0.0,0.2598924154791504,15.0,15.0
29,2,Veron Davis,0.0506741083092325,0.7598235929107019,18.0,Safe,Improved,0.42857142857142855,0.36464751406747087,0.3812608546147871,0.2598924154791504,11.0,11.0
29,2,Johnny Weir,0.0786586456259371,0.7773987477252796,18.0,Safe,Improved,0.42857142857142855,0.6767734531912877,0.6122676294860169,0.2598924154791504,6.0,6.0
29,2,Nev Schulman,0.0967810006766647,0.7438347826461901,21.0,Safe,Improved,0.8571428571428571,0.87890140068346,0.8732465202453844,0.2598924154791504,3.0,3.0
29,2,AJ McLean,0.0855730996744042,0.7234502897586185,19.0,Safe,Improved,0.5714285714285714,0.7538939157875374,0.7064725567008507,0.2598924154791504,5.0,5.0
29,2,Nelly,0.0549793521614886,0.7628401088089729,18.0,Safe,Improved,0.42857142857142855,0.41266611324367886,0.41679978406316526,0.2598924154791504,10.0,10.0
29,2,Kaitlyn Bristowe,0.107638439443489,0.7160773540049923,22.0,Safe,Improved,1.0,1.0,1.0,0.2598924154791504,1.0,1.0
29,2,Carole Baskin,0.0432171058108427,0.7904522537496288,16.0,Safe,Improved,0.14285714285714285,0.2814757295381188,0.24544981021529394,0.2598924154791504,12.0,12.0
29,2,Monica Aldama,0.0386141277488421,0.810167332891836,16.0,Safe,Improved,0.14285714285714285,0.2301363475748279,0.20745314423964945,0.2598924154791504,13.0,13.0
29,2,Jeannie Mai,0.0603143926202592,0.7535554085027859,18.0,Safe,Improved,0.42857142857142855,0.47217056366971233,0.46083947913621753,0.2598924154791504,9.0,9.0
29,3,Anne Heche,0.0410132332840033,0.8197169848266753,15.0,Safe,Improved,0.625,0.2532374472483309,0.35418627743425735,0.2715411475382204,13.0,13.0
29,3,Jesse Metcalfe,0.0605881264624789,0.7569241077794369,20.0,Safe,Improved,0.8333333333333334,0.4744959431824203,0.5719350598836194,0.2715411475382204,9.0,9.0
29,3,Chrishell Stause,0.0907524224483593,0.747587580133186,22.0,Safe,Improved,0.9166666666666666,0.8154483407201695,0.842933281099579,0.2715411475382204,4.0,4.0
29,3,Skai Jackson,0.0509219296478088,0.7244407293027981,18.0,Safe,Improved,0.75,0.3652372029626514,0.46971613440018845,0.2715411475382204,11.0,11.0
29,3,Justina Machado,0.0564336353300582,0.795188694739683,19.0,Safe,Improved,0.7916666666666666,0.42753699168521986,0.5264131814824011,0.2715411475382204,10.0,10.0
29,3,Charles Oakley,0.0270757190394288,0.8589882599472103,0.0,Safe,Improved,0.0,0.09569924713159073,0.06971296374693484,0.2715411475382204,15.0,14.5
29,3,Veron Davis,0.0847515296978533,0.7551679193827001,22.0,Safe,Improved,0.9166666666666666,0.7476191836395719,0.7935225311691971,0.2715411475382204,5.0,5.0
29,3,Johnny Weir,0.1070798362322316,0.7256252275207304,24.0,Safe,Improved,1.0,1.0,1.0,0.2715411475382204,1.0,1.0
29,3,Nev Schulman,0.1032322254789381,0.7210507976778855,24.0,Safe,Improved,1.0,0.9565097719588247,0.9683191583878243,0.2715411475382204,2.0,2.0
29,3,AJ McLean,0.0723998223828146,0.7700204358914553,21.0,Safe,Improved,0.875,0.6080056410354852,0.6805055956549411,0.2715411475382204,7.0,7.0
29,3,Nelly,0.0446606205568307,0.8245581337155983,18.0,Safe,Improved,0.75,0.2944645137113202,0.4181611424025296,0.2715411475382204,12.0,12.0
29,3,Kaitlyn Bristowe,0.0962245918462376,0.6985144891998569,23.0,Safe,Improved,0.9583333333333334,0.8773012437951376,0.8993047903757592,0.2715411475382204,3.0,3.0
29,3,Carole Baskin,0.0186091400185741,0.9384813305621372,12.0,Eliminated,Improved,0.5,0.0,0.1357705737691102,0.2715411475382204,14.0,14.5
29,3,Monica Aldama,0.0682596253163933,0.7428713219177363,21.0,Safe,Improved,0.875,0.5612082579062433,0.6464156276423993,0.2715411475382204,8.0,8.0
29,3,Jeannie Mai,0.0779975422579886,0.7160505599256811,22.0,Safe,Improved,0.9166666666666666,0.6712776634648719,0.7379108749875474,0.2715411475382204,6.0,6.0
29,4,Anne Heche,0.0178306539438341,0.9430224615241618,21.0,Eliminated,Improved,0.75,0.0,0.22180873730374298,0.2957449830716573,13.0,13.0
29,4,Jesse Metcalfe,0.051330448954094,0.7384474149785831,21.0,Safe,Improved,0.75,0.3730973673836566,0.4845644300864401,0.2957449830716573,11.0,11.0
29,4,Chrishell Stause,0.0651780533615875,0.8044347380612205,22.0,Safe,Improved,0.7857142857142857,0.5273223334595329,0.6037404570049673,0.2957449830716573,8.0,8.0
29,4,Skai Jackson,0.1076189985927847,0.7512868332142277,28.0,Safe,Improved,1.0,1.0,1.0,0.2957449830716573,1.0,1.0
29,4,Justina Machado,0.0878366744306051,0.7730069005361532,24.0,Safe,Improved,0.8571428571428571,0.7796782618108907,0.802588027245996,0.2957449830716573,4.0,4.0
29,4,Charles Oakley,0.0428161961708992,0.8321048179083435,0.0,Safe,Improved,0.0,0.27827155433984396,0.19597413821228304,0.2957449830716573,14.0,14.0
29,4,Veron Davis,0.0605137505276916,0.8043843245231947,22.0,Safe,Improved,0.7857142857142857,0.475374579526301,0.5671559906793296,0.2957449830716573,9.0,9.0
29,4,Johnny Weir,0.096386902321972,0.7537808467881357,24.0,Safe,Improved,0.8571428571428571,0.8749047405347842,0.869651752631718,0.2957449830716573,3.0,3.0
29,4,Nev Schulman,0.0740680188257494,0.769317603570537,24.0,Safe,Improved,0.8571428571428571,0.626332572471282,0.6945935562042413,0.2957449830716573,7.0,7.0
29,4,AJ McLean,0.0790092054896811,0.7732031262660441,24.0,Safe,Improved,0.8571428571428571,0.6813640655147329,0.7333497612691489,0.2957449830716573,6.0,6.0
29,4,Nelly,0.0538283624754992,0.8114506654985026,21.0,Safe,Improved,0.75,0.4009173871331174,0.5041568185660436,0.2957449830716573,10.0,10.0
29,4,Kaitlyn Bristowe,0.102064137784178,0.767937773742144,25.0,Safe,Improved,0.8928571428571429,0.9381338320655672,0.9247434783820812,0.2957449830716573,2.0,2.0
29,4,Carole Baskin,0.0336304726293163,0.8369469077340046,0.0,Safe,Improved,0.0,0.175967368005897,0.12392590173382889,0.2957449830716573,15.0,15.0
29,4,Monica Aldama,0.0833597425439448,0.7959487719332127,24.0,Safe,Improved,0.8571428571428571,0.7298173148899518,0.7674732052281268,0.2957449830716573,5.0,5.0
29,4,Jeannie Mai,0.0445283819481624,0.8459067524413137,21.0,Safe,Improved,0.75,0.2973406861292473,0.4312124072471811,0.2957449830716573,12.0,12.0
29,5,Anne Heche,0.0432511848453477,0.7940504015122889,0.0,Safe,Improved,0.0,0.27476817421477107,0.18069032977095809,0.34238988817634153,14.0,14.0
29,5,Jesse Metcalfe,0.0182440250888307,0.9447532885499784,19.0,Eliminated,Improved,0.6551724137931034,0.0,0.22432440949484445,0.34238988817634153,12.0,13.0
29,5,Chrishell Stause,0.0475514867761043,0.8503054982197131,19.0,Safe,Improved,0.6551724137931034,0.3220180867034662,0.4360867595011514,0.34238988817634153,11.0,11.0
29,5,Skai Jackson,0.0784255448542753,0.7122575394010578,24.0,Safe,Improved,0.8275862068965517,0.6612492769440563,0.7182013597900871,0.34238988817634153,6.0,6.0
29,5,Justina Machado,0.0715123584018992,0.7720087210312535,24.0,Safe,Improved,0.8275862068965517,0.5852900861354863,0.6682498278284288,0.34238988817634153,7.0,7.0
29,5,Charles Oakley,0.0437854363376555,0.8630935002797824,0.0,Safe,Improved,0.0,0.280638305350902,0.1845505873638087,0.34238988817634153,13.0,12.0
29,5,Veron Davis,0.054180248045618,0.8062112320539281,21.0,Safe,Improved,0.7241379310344828,0.3948521329951571,0.5075962605638992,0.34238988817634153,10.0,10.0
29,5,Johnny Weir,0.109255874725282,0.728346247939854,29.0,Safe,Improved,1.0,1.0,1.0,0.34238988817634153,1.0,1.0
29,5,Nev Schulman,0.0962774534972523,0.7204937970820409,26.0,Safe,Improved,0.896551724137931,0.8573985554642359,0.8708042045081719,0.34238988817634153,3.0,3.0
29,5,AJ McLean,0.0868223384703883,0.771523520446268,24.0,Safe,Improved,0.8275862068965517,0.753509720497881,0.7788727603924182,0.34238988817634153,5.0,5.0
29,5,Nelly,0.0666328514487779,0.7474857881037036,24.0,Safe,Improved,0.8275862068965517,0.5316761119924203,0.6329927362968965,0.34238988817634153,8.0,8.0
29,5,Kaitlyn Bristowe,0.1009521424550459,0.7600232652279576,27.0,Safe,Improved,0.9310344827586207,0.9087620754505535,0.9163879224981806,0.34238988817634153,2.0,2.0
29,5,Carole Baskin,0.0334718943655474,0.8621892318311299,0.0,Safe,Improved,0.0,0.16731743544983138,0.11002963743621137,0.34238988817634153,15.0,15.0
29,5,Monica Aldama,0.088298690932036,0.7176474205930736,26.0,Safe,Improved,0.896551724137931,0.7697312616218668,0.8131533056012139,0.34238988817634153,4.0,4.0
29,5,Jeannie Mai,0.0613384697559389,0.811850925258254,24.0,Safe,Improved,0.8275862068965517,0.4735036683602173,0.594737949134868,0.34238988817634153,9.0,9.0
29,6,Anne Heche,0.0462251496238495,0.8531667150719444,0.0,Safe,Improved,0.0,0.2988688375815283,0.1731902966408459,0.42051403537981313,14.0,14.0
29,6,Jesse Metcalfe,0.0524381106875728,0.8422012350543933,0.0,Safe,Improved,0.0,0.367105245827429,0.21273233749543852,0.42051403537981313,12.0,11.0
29,6,Chrishell Stause,0.0666486527991506,0.7475130238251945,24.0,Safe,Improved,0.8888888888888888,0.5231783875992332,0.6769647862773207,0.42051403537981313,7.0,7.0
29,6,Skai Jackson,0.0474523933173516,0.8907748490947212,18.0,Safe,Improved,0.6666666666666666,0.3123475477855854,0.4613437102784886,0.42051403537981313,10.0,10.0
29,6,Justina Machado,0.1100635128180423,0.7972221669745201,27.0,Safe,Improved,1.0,1.0,1.0,0.42051403537981313,1.0,1.0
29,6,Charles Oakley,0.0519866357503025,0.9036386617574352,0.0,Safe,Improved,0.0,0.3621467360578689,0.20985895067854637,0.42051403537981313,13.0,12.0
29,6,Veron Davis,0.0190129838785074,0.95,21.0,Eliminated,Improved,0.7777777777777778,0.0,0.3270664719620769,0.42051403537981313,11.0,13.0
29,6,Johnny Weir,0.058888334292732,0.8110873859660132,22.0,Safe,Improved,0.8148148148148148,0.4379474878251958,0.5964254883004041,0.42051403537981313,9.0,9.0
29,6,Nev Schulman,0.0883629579289927,0.7991097740803129,26.0,Safe,Improved,0.9629629629629629,0.7616647026459278,0.8463134464067803,0.42051403537981313,4.0,5.0
29,6,AJ McLean,0.0855805456941837,0.7840864030790258,27.0,Safe,Improved,1.0,0.7311057123005038,0.8441795343115994,0.42051403537981313,5.0,4.0
29,6,Nelly,0.0651824116913019,0.8459322438935908,24.0,Safe,Improved,0.8888888888888888,0.5070747896857889,0.6676329773065928,0.42051403537981313,8.0,8.0
29,6,Kaitlyn Bristowe,0.093704841064508,0.765662121767195,27.0,Safe,Improved,1.0,0.8203341381531367,0.8958861547383532,0.42051403537981313,3.0,3.0
29,6,Carole Baskin,0.0420118982509769,0.8658985451561909,0.0,Safe,Improved,0.0,0.2525950660620839,0.1463752955152865,0.42051403537981313,15.0,15.0
29,6,Monica Aldama,0.0990348670997924,0.801165737766184,27.0,Safe,Improved,1.0,0.8788733481650189,0.9298088053201925,0.42051403537981313,2.0,2.0
29,6,Jeannie Mai,0.0734067051027349,0.8306258586037417,25.0,Safe,Improved,0.9259259259259259,0.5974014852824133,0.7355506235383127,0.42051403537981313,6.0,6.0
29,7,Anne Heche,0.0479462827682326,0.8770274694085585,0.0,Safe,Improved,0.0,0.3292721551342356,0.1564042736887619,0.525,14.0,14.0
29,7,Jesse Metcalfe,0.0497530635570115,0.858874322710697,0.0,Safe,Improved,0.0,0.35057037883100056,0.16652092994472525,0.525,13.0,12.5
29,7,Chrishell Stause,0.0730963790546118,0.7811839554711023,26.0,Safe,Improved,0.8666666666666667,0.625739983455844,0.7522264921415259,0.525,6.0,6.0
29,7,Skai Jackson,0.1048457783250666,0.7591881410522354,27.0,Safe,Improved,0.9,1.0,0.9475,0.525,2.0,2.0
29,7,Justina Machado,0.0819258588715399,0.8252882667749933,26.0,Safe,Improved,0.8666666666666667,0.7298213625777131,0.8016651472244137,0.525,5.0,5.0
29,7,Charles Oakley,0.0500806888181411,0.8617378761114154,0.0,Safe,Improved,0.0,0.3544324057816885,0.16835539274630204,0.525,12.0,11.0
29,7,Veron Davis,0.0527974238386958,0.8412119954785527,0.0,Safe,Improved,0.0,0.38645711544871725,0.1835671298381407,0.525,11.0,10.0
29,7,Johnny Weir,0.0815700492313557,0.81195460498796,27.0,Safe,Improved,0.9,0.7256270998552109,0.8171728724312253,0.525,4.0,4.0
29,7,Nev Schulman,0.1003061073159776,0.8397078628674387,30.0,Safe,Improved,1.0,0.9464866301093219,0.9745811493019279,0.525,1.0,1.0
29,7,AJ McLean,0.0707080559101233,0.798509599886654,26.0,Safe,Improved,0.8666666666666667,0.5975865733092509,0.7388536223218942,0.525,7.0,7.0
29,7,Nelly,0.1002087727909335,0.7789716326098812,27.0,Safe,Improved,0.9,0.9453392565592584,0.9215361468656478,0.525,3.0,3.0
29,7,Kaitlyn Bristowe,0.0597050535697186,0.8500254702344465,24.0,Safe,Improved,0.8,0.46788384089291374,0.6422448244241341,0.525,9.0,9.0
29,7,Carole Baskin,0.0472336896493337,0.8378363778858625,0.0,Safe,Improved,0.0,0.3208721501389746,0.15241427131601293,0.525,15.0,15.0
29,7,Monica Aldama,0.0200133146180894,0.95,22.0,Eliminated,Improved,0.7333333333333333,0.0,0.385,0.525,10.0,12.5
29,7,Jeannie Mai,0.0598094816811683,0.8764375039319614,25.0,Safe,Improved,0.8333333333333334,0.4691148332145609,0.6603295457769165,0.525,8.0,8.0
30,2,Martin Kove,0.0173033374164564,0.9307497466390074,15.0,Eliminated,Improved,0.0,0.0,0.0,0.2598924154791504,15.0,15.0
30,2,Brian Austin Green,0.0387178570047244,0.8289070872148444,23.0,Safe,Improved,0.47058823529411764,0.23652946940548364,0.29735956743634967,0.2598924154791504,13.0,13.0
30,2,Melora Hardin,0.0807923317648177,0.7513574594318968,27.0,Safe,Improved,0.7058823529411765,0.7012540292770686,0.7024568954937529,0.2598924154791504,6.0,6.0
30,2,Matt James,0.0321678410956838,0.8224191571067769,22.0,Safe,Improved,0.4117647058823529,0.16418267772627065,0.22852736905298188,0.2598924154791504,14.0,14.0
30,2,"Mike ""The Miz"" Mizanin",0.0662277860410174,0.7746689238954821,26.0,Safe,Improved,0.6470588235294118,0.5403844726202984,0.5681083273477384,0.2598924154791504,8.0,8.0
30,2,Suni Lee,0.0914987189852946,0.7003543619689936,28.0,Safe,Improved,0.7647058823529411,0.8195091261551894,0.8052661787473303,0.2598924154791504,4.0,4.0
30,2,Iman Shumpert,0.0604556499180411,0.7735227683153896,25.0,Safe,Improved,0.5882352941176471,0.47662958478000433,0.5056350621610283,0.2598924154791504,9.0,9.0
30,2,Cody Rigsby,0.0434355897877431,0.8250907747815761,24.0,Safe,Improved,0.5294117647058824,0.2886381719782748,0.3512134025758459,0.2598924154791504,12.0,12.0
30,2,Melanie C,0.0964620453074955,0.7209861566877087,30.0,Safe,Improved,0.8823529411764706,0.8743304793327603,0.8764154563194114,0.2598924154791504,3.0,3.0
30,2,Jimmie Allen,0.0853379333371909,0.7442940931903574,27.0,Safe,Improved,0.7058823529411765,0.7514614935916637,0.7396158206325446,0.2598924154791504,5.0,5.0
30,2,Olivia Jade,0.0724026016671929,0.7673501759736847,27.0,Safe,Improved,0.7058823529411765,0.6085870702884775,0.6338733763118141,0.2598924154791504,7.0,7.0
30,2,JoJo Siwa,0.102842680030734,0.7050080915066548,31.0,Safe,Improved,0.9411764705882353,0.9448064075615977,0.9438630144735535,0.2598924154791504,2.0,2.0
30,2,Christine Chiu,0.0548724805851298,0.747454524087231,24.0,Safe,Improved,0.5294117647058824,0.4149618889687024,0.4447065436253267,0.2598924154791504,10.0,10.0
30,2,Kenya Moore,0.0496434395140481,0.8097354986073821,24.0,Safe,Improved,0.5294117647058824,0.357205640693115,0.4019607062230952,0.2598924154791504,11.0,11.0
30,2,Amanda Kloots,0.1078397075444297,0.6894929240072751,32.0,Safe,Improved,1.0,1.0,1.0,0.2598924154791504,1.0,1.0
30,3,Martin Kove,0.0475734056033358,0.8470655677412043,0.0,Safe,Improved,0.0,0.3062580466472349,0.2230963852178309,0.2715411475382204,15.0,15.0
30,3,Brian Austin Green,0.0489441859456442,0.9161969175512924,19.0,Safe,Improved,0.7916666666666666,0.3201738905069635,0.44820358000135063,0.2715411475382204,11.0,11.0
30,3,Melora Hardin,0.0932016744125056,0.8343979823267369,23.0,Safe,Improved,0.9583333333333334,0.7694656407019188,0.820750990691949,0.2715411475382204,3.0,4.0
30,3,Matt James,0.0440747834016524,0.9051402196393254,20.0,Safe,Improved,0.8333333333333334,0.2707408461300331,0.4235078557015988,0.2715411475382204,13.0,13.5
30,3,"Mike ""The Miz"" Mizanin",0.0644327534692002,0.8348818103397904,22.0,Safe,Improved,0.9166666666666666,0.4774102329144594,0.5966864289990801,0.2715411475382204,7.0,6.0
30,3,Suni Lee,0.0779614452055382,0.7722502106222182,21.0,Safe,Improved,0.875,0.6147503712419786,0.6854188540813276,0.2715411475382204,6.0,7.0
30,3,Iman Shumpert,0.0484478865452968,0.9102552098847272,19.0,Safe,Improved,0.7916666666666666,0.31513557419197985,0.44453337388019815,0.2715411475382204,12.0,13.5
30,3,Cody Rigsby,0.05308384501921,0.8965156970639012,18.0,Safe,Improved,0.75,0.36219874855478174,0.4675027453889743,0.2715411475382204,10.0,12.0
30,3,Melanie C,0.0788406518371954,0.7786797518753291,22.0,Safe,Improved,0.9166666666666666,0.6236758728916271,0.7032349292514354,0.2715411475382204,5.0,5.0
30,3,Jimmie Allen,0.0669314732229069,0.8015567492716227,20.0,Safe,Improved,0.8333333333333334,0.5027766558697566,0.5925363953946376,0.2715411475382204,8.0,9.0
30,3,Olivia Jade,0.106922084051075,0.7803191031820003,24.0,Safe,Improved,1.0,0.9087520546727509,0.9335296264574169,0.2715411475382204,2.0,2.0
30,3,JoJo Siwa,0.0795457018733023,0.8728244011483083,24.0,Safe,Improved,1.0,0.6308333772071889,0.7310773055931582,0.2715411475382204,4.0,3.0
30,3,Christine Chiu,0.0174054535732972,0.95,21.0,Eliminated,Improved,0.875,0.0,0.23759850409594285,0.2715411475382204,14.0,10.0
30,3,Kenya Moore,0.056724191997252,0.872607776539355,21.0,Safe,Improved,0.875,0.39915470610547016,0.5283662832602525,0.2715411475382204,9.0,8.0
30,3,Amanda Kloots,0.1159104638425873,0.8590781899086094,24.0,Safe,Improved,1.0,1.0,1.0,0.2715411475382204,1.0,1.0
30,4,Martin Kove,0.0385445819655975,0.8077876818980764,0.0,Safe,Improved,0.0,0.22154990026403276,0.15602762876091902,0.2957449830716573,14.0,13.0
30,4,Brian Austin Green,0.0192570517124434,0.9346347396216836,26.0,Eliminated,Improved,0.7123287671232876,0.0,0.21066765917433122,0.2957449830716573,13.0,14.0
30,4,Melora Hardin,0.1063143251762009,0.7377231285940469,36.5,Safe,Improved,1.0,1.0,1.0,0.2957449830716573,1.0,1.0
30,4,Matt James,0.0476787493344446,0.821935079321242,28.5,Eliminated,Improved,0.7808219178082192,0.3264712584162579,0.46084318648672984,0.2957449830716573,12.0,12.0
30,4,"Mike ""The Miz"" Mizanin",0.0726293531603712,0.7680688924570824,32.5,Safe,Improved,0.8904109589041096,0.6130711349482709,0.6950929964891869,0.2957449830716573,7.0,7.0
30,4,Suni Lee,0.0898154197493719,0.756906756053086,34.0,Safe,Improved,0.9315068493150684,0.810482171444324,0.8462746127524601,0.2957449830716573,4.0,4.0
30,4,Iman Shumpert,0.0605311217630587,0.786094751381206,31.5,Safe,Improved,0.863013698630137,0.474102489182572,0.5891210282370198,0.2957449830716573,9.0,9.0
30,4,Cody Rigsby,0.0497085341810434,0.7944956282792276,29.0,Safe,Improved,0.7945205479452054,0.3497867697553973,0.48131455345753626,0.2957449830716573,11.0,11.0
30,4,Melanie C,0.0773600319020007,0.7757871277875404,33.0,Safe,Improved,0.9041095890410958,0.6674109798964236,0.7374134060509996,0.2957449830716573,6.0,6.0
30,4,Jimmie Allen,0.0664222989703952,0.7549868808412056,32.5,Safe,Improved,0.8904109589041096,0.5417726214178646,0.6448806606358649,0.2957449830716573,8.0,8.0
30,4,Olivia Jade,0.0977193961131088,0.7301875783300533,35.0,Safe,Improved,0.958904109589041,0.9012727056439436,0.9183169042280822,0.2957449830716573,3.0,3.0
30,4,JoJo Siwa,0.1015192874499326,0.7422794761963472,35.0,Safe,Improved,0.958904109589041,0.9449208832819178,0.9490563523094051,0.2957449830716573,2.0,2.0
30,4,Christine Chiu,0.0311552998612379,0.8458552813183081,0.0,Safe,Improved,0.0,0.13667149998383327,0.09625158953473649,0.2957449830716573,15.0,15.0
30,4,Kenya Moore,0.0554888460498043,0.7953981852051246,29.5,Safe,Improved,0.8082191780821918,0.4161834261033276,0.5321260329358012,0.2957449830716573,10.0,10.0
30,4,Amanda Kloots,0.0858557026109885,0.7732678741353245,34.0,Safe,Improved,0.9315068493150684,0.7649981242092374,0.8142422442969446,0.2957449830716573,5.0,5.0
30,6,Martin Kove,0.0500989043622416,0.8799747316587831,0.0,Safe,Improved,0.0,0.3886856266066607,0.22523786526816253,0.42051403537981313,13.0,12.5
30,6,Brian Austin Green,0.0528495642063065,0.8502075240881478,0.0,Safe,Improved,0.0,0.42253215672873606,0.2448514544249996,0.42051403537981313,11.0,10.0
30,6,Melora Hardin,0.0569495186363736,0.8468254145117181,34.0,Safe,Improved,0.85,0.4729815903131266,0.6315231231830334,0.42051403537981313,9.0,9.0
30,6,Matt James,0.0497949223204701,0.8923884434994864,0.0,Safe,Improved,0.0,0.3849451650750071,0.22307032030936755,0.42051403537981313,14.0,14.0
30,6,"Mike ""The Miz"" Mizanin",0.0611362340658371,0.842221495210127,34.0,Safe,Improved,0.85,0.5244986072942166,0.6613765114626748,0.42051403537981313,8.0,8.0
30,6,Suni Lee,0.0746778825223128,0.8164829288719813,36.0,Safe,Improved,0.9,0.6911269213598819,0.7789609825410431,0.42051403537981313,6.0,6.0
30,6,Iman Shumpert,0.0997795627023424,0.8098449821748679,40.0,Safe,Improved,1.0,1.0,1.0,0.42051403537981313,1.0,1.0
30,6,Cody Rigsby,0.0736260911527768,0.8249643939291553,36.0,Safe,Improved,0.9,0.6781847582829197,0.7714611806861178,0.42051403537981313,7.0,7.0
30,6,Melanie C,0.0514059226753494,0.8588464554304619,0.0,Safe,Improved,0.0,0.40476832574525445,0.2345575636921868,0.42051403537981313,12.0,11.0
30,6,Jimmie Allen,0.0987979552826025,0.7501500003302084,38.0,Safe,Improved,0.95,0.9879214417689755,0.9719749432632829,0.42051403537981313,3.0,3.0
30,6,Olivia Jade,0.0832944574591595,0.8403321797256444,36.0,Safe,Improved,0.9,0.7971528132121134,0.840401498755749,0.42051403537981313,5.0,5.0
30,6,JoJo Siwa,0.0981132120342219,0.8030792402116828,40.0,Safe,Improved,1.0,0.9794957605520815,0.9881180810247197,0.42051403537981313,2.0,2.0
30,6,Christine Chiu,0.0411520039675687,0.8637048399133995,0.0,Safe,Improved,0.0,0.27859512073735,0.16144196227896068,0.42051403537981313,15.0,15.0
30,6,Kenya Moore,0.0185109707922113,0.95,32.0,Eliminated,Improved,0.8,0.0,0.3364112283038505,0.42051403537981313,10.0,12.5
30,6,Amanda Kloots,0.0898127978202252,0.8095987006828418,38.0,Safe,Improved,0.95,0.877360187400088,0.9079062481257104,0.42051403537981313,4.0,4.0
30,7,Martin Kove,0.0543297818157142,0.9077803147658616,0.0,Safe,Improved,0.0,0.3989324579538022,0.18949291752805605,0.525,12.0,11.0
30,7,Brian Austin Green,0.0607260518156409,0.8785105388041944,0.0,Safe,Improved,0.0,0.467587288841068,0.2221039621995073,0.525,10.0,9.0
30,7,Melora Hardin,0.1098084297748,0.8254954081854754,38.0,Safe,Improved,0.9047619047619048,0.994416575029666,0.9473478731390914,0.525,2.0,3.0
30,7,Matt James,0.0504207436726013,0.8595463345098131,0.0,Safe,Improved,0.0,0.35697451173665334,0.16956289307491032,0.525,14.0,14.0
30,7,"Mike ""The Miz"" Mizanin",0.0171629913680486,0.95,32.0,Eliminated,Improved,0.7619047619047619,0.0,0.4,0.525,9.0,12.0
30,7,Suni Lee,0.0595862534849437,0.8699472983064751,34.0,Safe,Improved,0.8095238095238095,0.4553531802683372,0.6412927606274602,0.525,8.0,8.0
30,7,Iman Shumpert,0.0641897130032677,0.8539893201765942,34.0,Safe,Improved,0.8095238095238095,0.5047647489998839,0.6647632557749449,0.525,7.0,7.0
30,7,Cody Rigsby,0.076187239655959,0.8905525664776246,36.0,Safe,Improved,0.8571428571428571,0.6335410769871989,0.7509320115689195,0.525,5.0,5.0
30,7,Melanie C,0.0526309983339407,0.8787745843380196,0.0,Safe,Improved,0.0,0.38069844146347637,0.18083175969515128,0.525,13.0,13.0
30,7,Jimmie Allen,0.0845381477562445,0.8905636965975643,38.0,Safe,Improved,0.9047619047619048,0.7231761585873767,0.818508675329004,0.525,4.0,4.0
30,7,Olivia Jade,0.1103286130331818,0.8684826366029048,42.0,Safe,Improved,1.0,1.0,1.0,0.525,1.0,1.0
30,7,JoJo Siwa,0.0893021495185731,0.7753998692848754,39.0,Safe,Improved,0.9285714285714286,0.7743109192124055,0.8552976866258926,0.525,3.0,2.0
30,7,Christine Chiu,0.0575348369504412,0.8771244498309217,0.0,Safe,Improved,0.0,0.433334151168999,0.2058337218052745,0.525,11.0,10.0
30,7,Kenya Moore,0.0433287097592354,0.912194613735169,0.0,Safe,Improved,0.0,0.280851648102931,0.13340453284889223,0.525,15.0,15.0
30,7,Amanda Kloots,0.0699253400574072,0.8850807650202958,34.0,Safe,Improved,0.8095238095238095,0.5663285206103515,0.694006047289917,0.525,6.0,6.0
31,1,Jason Lewis,0.0167592662313122,0.9409443139781866,18.0,Eliminated,Improved,0.06666666666666667,0.0,0.01696596094228253,0.2544894141342379,16.0,15.5
31,1,Cheryl Ladd,0.0513858473304025,0.7808789592261675,21.0,Safe,Improved,0.26666666666666666,0.40269455189606385,0.3680768950781152,0.2544894141342379,11.0,11.0
31,1,Selma Blair,0.0846285907060897,0.7250051995066961,28.0,Safe,Improved,0.7333333333333333,0.789295574074944,0.7750537762149723,0.2544894141342379,4.0,4.0
31,1,Joseph Baena,0.0596044068375791,0.7675045751463949,23.0,Safe,Improved,0.4,0.4982734116310945,0.47326386868012443,0.2544894141342379,9.0,9.0
31,1,Trevor Donovan,0.0560227503520274,0.8187742495847153,21.0,Safe,Improved,0.26666666666666666,0.45662004858703803,0.4082789237093056,0.2544894141342379,10.0,10.0
31,1,Daniel Durant,0.0773252892086088,0.7480533737024349,27.0,Safe,Improved,0.6666666666666666,0.7043608323089662,0.6947680661783784,0.2544894141342379,6.0,6.0
31,1,Wayne Brady,0.096438944166956,0.6833597263965485,29.0,Safe,Improved,0.8,0.9266456919236457,0.8944157039833719,0.2544894141342379,2.0,2.0
31,1,Sam Champion,0.045218285520155,0.7829449024315569,20.0,Safe,Improved,0.2,0.3309680498668426,0.29763806758592615,0.2544894141342379,12.0,12.0
31,1,Jessie James Decker,0.0363565260413093,0.8425782757062328,20.0,Safe,Improved,0.2,0.22790900825565052,0.22080646109560242,0.2544894141342379,14.0,14.0
31,1,Jordin Sparks,0.0701361571389471,0.7504833007455491,26.0,Safe,Improved,0.6,0.6207538394895076,0.6154722070367867,0.2544894141342379,7.0,7.0
31,1,Heidi D'Amelio,0.066025316488933,0.800304989625933,24.0,Safe,Improved,0.4666666666666667,0.5729462569639246,0.5458992262947486,0.2544894141342379,8.0,8.0
31,1,Charli D'Amelio,0.1027464764780192,0.759560165074761,32.0,Safe,Improved,1.0,1.0,1.0,0.2544894141342379,1.0,1.0
31,1,Teresa Giudice,0.0402654008444807,0.8383536096036656,20.0,Safe,Improved,0.2,0.2733678013942626,0.25469647260111955,0.2544894141342379,13.0,13.0
31,1,Vinny Guadagnino,0.0249303137638856,0.8421495392341852,17.0,Safe,Improved,0.0,0.09502631274034526,0.07084312208371792,0.2544894141342379,15.0,15.5
31,1,Shangela,0.0809380118214997,0.7819594360651381,28.0,Safe,Improved,0.7333333333333333,0.7463754831218672,0.7430563940631323,0.2544894141342379,5.0,5.0
31,1,Gabby Windey,0.0912184170697942,0.7328182716714713,28.0,Safe,Improved,0.7333333333333333,0.865932859373508,0.8321876836770663,0.2544894141342379,3.0,3.0
31,2,Jason Lewis,0.0275612390520582,0.8853012957774318,0.0,Safe,Improved,0.0,0.12559998064171737,0.09295749828860692,0.2598924154791504,16.0,16.0
31,2,Cheryl Ladd,0.0352394366523342,0.8495607288750923,21.0,Safe,Improved,0.65625,0.21667492803479826,0.3309171552722559,0.2598924154791504,14.0,14.0
31,2,Selma Blair,0.0649264149954456,0.8227339829406651,28.0,Safe,Improved,0.875,0.568807047005169,0.6483842731616896,0.2598924154791504,8.0,8.0
31,2,Joseph Baena,0.0416784616057406,0.8501727427031789,24.0,Safe,Improved,0.75,0.2930514280187454,0.41180889614070204,0.2598924154791504,13.0,13.0
31,2,Trevor Donovan,0.0868936015255238,0.7380198170711207,30.0,Safe,Improved,0.9375,0.8293708487923166,0.8574727950833916,0.2598924154791504,4.0,4.0
31,2,Daniel Durant,0.0801585796483769,0.7596458799035342,29.0,Safe,Improved,0.90625,0.7494833810446313,0.7902258363114416,0.2598924154791504,5.0,5.0
31,2,Wayne Brady,0.1012787247327374,0.7523441086216169,32.0,Safe,Improved,1.0,1.0,1.0,0.2598924154791504,1.0,1.0
31,2,Sam Champion,0.0485639611955111,0.8306592299518396,26.0,Safe,Improved,0.8125,0.3747237872832279,0.48849850464550415,0.2598924154791504,11.0,11.0
31,2,Jessie James Decker,0.0461454116443381,0.8183227890758189,25.0,Safe,Improved,0.78125,0.3460361597164768,0.45914493591771877,0.2598924154791504,12.0,12.0
31,2,Jordin Sparks,0.0546936573542361,0.785228837881379,27.0,Safe,Improved,0.84375,0.4474311835048857,0.550431438023639,0.2598924154791504,10.0,10.0
31,2,Heidi D'Amelio,0.0696058033655371,0.7704842504203854,28.0,Safe,Improved,0.875,0.6243116161533449,0.6894636257638165,0.2598924154791504,7.0,7.0
31,2,Charli D'Amelio,0.0976023884339373,0.7168146878688019,32.0,Safe,Improved,1.0,0.956393133852083,0.9677262276267411,0.2598924154791504,2.0,2.0
31,2,Teresa Giudice,0.016972361456602,0.9451926234351752,23.0,Eliminated,Improved,0.71875,0.0,0.18679767362563934,0.2598924154791504,15.0,15.0
31,2,Vinny Guadagnino,0.0604474103187085,0.7776642928397387,27.0,Safe,Improved,0.84375,0.5156793292068498,0.6009424082871466,0.2598924154791504,9.0,9.0
31,2,Shangela,0.0754557017480948,0.7755110904527756,28.0,Safe,Improved,0.875,0.6937001908140388,0.7408186361492872,0.2598924154791504,6.0,6.0
31,2,Gabby Windey,0.0927768462708173,0.7397468959398399,32.0,Safe,Improved,1.0,0.8991549613630798,0.9253638220435172,0.2598924154791504,3.0,3.0
31,3,Jason Lewis,0.0388672630757352,0.8436118837079603,0.0,Safe,Improved,0.0,0.26412312392156156,0.19240282776052117,0.2715411475382204,15.0,15.0
31,3,Cheryl Ladd,0.0166664596261734,0.9489484756612026,24.0,Eliminated,Improved,0.7272727272727273,0.0,0.19748447093688756,0.2715411475382204,14.0,14.0
31,3,Selma Blair,0.0571574854089133,0.8247755809411669,28.0,Safe,Improved,0.8484848484848485,0.48172203518773304,0.5813132303847779,0.2715411475382204,9.0,9.0
31,3,Joseph Baena,0.0707824908817263,0.790349506747613,29.0,Safe,Improved,0.8787878787878788,0.6438188267342018,0.7076225927648251,0.2715411475382204,7.0,7.0
31,3,Trevor Donovan,0.0555454723716165,0.8124215038569189,27.0,Safe,Improved,0.8181818181818182,0.46254390408178336,0.5591142313846059,0.2715411475382204,10.0,10.0
31,3,Daniel Durant,0.079934831118939,0.7317578877986541,31.0,Safe,Improved,0.9393939393939394,0.7527042866743164,0.8033982092073149,0.2715411475382204,5.0,5.0
31,3,Wayne Brady,0.1007212107586601,0.7942589144648221,33.0,Safe,Improved,1.0,1.0,1.0,0.2715411475382204,1.0,1.0
31,3,Sam Champion,0.0466715766256339,0.8461885478935774,25.0,Safe,Improved,0.7575757575757576,0.35697110032681645,0.4657517486653494,0.2715411475382204,12.0,12.0
31,3,Jessie James Decker,0.0499300119396212,0.8234210767417108,26.0,Safe,Improved,0.7878787878787878,0.39573672951595495,0.5022194340417985,0.2715411475382204,11.0,11.0
31,3,Jordin Sparks,0.0641170614701641,0.8387743256761258,29.0,Safe,Improved,0.8787878787878788,0.5645201634015821,0.649856779471792,0.2715411475382204,8.0,8.0
31,3,Heidi D'Amelio,0.0846778066456405,0.7669573275180137,32.0,Safe,Improved,0.9696969696969697,0.8091315018263266,0.8527316332269324,0.2715411475382204,4.0,4.0
31,3,Charli D'Amelio,0.0963822156121217,0.7387799518675493,33.0,Safe,Improved,1.0,0.9483789424383721,0.962396183645793,0.2715411475382204,2.0,2.0
31,3,Teresa Giudice,0.0290276007042983,0.8685414349449613,0.0,Safe,Improved,0.0,0.1470605874335566,0.10712758676420385,0.2715411475382204,16.0,16.0
31,3,Vinny Guadagnino,0.0398726091770456,0.8342303277591927,23.0,Safe,Improved,0.696969696969697,0.2760837339735237,0.39037159134823357,0.2715411475382204,13.0,13.0
31,3,Shangela,0.0771873060321523,0.7922721489852624,30.0,Safe,Improved,0.9090909090909091,0.7200169602618445,0.7713583172964715,0.2715411475382204,6.0,6.0
31,3,Gabby Windey,0.0924585985515581,0.6720308040763789,33.0,Safe,Improved,1.0,0.9016996410580228,0.9283922333285464,0.2715411475382204,3.0,3.0
31,4,Jason Lewis,0.0386884090694875,0.8541718665617417,0.0,Safe,Improved,0.0,0.2608991916480326,0.18373956463067612,0.2957449830716573,14.0,13.0
31,4,Cheryl Ladd,0.0376291949021708,0.8372661223105964,0.0,Safe,Improved,0.0,0.248593160261011,0.1750729802878885,0.2957449830716573,15.0,14.5
31,4,Selma Blair,0.0773219129300113,0.785809504457827,32.0,Safe,Improved,0.8888888888888888,0.7097462008441219,0.7627267520873326,0.2957449830716573,6.0,6.0
31,4,Joseph Baena,0.0495711938730877,0.808199216951083,28.0,Safe,Improved,0.7777777777777778,0.3873362196860681,0.5028073516743723,0.2957449830716573,11.0,11.0
31,4,Trevor Donovan,0.0468353788588853,0.8228502553906842,28.0,Safe,Improved,0.7777777777777778,0.3555513111447216,0.4804226703715205,0.2957449830716573,12.0,12.0
31,4,Daniel Durant,0.0550593425905413,0.8245287496596235,29.0,Safe,Improved,0.8055555555555556,0.4510979521643244,0.5559270100788842,0.2957449830716573,10.0,10.0
31,4,Wayne Brady,0.1023048604387947,0.7552614535508582,36.0,Safe,Improved,1.0,1.0,1.0,0.2957449830716573,1.0,1.0
31,4,Sam Champion,0.0162320938412883,0.9404438696907728,25.0,Eliminated,Improved,0.6944444444444444,0.0,0.2053784604664287,0.2957449830716573,13.0,14.5
31,4,Jessie James Decker,0.0635544313552894,0.8377076715115847,31.0,Safe,Improved,0.8611111111111112,0.5497945446007317,0.6418648572932704,0.2957449830716573,8.0,8.0
31,4,Jordin Sparks,0.0776219877072778,0.7940562774884858,34.0,Safe,Improved,0.9444444444444444,0.7132324926078072,0.7816122673896984,0.2957449830716573,5.0,5.0
31,4,Heidi D'Amelio,0.0863962995835817,0.7706941924094305,34.0,Safe,Improved,0.9444444444444444,0.8151731205573461,0.8534044660519868,0.2957449830716573,4.0,4.0
31,4,Charli D'Amelio,0.0969395979977317,0.7431309475737609,36.0,Safe,Improved,1.0,0.9376659697003578,0.9561009464361137,0.2957449830716573,2.0,2.0
31,4,Teresa Giudice,0.031838447221945,0.8672637663575352,0.0,Safe,Improved,0.0,0.1813158098383796,0.1276925687271042,0.2957449830716573,16.0,16.0
31,4,Vinny Guadagnino,0.0590678128365953,0.8291789840979819,29.0,Safe,Improved,0.8055555555555556,0.49766866674119414,0.5887246694615828,0.2957449830716573,9.0,9.0
31,4,Shangela,0.0707471202672181,0.7740537680811294,32.0,Safe,Improved,0.8888888888888888,0.6333597557152201,0.708931214879982,0.2957449830716573,7.0,7.0
31,4,Gabby Windey,0.0901919165260935,0.7343932962044093,36.0,Safe,Improved,1.0,0.8592708891379806,0.9008908176475579,0.2957449830716573,3.0,3.0
31,5,Jason Lewis,0.0467325878159686,0.9058364643345076,0.0,Safe,Improved,0.0,0.36290303579190236,0.23864870594825804,0.34238988817634153,14.0,14.0
31,5,Cheryl Ladd,0.0477846181863185,0.9178726660671024,0.0,Safe,Improved,0.0,0.37657920782465437,0.2476422949680357,0.34238988817634153,13.0,12.0
31,5,Selma Blair,0.0781981833291583,0.8455533609063078,40.0,Safe,Improved,0.9523809523809523,0.7719491141938446,0.8337271510941802,0.34238988817634153,6.0,5.0
31,5,Joseph Baena,0.0188165149389272,0.95,35.0,Eliminated,Improved,0.8333333333333334,0.0,0.28532490681361794,0.34238988817634153,12.0,13.0
31,5,Trevor Donovan,0.0661445654468901,0.871136131955336,36.0,Safe,Improved,0.8571428571428571,0.615254634242541,0.6980747158325542,0.34238988817634153,7.0,7.0
31,5,Daniel Durant,0.0478311476882438,0.897481072600139,33.5,Safe,Improved,0.7976190476190477,0.37718408149642585,0.5211367625325742,0.34238988817634153,10.0,10.0
31,5,Wayne Brady,0.095062042963065,0.8100165395649455,41.0,Safe,Improved,0.9761904761904762,0.9911757182820722,0.9860449229180352,0.34238988817634153,2.0,2.0
31,5,Sam Champion,0.0462669490461507,0.9155139617257384,0.0,Safe,Improved,0.0,0.35684983038963775,0.23466805686678324,0.34238988817634153,15.0,15.0
31,5,Jessie James Decker,0.0636244056876114,0.8904041893626808,36.0,Safe,Improved,0.8571428571428571,0.5824930910501606,0.6765303937502973,0.34238988817634153,8.0,8.0
31,5,Jordin Sparks,0.0599047936500831,0.8601379470419973,35.5,Safe,Improved,0.8452380952380952,0.5341389222409344,0.6406561332951846,0.34238988817634153,9.0,9.0
31,5,Heidi D'Amelio,0.0791716586995704,0.8238682320580802,39.0,Safe,Improved,0.9285714285714286,0.7846040878624989,0.8338970495488747,0.34238988817634153,5.0,5.0
31,5,Charli D'Amelio,0.0957408449217967,0.8718739317676727,42.0,Safe,Improved,1.0,1.0,1.0,0.34238988817634153,1.0,1.0
31,5,Teresa Giudice,0.0404634514453462,0.8855771748531578,0.0,Safe,Improved,0.0,0.28140559054904507,0.18505516186876017,0.34238988817634153,16.0,16.0
31,5,Vinny Guadagnino,0.0466240691379558,0.9334302647205692,31.0,Safe,Improved,0.7380952380952381,0.3614923159580479,0.4904373483554839,0.34238988817634153,11.0,11.0
31,5,Shangela,0.082029478734689,0.7954692673823274,38.5,Safe,Improved,0.9166666666666666,0.8217551431366238,0.8542518890647213,0.34238988817634153,4.0,5.0
31,5,Gabby Windey,0.0856046883082246,0.8234084334855003,41.0,Safe,Improved,0.9761904761904762,0.8682321104931386,0.9051959632519506,0.34238988817634153,3.0,3.0
32,1,Jamie Lynn Spears,0.0546213428852124,0.795207364284656,15.0,Safe,Improved,0.3,0.36081675462601526,0.3453395343716949,0.2544894141342379,10.0,10.0
32,1,Mira Sorvino,0.0748329136626751,0.781146101806913,17.0,Safe,Improved,0.5,0.5761581288494726,0.5567766912570105,0.2544894141342379,7.0,7.0
32,1,Barry Williams,0.0690245144659261,0.7804581578230805,16.0,Safe,Improved,0.4,0.5142733461753288,0.4851919892560104,0.2544894141342379,8.0,8.0
32,1,Alyson Hannigan,0.0528164945244713,0.7803440489881039,13.0,Safe,Improved,0.1,0.34158724839187715,0.2801058510863257,0.2544894141342379,11.0,11.0
32,1,Xochitl Gomez,0.0816923741203319,0.7639226036378198,18.0,Safe,Improved,0.6,0.6492412977751841,0.6367099087531679,0.2544894141342379,6.0,6.0
32,1,Adrian Peterson,0.0879673819610308,0.7145549714327846,18.0,Safe,Improved,0.6,0.7160974974519468,0.6865519133429497,0.2544894141342379,5.0,5.0
32,1,Matt Walsh,0.0207557032694339,0.9354001288364818,12.0,Eliminated,Improved,0.0,0.0,0.0,0.2544894141342379,14.0,14.0
32,1,Tyson Beckford,0.043165342107411,0.7939927677681013,12.0,Safe,Improved,0.0,0.23876038514544176,0.17799839461131328,0.2544894141342379,12.0,12.0
32,1,Jason Mraz,0.1075331743881314,0.727670604990367,21.0,Safe,Improved,0.9,0.9245585159157322,0.918308633588331,0.2544894141342379,2.0,2.0
32,1,Lele Pons,0.0956093641347866,0.7088511095750663,19.0,Safe,Improved,0.7,0.7975179353390771,0.7727006531070548,0.2544894141342379,4.0,4.0
32,1,Harry Jowsey,0.0342375114422135,0.8598825263089945,12.0,Safe,Improved,0.0,0.14364005306211314,0.1070851801121251,0.2544894141342379,13.0,13.0
32,1,Mauricio Umansky,0.0624826966840836,0.7957281638557707,15.0,Safe,Improved,0.3,0.4445744570304911,0.40778178816202587,0.2544894141342379,9.0,9.0
32,1,Charity Lawson,0.114613982247859,0.7295833228252976,22.0,Safe,Improved,1.0,1.0,1.0,0.2544894141342379,1.0,1.0
32,1,Ariana Madix,0.1006472041064327,0.7465061941473876,21.0,Safe,Improved,0.9,0.8511929017509814,0.8636137915899662,0.2544894141342379,3.0,3.0
32,2,Jamie Lynn Spears,0.0195044333555119,0.9486925732691928,16.0,Eliminated,Improved,0.6666666666666666,0.0,0.17326161031943357,0.2598924154791504,14.0,12.0
32,2,Mira Sorvino,0.0631290886840234,0.7375651794950211,18.0,Safe,Improved,0.75,0.42860619713695436,0.5121340088830612,0.2598924154791504,8.0,8.0
32,2,Barry Williams,0.0550007318726857,0.8633540996708066,15.0,Safe,Improved,0.625,0.3487462171406704,0.42054248005323425,0.2598924154791504,10.0,10.0
32,2,Alyson Hannigan,0.0763592879952187,0.7878006655305605,19.0,Safe,Improved,0.7916666666666666,0.5585910731533686,0.6191656521407762,0.2598924154791504,6.0,6.0
32,2,Xochitl Gomez,0.1212870385066267,0.6984116253362345,24.0,Safe,Improved,1.0,1.0,1.0,0.2598924154791504,1.0,1.0
32,2,Adrian Peterson,0.0585631675819899,0.879440882176161,15.0,Safe,Improved,0.625,0.38374665463207785,0.44644656930217286,0.2598924154791504,9.0,9.0
32,2,Matt Walsh,0.0442909185034079,0.8554054969404946,0.0,Safe,Improved,0.0,0.24352378396186608,0.1802337995213939,0.2598924154791504,13.0,14.0
32,2,Tyson Beckford,0.0764973124061107,0.7974825878174259,18.0,Safe,Improved,0.75,0.5599471438757389,0.6093404397225844,0.2598924154791504,7.0,7.0
32,2,Jason Mraz,0.1079880317467451,0.7420126782922899,24.0,Safe,Improved,1.0,0.8693391003292085,0.9032968771533294,0.2598924154791504,2.0,2.0
32,2,Lele Pons,0.0889834268000008,0.7707220657045935,21.0,Safe,Improved,0.875,0.682621488626025,0.7326192046332904,0.2598924154791504,4.0,4.0
32,2,Harry Jowsey,0.0522592813392238,0.788424293472887,15.0,Safe,Improved,0.625,0.3218118453058002,0.4006081471739421,0.2598924154791504,11.0,12.0
32,2,Mauricio Umansky,0.0550185069288104,0.88251445401798,12.0,Safe,Improved,0.5,0.348920854605474,0.3881851786305831,0.2598924154791504,12.0,12.0
32,2,Charity Lawson,0.0924549977214148,0.7659872517972034,21.0,Safe,Improved,0.875,0.7167291921600406,0.7578625747094041,0.2598924154791504,3.0,3.0
32,2,Ariana Madix,0.0886637765582296,0.7807245552140674,20.0,Safe,Improved,0.8333333333333334,0.679480969268158,0.719466031792234,0.2598924154791504,5.0,5.0
32,3,Jamie Lynn Spears,0.0356188824903098,0.8070424714951419,0.0,Safe,Improved,0.0,0.1532640874909809,0.11164658129728174,0.2715411475382204,14.0,14.0
32,3,Mira Sorvino,0.0795684888674163,0.7565053535007025,26.0,Safe,Improved,0.7647058823529411,0.6183192726757134,0.6580692606516975,0.2715411475382204,6.0,6.0
32,3,Barry Williams,0.0760461842931663,0.7373851191037064,25.0,Safe,Improved,0.7352941176470589,0.5810478124492087,0.6229320311661635,0.2715411475382204,7.0,7.0
32,3,Alyson Hannigan,0.0678184973746699,0.7476766579060434,24.0,Safe,Improved,0.7058823529411765,0.49398608928627963,0.5515246438781917,0.2715411475382204,8.0,8.0
32,3,Xochitl Gomez,0.0984275118033427,0.7107130861522744,32.0,Safe,Improved,0.9411764705882353,0.8178770645843786,0.8513579267814468,0.2715411475382204,3.0,3.0
32,3,Adrian Peterson,0.0514214868806267,0.7824738385517953,22.0,Safe,Improved,0.6470588235294118,0.3204802178945527,0.4091597472300743,0.2715411475382204,11.0,11.0
32,3,Matt Walsh,0.044592531136415,0.8329222649768225,0.0,Safe,Improved,0.0,0.2482192458395898,0.18081750698323595,0.2715411475382204,12.0,12.0
32,3,Tyson Beckford,0.0211348028981226,0.923477883606089,20.0,Eliminated,Improved,0.5882352941176471,0.0,0.15973008678718847,0.2715411475382204,13.0,13.0
32,3,Jason Mraz,0.1077000227863771,0.6766851280894512,34.0,Safe,Improved,1.0,0.9159946512435571,0.93880556004423,0.2715411475382204,2.0,2.0
32,3,Lele Pons,0.0883699811701274,0.7518976921564696,27.0,Safe,Improved,0.7941176470588235,0.7114527491764598,0.7338996704085667,0.2715411475382204,5.0,5.0
32,3,Harry Jowsey,0.0616041878845035,0.7914939450876043,24.0,Safe,Improved,0.7058823529411765,0.42822903048700034,0.5036233322840069,0.2715411475382204,9.0,9.0
32,3,Mauricio Umansky,0.0581241724539789,0.7601921361670643,23.0,Safe,Improved,0.6764705882352942,0.3914050551685006,0.4688120771410522,0.2715411475382204,10.0,10.0
32,3,Charity Lawson,0.0939343800677422,0.7012132428615623,32.0,Safe,Improved,0.9411764705882353,0.7703327431761318,0.8167238449673213,0.2715411475382204,4.0,4.0
32,3,Ariana Madix,0.1156388698932009,0.711623273531417,34.0,Safe,Improved,1.0,1.0,1.0,0.2715411475382204,1.0,1.0
32,5,Jamie Lynn Spears,0.0622148411032041,0.895128323589857,0.0,Safe,Improved,0.0,0.47863308663411086,0.31475395762396047,0.34238988817634153,11.0,11.0
32,5,Mira Sorvino,0.0227654702055054,0.95,22.0,Eliminated,Improved,0.7857142857142857,0.0,0.2690206264242683,0.34238988817634153,14.0,12.0
32,5,Barry Williams,0.0998059038243967,0.8415262777140512,24.0,Safe,Improved,0.8571428571428571,0.9347196089454329,0.9081581135706651,0.34238988817634153,2.0,3.0
32,5,Alyson Hannigan,0.0605153678408644,0.8810049885681557,21.0,Safe,Improved,0.75,0.4580136416418146,0.5579868182290908,0.34238988817634153,8.0,8.0
32,5,Xochitl Gomez,0.10518637256125,0.8853383653293214,28.0,Safe,Improved,1.0,1.0,1.0,0.34238988817634153,1.0,1.0
32,5,Adrian Peterson,0.0573504279414772,0.9082272771196984,0.0,Safe,Improved,0.0,0.4196139176770525,0.2759423553263699,0.34238988817634153,12.0,13.0
32,5,Matt Walsh,0.0565122769673432,0.8929834956685402,0.0,Safe,Improved,0.0,0.4094447621572988,0.26925501582787253,0.34238988817634153,13.0,14.0
32,5,Tyson Beckford,0.0665751925107763,0.8951464950472232,0.0,Safe,Improved,0.0,0.5315365526596596,0.3495438118328807,0.34238988817634153,10.0,9.0
32,5,Jason Mraz,0.0813401660350872,0.8032011755124333,27.0,Safe,Improved,0.9642857142857143,0.7106776819399775,0.7975105077754563,0.34238988817634153,4.0,4.0
32,5,Lele Pons,0.0819230286762905,0.8496640270824669,24.0,Safe,Improved,0.8571428571428571,0.7177494637883192,0.7654763521515002,0.34238988817634153,5.0,5.0
32,5,Harry Jowsey,0.0590041111591216,0.8934261307784146,18.0,Safe,Improved,0.6428571428571429,0.4396777991728748,0.5092443519366738,0.34238988817634153,9.0,10.0
32,5,Mauricio Umansky,0.0776606403884162,0.817081794318452,24.0,Safe,Improved,0.8571428571428571,0.6660345690705084,0.731468114453172,0.34238988817634153,6.0,6.0
32,5,Charity Lawson,0.0923206068357627,0.8703772901109639,28.0,Safe,Improved,1.0,0.843901663804211,0.8973481556788002,0.34238988817634153,3.0,2.0
32,5,Ariana Madix,0.0768255939505037,0.8513119530957638,24.0,Safe,Improved,0.8571428571428571,0.6559030804062823,0.7248055450597501,0.34238988817634153,7.0,7.0
33,2,Tori Spelling,0.0224501187260531,0.943216079033802,19.0,Eliminated,Improved,0.4444444444444444,0.0,0.11550774021295572,0.2598924154791504,13.0,11.0
33,2,Eric Roberts,0.0452123215942476,0.8184953557842871,15.0,Safe,Improved,0.0,0.2281133650880505,0.16882843163223976,0.2598924154791504,12.0,13.0
33,2,Reginald VelJohnson,0.05730127080537,0.8210753021520166,15.0,Safe,Improved,0.0,0.3492638047399575,0.2584927908866516,0.2598924154791504,11.0,12.0
33,2,Chandler Kinney,0.122234727398186,0.7309364905509887,24.0,Safe,Improved,1.0,1.0,1.0,0.2598924154791504,1.0,1.0
33,2,Dwight Howard ,0.1140927928739383,0.7148591850616584,22.0,Safe,Improved,0.7777777777777778,0.9184049060010843,0.8818569819652329,0.2598924154791504,2.0,2.0
33,2,Danny Amendola,0.0809092846058474,0.8001673544934351,21.0,Safe,Improved,0.6666666666666666,0.5858535365095874,0.6068562561085417,0.2598924154791504,6.0,6.0
33,2,Stephen Nedoroscik,0.1035347980050885,0.7431701677155979,22.0,Safe,Improved,0.7777777777777778,0.8125970563803004,0.8035477899590493,0.2598924154791504,3.0,3.0
33,2,Ilona Maher,0.0876793725939064,0.7383271912290934,21.0,Safe,Improved,0.6666666666666666,0.653700552979871,0.6570703475853095,0.2598924154791504,5.0,5.0
33,2,Anna Delvey,0.0588119895429529,0.8290967177010437,17.0,Eliminated,Improved,0.2222222222222222,0.3644036019259819,0.3274517397186136,0.2598924154791504,10.0,10.0
33,2,Brooks Nader,0.0698227384456116,0.6732052551495044,20.0,Safe,Improved,0.5555555555555556,0.47474876486425877,0.495749836884138,0.2598924154791504,8.0,8.0
33,2,Phaedra Parks,0.0774908699327537,0.7253146486248525,21.0,Safe,Improved,0.6666666666666666,0.5515956011567941,0.5815016983239144,0.2598924154791504,7.0,7.0
33,2,Jenn Tran,0.0609914888011931,0.8157486285953685,19.0,Safe,Improved,0.4444444444444444,0.38624564036501097,0.4013710681352127,0.2598924154791504,9.0,9.0
33,2,Joey Graziadei,0.099468226674851,0.7471231414355262,22.0,Safe,Improved,0.7777777777777778,0.7718435635886494,0.7733858208482326,0.2598924154791504,4.0,4.0
33,3,Tori Spelling,0.0555221474804187,0.821216222517408,0.0,Safe,Improved,0.0,0.3330614637468977,0.24262157168030574,0.2715411475382204,11.0,12.0
33,3,Eric Roberts,0.0229923362292722,0.9382456385024016,23.0,Eliminated,Improved,0.6571428571428571,0.0,0.17844132552511627,0.2715411475382204,12.0,11.0
33,3,Reginald VelJohnson,0.0570455385100807,0.7657508442769954,21.0,Eliminated,Improved,0.6,0.3486589365474888,0.4169083773408604,0.2715411475382204,10.0,10.0
33,3,Chandler Kinney,0.1101269047879311,0.6703390839998481,34.5,Safe,Improved,0.9857142857142858,0.8921406497886922,0.9175497422672516,0.2715411475382204,2.0,2.0
33,3,Dwight Howard ,0.063178720084197,0.7879670183050735,26.0,Safe,Improved,0.7428571428571429,0.41145445714641893,0.5014439227215571,0.2715411475382204,9.0,9.0
33,3,Danny Amendola,0.0819636143821363,0.783576535081935,30.0,Safe,Improved,0.8571428571428571,0.6037864796994826,0.672583161166583,0.2715411475382204,6.0,6.0
33,3,Stephen Nedoroscik,0.1003646235339634,0.699287208334175,31.0,Safe,Improved,0.8857142857142857,0.792188035282182,0.8175842606494623,0.2715411475382204,4.0,4.0
33,3,Ilona Maher,0.0676081864166578,0.7366141900621785,28.0,Safe,Improved,0.8,0.4568062278319928,0.549997458554464,0.2715411475382204,8.0,8.0
33,3,Anna Delvey,0.0416627025043455,0.8370207680099528,0.0,Safe,Improved,0.0,0.19115940981820062,0.13925176431343747,0.2715411475382204,13.0,13.0
33,3,Brooks Nader,0.0927485589875976,0.7261551118099412,30.5,Safe,Improved,0.8714285714285714,0.7142097898438828,0.7569011582099501,0.2715411475382204,5.0,5.0
33,3,Phaedra Parks,0.0760770760159728,0.7622929969225802,28.0,Safe,Improved,0.8,0.5435162534291846,0.613162144297926,0.2715411475382204,7.0,7.0
33,3,Jenn Tran,0.1100481613165253,0.6957266437469911,31.0,Safe,Improved,0.8857142857142857,0.8913344226746014,0.8898083242350754,0.2715411475382204,3.0,3.0
33,3,Joey Graziadei,0.1206614297509015,0.6865648672372535,35.0,Safe,Improved,1.0,1.0,1.0,0.2715411475382204,1.0,1.0
33,4,Tori Spelling,0.0712070956168106,0.8714894835998157,0.0,Safe,Improved,0.0,0.46442236428180295,0.3270717800191821,0.2957449830716573,11.0,12.0
33,4,Eric Roberts,0.0748300107960247,0.8343309796659542,0.0,Safe,Improved,0.0,0.500459113223728,0.35245084125531995,0.2957449830716573,10.0,11.0
33,4,Reginald VelJohnson,0.0831247420893383,0.8489145229337938,0.0,Safe,Improved,0.0,0.5829659162736172,0.4105566712339231,0.2957449830716573,9.0,7.0
33,4,Chandler Kinney,0.0841869097779404,0.8581128122693518,32.0,Safe,Improved,0.8888888888888888,0.5935311844167929,0.6808817437259764,0.2957449830716573,5.0,5.0
33,4,Dwight Howard ,0.0588929520399856,0.909745613523804,29.0,Safe,Improved,0.8055555555555556,0.34193489809466343,0.4790483815871056,0.2957449830716573,8.0,9.5
33,4,Danny Amendola,0.1250508080232218,0.8134447639436663,36.0,Safe,Improved,1.0,1.0,1.0,0.2957449830716573,1.0,1.0
33,4,Stephen Nedoroscik,0.0864053657922859,0.8699733726647002,33.0,Safe,Improved,0.9166666666666666,0.6155979285918566,0.7046374974371965,0.2957449830716573,3.0,3.0
33,4,Ilona Maher,0.0578835467472754,0.8755560128737933,32.0,Safe,Improved,0.8888888888888888,0.331894451847744,0.4966227622014847,0.2957449830716573,7.0,8.0
33,4,Anna Delvey,0.0587480489115327,0.8348389187945752,0.0,Safe,Improved,0.0,0.3404935622083264,0.2397942994170166,0.2957449830716573,13.0,13.0
33,4,Brooks Nader,0.0245169006762355,0.95,32.0,Eliminated,Improved,0.8888888888888888,0.0,0.2628844293970287,0.2957449830716573,12.0,9.5
33,4,Phaedra Parks,0.079349742021174,0.8462680052198176,32.0,Safe,Improved,0.8888888888888888,0.5454163952435119,0.6469966620622438,0.2957449830716573,6.0,6.0
33,4,Jenn Tran,0.0842047458471084,0.8827486259895863,32.0,Safe,Improved,0.8888888888888888,0.5937085978849319,0.681006688050984,0.2957449830716573,4.0,4.0
33,4,Joey Graziadei,0.1115991316610661,0.8361784570129233,36.0,Safe,Improved,1.0,0.8661976171310231,0.905769000587556,0.2957449830716573,2.0,2.0
34,2,Corey Feldman,0.0197899284615041,0.9273803494063988,15.0,Eliminated,Improved,0.0,0.0,0.0,0.2598924154791504,14.0,14.0
34,2,Danielle Fishel,0.0556385857114831,0.801967125887008,19.0,Safe,Improved,0.5714285714285714,0.3768072246308575,0.4273878365539207,0.2598924154791504,10.0,10.0
34,2,Elaine Hendrix,0.0754047375741894,0.7388621869554156,21.0,Safe,Improved,0.8571428571428571,0.5845703431510855,0.6554098722056315,0.2598924154791504,7.0,7.0
34,2,Baron Davis,0.0488730315291402,0.7903349986788626,18.0,Eliminated,Improved,0.42857142857142855,0.3056941093818948,0.33762899267366525,0.2598924154791504,11.0,11.0
34,2,Jordan Chiles,0.1078187542490031,0.6654407926360038,22.0,Safe,Improved,1.0,0.9252758702006945,0.9446961047888134,0.2598924154791504,2.0,2.0
34,2,Andy Richter,0.0356254770134639,0.8282453268466983,16.0,Safe,Improved,0.14285714285714285,0.16644832911767318,0.1603171587364054,0.2598924154791504,13.0,13.0
34,2,Robert Irwin,0.1149278528606407,0.681773333767922,22.0,Safe,Improved,1.0,1.0,1.0,0.2598924154791504,1.0,1.0
34,2,Hilaria Baldwin,0.0696761298323915,0.7015521313823702,21.0,Safe,Improved,0.8571428571428571,0.5243566294509169,0.6108452460039697,0.2598924154791504,8.0,8.0
34,2,Lauren Jauregui,0.087312605672304,0.7144861222913474,21.0,Safe,Improved,0.8571428571428571,0.7097346051772041,0.7480448918421169,0.2598924154791504,5.0,5.0
34,2,Scott Hoying,0.0439159189064786,0.7852703411421208,18.0,Safe,Improved,0.42857142857142855,0.25358962366845,0.29906606760958654,0.2598924154791504,12.0,12.0
34,2,Alix Earle,0.0820036087055978,0.7122100139986232,21.0,Safe,Improved,0.8571428571428571,0.653931443606923,0.7067445487237094,0.2598924154791504,6.0,6.0
34,2,Jen Affleck,0.0955422694320583,0.7039792414360422,22.0,Safe,Improved,1.0,0.7962370573983395,0.8491935007362246,0.2598924154791504,4.0,4.0
34,2,Whitney Leavitt,0.1013456201672559,0.731644737802152,22.0,Safe,Improved,1.0,0.8572363988476076,0.8943395759936048,0.2598924154791504,3.0,3.0
34,2,Dylan Efron,0.0621254798844884,0.772921370723734,20.0,Safe,Improved,0.7142857142857143,0.44499132906633504,0.5149788973159724,0.2598924154791504,9.0,9.0
34,3,Corey Feldman,0.0427057522721281,0.8130593118958649,0.0,Safe,Improved,0.0,0.23681367090608682,0.17250901495550955,0.2715411475382204,13.0,12.5
34,3,Danielle Fishel,0.067049791835309,0.7885198585601065,21.0,Safe,Improved,0.875,0.5004002145358338,0.6021194701483448,0.2715411475382204,8.0,8.0
34,3,Elaine Hendrix,0.0623682427580889,0.7795420784576854,21.0,Safe,Improved,0.875,0.4497104620444754,0.5651940712169181,0.2715411475382204,9.0,9.0
34,3,Baron Davis,0.0333495804626577,0.8146146200250535,0.0,Safe,Improved,0.0,0.13550916133757962,0.0987128481660314,0.2715411475382204,14.0,14.0
34,3,Jordan Chiles,0.1131912859177246,0.674466261088889,24.0,Safe,Improved,1.0,1.0,1.0,0.2715411475382204,1.0,1.0
34,3,Andy Richter,0.0506301154489181,0.7989699536373157,18.0,Safe,Improved,0.75,0.32261518691233143,0.4386677494985648,0.2715411475382204,11.0,11.0
34,3,Robert Irwin,0.0833435269167521,0.7588988804322288,22.0,Safe,Improved,0.9166666666666666,0.6768216051513838,0.7419494083866188,0.2715411475382204,6.0,6.0
34,3,Hilaria Baldwin,0.0754804208335883,0.7532920705191024,22.0,Safe,Improved,0.9166666666666666,0.5916833539882573,0.679929695643725,0.2715411475382204,7.0,7.0
34,3,Lauren Jauregui,0.0208343725945,0.9318305637058562,18.0,Eliminated,Improved,0.75,0.0,0.2036558606536653,0.2715411475382204,12.0,12.5
34,3,Scott Hoying,0.088616067109572,0.7461905193025283,22.0,Safe,Improved,0.9166666666666666,0.7339103492756857,0.7835362094198919,0.2715411475382204,5.0,5.0
34,3,Alix Earle,0.1022162747345443,0.6817168898595132,23.0,Safe,Improved,0.9583333333333334,0.8811674103402449,0.9021211336206341,0.2715411475382204,3.0,3.0
34,3,Jen Affleck,0.0565823746660728,0.8096538192935652,19.0,Safe,Improved,0.7916666666666666,0.38706362940546,0.4969300024408174,0.2715411475382204,10.0,10.0
34,3,Whitney Leavitt,0.108731931697449,0.6798688104471585,24.0,Safe,Improved,1.0,0.9517160756047677,0.9648271478426977,0.2715411475382204,2.0,2.0
34,3,Dylan Efron,0.0949002627526943,0.7512822897430826,23.0,Safe,Improved,0.9583333333333334,0.801952853263766,0.8444165882744341,0.2715411475382204,4.0,4.0
34,6,Corey Feldman,0.0554885327332626,0.8603241794041737,0.0,Safe,Improved,0.0,0.38753733316358363,0.224572445334634,0.42051403537981313,13.0,13.0
34,6,Danielle Fishel,0.0912398838799458,0.8063791852759644,36.0,Safe,Improved,0.9230769230769231,0.7921417706923983,0.8472018399946856,0.42051403537981313,4.0,4.0
34,6,Elaine Hendrix,0.0730904741793961,0.796486499933944,36.0,Safe,Improved,0.9230769230769231,0.5867416538340962,0.7281753551439533,0.42051403537981313,6.0,5.5
34,6,Baron Davis,0.056380606810064,0.892734858214482,0.0,Safe,Improved,0.0,0.3976330950998917,0.23042279767887125,0.42051403537981313,12.0,12.0
34,6,Jordan Chiles,0.1096064954526986,0.7601882428458465,39.0,Safe,Improved,1.0,1.0,1.0,0.42051403537981313,1.0,1.0
34,6,Andy Richter,0.0626496994150001,0.772142575010923,27.0,Safe,Improved,0.6923076923076923,0.46858153777075134,0.562661525835088,0.42051403537981313,9.0,9.0
34,6,Robert Irwin,0.1015222710941504,0.8110604333872182,36.0,Safe,Improved,0.9230769230769231,0.9085093865116592,0.9146352400982614,0.42051403537981313,3.0,3.0
34,6,Hilaria Baldwin,0.0631286716058789,0.8616533330633938,0.0,Safe,Improved,0.0,0.4740021517522298,0.2746775941401851,0.42051403537981313,11.0,10.0
34,6,Lauren Jauregui,0.0400253006289563,0.8859572138526974,0.0,Safe,Improved,0.0,0.21253716877061354,0.12316230626268244,0.42051403537981313,14.0,14.0
34,6,Scott Hoying,0.0212452521479039,0.95,28.0,Eliminated,Improved,0.717948717948718,0.0,0.3019075125803787,0.42051403537981313,10.0,11.0
34,6,Alix Earle,0.0753236705840235,0.7570231722121963,35.0,Safe,Improved,0.8974358974358975,0.6120151371068946,0.7320385728140181,0.42051403537981313,5.0,5.5
34,6,Jen Affleck,0.0748904337582803,0.8515601538251245,32.0,Safe,Improved,0.8205128205128205,0.6071121184355889,0.6968501088189708,0.42051403537981313,7.0,7.0
34,6,Whitney Leavitt,0.103339004775304,0.8199427303262821,39.0,Safe,Improved,1.0,0.9290696866297431,0.9588968789358245,0.42051403537981313,2.0,2.0
34,6,Dylan Efron,0.0720697029351348,0.8327727380951467,32.0,Safe,Improved,0.8205128205128205,0.5751894030272551,0.6783513432872768,0.42051403537981313,8.0,8.0
