Season,Week,Contestant,Est_Fan_Votes,Certainty,Judge Score,Official Result,Model,J_ZScore,F_ZScore,New_Score,Dynamic_Weight_J,New_Rank,Original_Rank_Simulated
1,2,John O'Hurley,0.223386264147169,0.4304628509848668,26.0,Safe,Improved,1.3120490606272972,1.0213579175260301,1.1667034890766637,0.5,1.0,1.0
1,2,Kelly Monaco,0.1596593173333804,0.4684805002443333,17.0,Safe,Improved,-0.7122552043405331,-0.12618234332291992,-0.4192187738317265,0.5,4.0,5.5
1,2,Evander Holyfield,0.1871028182410484,0.5542908363032086,14.0,Safe,Improved,-1.3870232926631432,0.36799670909921345,-0.5095132917819649,0.5,5.0,4.0
1,2,Rachel Hunter,0.1998043882188591,0.3563019829684385,24.0,Safe,Improved,0.8622036684122237,0.5967156993266624,0.729459683869443,0.5,2.0,2.0
1,2,Joey McIntyre,0.1665206237850128,0.4270170364978306,21.0,Safe,Improved,0.18743558008961364,-0.0026298150921586273,0.09240288249872751,0.5,3.0,3.0
1,2,Trista Sutter,0.0635265882745298,0.8352050374399612,19.0,Eliminated,Improved,-0.2624098121254598,-1.8572581675368263,-1.059833989831143,0.5,6.0,5.5
1,3,John O'Hurley,0.2059677078950216,0.3162433782486141,24.0,Safe,Improved,0.6509292743361549,0.6821993042522065,0.6665642892941808,0.5,2.0,2.0
1,3,Kelly Monaco,0.1648633925982299,0.3985104602945938,21.0,Safe,Improved,0.3425943549137657,-0.03130177411116519,0.15564629040130026,0.5,4.0,4.0
1,3,Evander Holyfield,0.0613008224336987,0.7337783629905961,13.0,Eliminated,Improved,-0.4796320968792723,-1.82897204198795,-1.1543020694336112,0.5,6.0,5.5
1,3,Rachel Hunter,0.2248123864411722,0.3239233820469246,26.0,Safe,Improved,0.8564858872844144,1.0093109071825934,0.9328983972335039,0.5,1.0,1.0
1,3,Joey McIntyre,0.1875933339149712,0.4060622756340635,22.0,Safe,Improved,0.44537266138789544,0.36325138955379244,0.40431202547084394,0.5,3.0,3.0
1,3,Trista Sutter,0.1554623567169059,0.445521070042865,0.0,Safe,Improved,-1.815750081042959,-0.19448778488947843,-1.0051189329662187,0.5,5.0,5.5
2,1,Tatum O'Neal,0.135571090874321,0.6610082826340967,23.0,Safe,Improved,0.8447438860445862,0.9452030878178513,0.8949734869312187,0.5,2.0,2.0
2,1,Tia Carrere,0.0957083349339908,0.6453016724516009,20.0,Safe,Improved,0.12067769800636945,-0.11403909670929482,0.0033193006485373114,0.5,6.0,6.0
2,1,George Hamilton,0.0767849540628302,0.7152800368979322,18.0,Safe,Improved,-0.3620330940191084,-0.6168754616262487,-0.4894542778226786,0.5,8.0,8.0
2,1,Lisa Rinna,0.0816824349463571,0.665569457081268,19.0,Safe,Improved,-0.12067769800636945,-0.48673848972415,-0.3037080938652597,0.5,7.0,7.0
2,1,Stacy Keibler,0.1222712657512854,0.4650949402499208,22.0,Safe,Improved,0.6033884900318472,0.5917971206478715,0.5975928053398594,0.5,4.0,4.0
2,1,Jerry Rice,0.1083140205613607,0.6502196880746602,21.0,Safe,Improved,0.3620330940191084,0.22092203847626066,0.2914775662476845,0.5,5.0,5.0
2,1,Giselle Fernandez,0.1284328188625109,0.5921063151792885,23.0,Safe,Improved,0.8447438860445862,0.7555233062478847,0.8001335961462355,0.5,3.0,3.0
2,1,Master P,0.0695504066761349,0.6926326819583666,12.0,Safe,Improved,-1.8101654700955419,-0.8091134942755491,-1.3096394821855455,0.5,9.0,9.5
2,1,Drew Lachey,0.1545593656261149,0.5385238537176542,24.0,Safe,Improved,1.086099282057325,1.4497638276372165,1.2679315548472707,0.5,1.0,1.0
2,1,Kenny Mayne,0.0271253077050933,0.8980489661497576,13.0,Eliminated,Improved,-1.5688100740828028,-1.936442838491839,-1.752626456287321,0.5,10.0,9.5
2,2,Tatum O'Neal,0.0281845412528337,0.9161485420703468,17.0,Eliminated,Improved,-0.3711537444790451,-1.9887501339802354,-1.1799519392296403,0.5,9.0,9.0
2,2,Tia Carrere,0.0934421748789298,0.6874314202682364,22.0,Safe,Improved,0.24743582965269675,-0.18160262171494962,0.03291660396887357,0.5,6.0,6.0
2,2,George Hamilton,0.1045163597187483,0.7220379832262628,22.0,Safe,Improved,0.24743582965269675,0.12506932563621806,0.1862525776444574,0.5,5.0,5.0
2,2,Lisa Rinna,0.0847081474045998,0.6792958748071014,20.0,Safe,Improved,0.0,-0.4234697435405309,-0.21173487177026545,0.5,7.0,7.0
2,2,Stacy Keibler,0.1515501489610044,0.6444529688568141,29.0,Safe,Improved,1.1134612334371354,1.4275528896060148,1.2705070615215752,0.5,1.0,1.0
2,2,Jerry Rice,0.1146596069135915,0.6315847667039425,23.0,Safe,Improved,0.3711537444790451,0.40596127521991476,0.3885575098494799,0.5,4.0,4.0
2,2,Giselle Fernandez,0.1244950299425481,0.6767699474865463,24.0,Safe,Improved,0.4948716593053935,0.6783288017639341,0.5866002305346638,0.5,3.0,3.0
2,2,Master P,0.0733306233603756,0.7119019821808032,16.0,Safe,Improved,-0.4948716593053935,-0.7385419141016785,-0.616706786703536,0.5,8.0,9.0
2,2,Drew Lachey,0.1424089330327533,0.6257681696360262,27.0,Safe,Improved,0.8660254037844386,1.1744096984435823,1.0202175511140106,0.5,2.0,2.0
2,2,Kenny Mayne,0.082704434534615,0.7727501376317132,0.0,Safe,Improved,-2.4743582965269675,-0.47895757733226907,-1.4766579369296182,0.5,10.0,9.0
2,4,Tatum O'Neal,0.0728836273318803,0.7607051708776631,0.0,Safe,Improved,-1.2921720783791482,-0.8228306712545729,-1.0575013748168605,0.5,9.0,10.0
2,4,Tia Carrere,0.1126516080348564,0.7029209423273377,25.0,Safe,Improved,0.7524039950055799,0.3839057406085036,0.5681548678070417,0.5,4.0,4.0
2,4,George Hamilton,0.0967617583834011,0.6714018051569242,21.0,Safe,Improved,0.4252718232640234,-0.09826257205128232,0.16350462560637055,0.5,6.0,6.0
2,4,Lisa Rinna,0.1363958174375225,0.6819069321406162,26.0,Safe,Improved,0.834187037940969,1.104410064705465,0.9692985513232171,0.5,2.0,2.0
2,4,Stacy Keibler,0.1184748272979355,0.7191648762779264,26.0,Safe,Improved,0.834187037940969,0.5606079667412512,0.6973975023411101,0.5,3.0,3.0
2,4,Jerry Rice,0.1015709053606682,0.7719370436181822,24.0,Safe,Improved,0.6706209520701908,0.04766821610752295,0.35914458408885686,0.5,5.0,5.0
2,4,Giselle Fernandez,0.0929967451745241,0.7815234410985912,0.0,Safe,Improved,-1.2921720783791482,-0.21250972390521894,-0.7523409011421835,0.5,8.0,8.5
2,4,Master P,0.0272807739106531,0.929216541605761,8.0,Eliminated,Improved,-0.6379077348960353,-2.2066229266187287,-1.422265330757382,0.5,10.0,8.5
2,4,Drew Lachey,0.1431085216992354,0.6580731064763465,28.0,Safe,Improved,0.9977531238117473,1.3081031995211139,1.1529281616664306,0.5,1.0,1.0
2,4,Kenny Mayne,0.097875415369323,0.7414502127521525,0.0,Safe,Improved,-1.2921720783791482,-0.06446929385405521,-0.6783206861166017,0.5,7.0,7.0
2,5,Tatum O'Neal,0.0992501805816925,0.7907317335429699,0.0,Safe,Improved,-1.1458627629970632,-0.025997541290605632,-0.5859301521438345,0.5,8.0,8.0
2,5,Tia Carrere,0.0360516687773869,0.9402545061309728,22.0,Eliminated,Improved,0.5236061632238237,-2.217199689463743,-0.8467967631199596,0.5,10.0,9.0
2,5,George Hamilton,0.0846005087373435,0.7479299380975086,24.0,Safe,Improved,0.6753760656075407,-0.5339271032202919,0.0707244811936244,0.5,5.0,6.0
2,5,Lisa Rinna,0.1137648312102245,0.7035406021915773,25.0,Safe,Improved,0.7512610167993992,0.4772506006230008,0.6142558087112,0.5,3.0,3.0
2,5,Stacy Keibler,0.1460488687126652,0.6451075416246121,30.0,Safe,Improved,1.1306857727586916,1.5965942419115722,1.3636400073351318,0.5,1.0,1.0
2,5,Jerry Rice,0.0984508490236048,0.7787177195005432,23.0,Safe,Improved,0.5994911144156821,-0.053711754444988734,0.2728896799853467,0.5,4.0,4.0
2,5,Giselle Fernandez,0.0856739578782935,0.7469837766260774,0.0,Safe,Improved,-1.1458627629970632,-0.49670875746418164,-0.8212857602306225,0.5,9.0,10.0
2,5,Master P,0.1108185191063679,0.7906120025345105,0.0,Safe,Improved,-1.1458627629970632,0.3750968437252117,-0.3853829596359258,0.5,6.0,5.0
2,5,Drew Lachey,0.1227673804446718,0.6482918548306913,27.0,Safe,Improved,0.9030309191831162,0.7893846154656006,0.8462077673243584,0.5,2.0,2.0
2,5,Kenny Mayne,0.102573235527749,0.9407816891788036,0.0,Safe,Improved,-1.1458627629970632,0.08921854415842395,-0.5283221094193197,0.5,7.0,7.0
3,1,Harry Hamlin,0.0876929674099485,0.0,17.0,Safe,Improved,-0.5445602208425827,-0.5445602208425816,-0.5445602208425822,0.5,8.0,8.0
3,1,Vivica A. Fox,0.0947684391080617,1.1102230246251564e-14,22.0,Safe,Improved,0.6534722650110989,0.6534722650110951,0.653472265011097,0.5,3.5,3.5
3,1,Monique Coleman,0.0905231560891938,0.0,19.0,Safe,Improved,-0.06534722650111006,-0.06534722650110764,-0.06534722650110886,0.5,6.0,6.0
3,1,Joey Lawrence,0.0933533447684391,1.1102230246251563e-16,21.0,Safe,Improved,0.41386576784036255,0.4138657678403663,0.41386576784036444,0.5,5.0,5.0
3,1,Mario Lopez,0.1004288164665523,0.0,26.0,Safe,Improved,1.6118982536940443,1.6118982536940454,1.611898253694045,0.5,1.0,1.0
3,1,Emmitt Smith,0.097598627787307,0.0,24.0,Safe,Improved,1.1326852593525716,1.1326852593525714,1.1326852593525714,0.5,2.0,2.0
3,1,Shanna Moakler,0.0891080617495711,6.217248937900877e-15,18.0,Safe,Improved,-0.30495372367184637,-0.30495372367185286,-0.3049537236718496,0.5,7.0,7.0
3,1,Willa Ford,0.0947684391080617,5.218048215738236e-15,22.0,Safe,Improved,0.6534722650110989,0.6534722650110951,0.653472265011097,0.5,3.5,3.5
3,1,Sara Evans,0.0848627787307032,4.218847493575595e-15,15.0,Safe,Improved,-1.0237732151840553,-1.0237732151840555,-1.0237732151840553,0.5,10.0,10.0
3,1,Jerry Springer,0.0862778730703258,6.106226635438361e-15,16.0,Safe,Improved,-0.784166718013319,-0.7841667180133268,-0.7841667180133229,0.5,9.0,9.0
3,1,Tucker Carlson,0.0806174957118353,0.8748765008576328,12.0,Eliminated,Improved,-1.7425927066962643,-1.7425927066962608,-1.7425927066962625,0.5,11.0,11.0
3,2,Harry Hamlin,0.0910276679815439,0.1222391304347834,21.0,Safe,Improved,0.01218190367693296,0.0052404149520615135,0.008711159314497237,0.5,7.0,8.0
3,2,Vivica A. Fox,0.0949407114598048,0.1222391304347823,24.0,Safe,Improved,0.41418472501572495,0.1781741122287734,0.29617941862224917,0.5,3.5,3.5
3,2,Monique Coleman,0.0975494071119787,0.1222391304347825,26.0,Safe,Improved,0.682186605908253,0.2934632437465793,0.48782492482741613,0.5,2.0,2.0
3,2,Joey Lawrence,0.1014624505902395,0.1222391304347825,29.0,Safe,Improved,1.084189427247045,0.4663969410232869,0.7752931841351659,0.5,1.0,1.0
3,2,Mario Lopez,0.0910276679815439,0.1222391304347823,21.0,Safe,Improved,0.01218190367693296,0.0052404149520615135,0.008711159314497237,0.5,7.0,8.0
3,2,Emmitt Smith,0.0949407114598048,0.1222391304347826,24.0,Safe,Improved,0.41418472501572495,0.1781741122287734,0.29617941862224917,0.5,3.5,3.5
3,2,Shanna Moakler,0.0301081027787045,0.9139249011857706,22.0,Eliminated,Improved,0.14618284412319696,-2.687049028174412,-1.2704330920256075,0.5,11.0,10.0
3,2,Willa Ford,0.0936363636337178,0.1222391304347823,23.0,Safe,Improved,0.28018378456946097,0.120529546469868,0.2003566655196645,0.5,5.0,5.0
3,2,Sara Evans,0.0910276679815439,0.1222391304347826,21.0,Safe,Improved,0.01218190367693296,0.0052404149520615135,0.008711159314497237,0.5,7.0,8.0
3,2,Jerry Springer,0.08841897232937,0.1222391304347824,19.0,Safe,Improved,-0.255819977215595,-0.11004871656574437,-0.1829343468906697,0.5,9.0,11.0
3,2,Tucker Carlson,0.125860276691748,0.1222391304347818,0.0,Safe,Improved,-2.8018378456946107,1.544638544186688,-0.6285996507539614,0.5,10.0,6.0
3,3,Harry Hamlin,0.0033442541355585,0.9245529205094426,22.0,Eliminated,Improved,0.3307159610751751,-2.9499712439395496,-1.3096276414321872,0.5,11.0,9.0
3,3,Vivica A. Fox,0.1027667984189723,0.2325840579710149,27.0,Safe,Improved,0.8504124713361643,0.3994742348879628,0.6249433531120635,0.5,1.5,1.5
3,3,Monique Coleman,0.1027667984189723,0.2325840579710142,27.0,Safe,Improved,0.8504124713361643,0.3994742348879628,0.6249433531120635,0.5,1.5,1.5
3,3,Joey Lawrence,0.0955204216073781,0.2325840579710143,22.0,Safe,Improved,0.3307159610751751,0.15535109134531894,0.24303352621024701,0.5,5.0,6.5
3,3,Mario Lopez,0.0955204216073781,0.2325840579710137,22.0,Safe,Improved,0.3307159610751751,0.15535109134531894,0.24303352621024701,0.5,5.0,6.5
3,3,Emmitt Smith,0.0911725955204216,0.2325840579710143,19.0,Safe,Improved,0.018898054918581594,0.008877205219733245,0.01388763006915742,0.5,8.0,11.0
3,3,Shanna Moakler,0.1097244473722734,0.232584057971014,0.0,Safe,Improved,-1.9559486840731775,0.6338704274001181,-0.6610391283365297,0.5,10.0,6.5
3,3,Willa Ford,0.0955204216073781,0.232584057971014,22.0,Safe,Improved,0.3307159610751751,0.15535109134531894,0.24303352621024701,0.5,5.0,6.5
3,3,Sara Evans,0.0998682476943346,0.2325840579710144,25.0,Safe,Improved,0.6425338672317686,0.3018249774709046,0.4721794223513366,0.5,3.0,3.0
3,3,Jerry Springer,0.0940711462450593,0.2325840579710152,21.0,Safe,Improved,0.22677665902297728,0.10652646263679146,0.16665156082988436,0.5,7.0,10.0
3,3,Tucker Carlson,0.1097244473722735,0.2325840579710143,0.0,Safe,Improved,-1.9559486840731775,0.6338704274001219,-0.6610391283365278,0.5,9.0,4.0
3,4,Harry Hamlin,0.1213121212121212,0.3946393939393928,0.0,Safe,Improved,-1.5201921944712258,0.9090163638154656,-0.3055879153278801,0.5,8.0,4.0
3,4,Vivica A. Fox,0.0,0.9394848484848484,24.0,Eliminated,Improved,0.5067307314904086,-2.718079429329605,-1.1056743489195981,0.5,11.0,9.5
3,4,Monique Coleman,0.0895675324675324,0.3946393939393943,24.0,Safe,Improved,0.5067307314904086,-0.040111086435678976,0.23330982252736482,0.5,5.0,8.0
3,4,Joey Lawrence,0.094112987012987,0.3946393939393933,27.0,Safe,Improved,0.7600960972356129,0.09579288503080262,0.42794449113320776,0.5,3.0,3.0
3,4,Mario Lopez,0.09714329004329,0.394639393939393,29.0,Safe,Improved,0.9290063410657491,0.18639553267512216,0.5577009368704356,0.5,1.0,1.0
3,4,Emmitt Smith,0.0895675324675325,0.3946393939393937,24.0,Safe,Improved,0.5067307314904086,-0.04011108643567607,0.23330982252736626,0.5,4.0,5.0
3,4,Shanna Moakler,0.1213121212121211,0.3946393939393936,0.0,Safe,Improved,-1.5201921944712258,0.9090163638154622,-0.30558791532788177,0.5,9.5,6.5
3,4,Willa Ford,0.0956281385281385,0.3946393939393944,28.0,Safe,Improved,0.844551219150681,0.14109420885296262,0.4928227140018218,0.5,2.0,2.0
3,4,Sara Evans,0.0835069264069264,0.3946393939393933,20.0,Safe,Improved,0.1689102438301362,-0.22131638172431764,-0.02620306894709072,0.5,7.0,11.0
3,4,Jerry Springer,0.0865372294372294,0.3946393939393939,22.0,Safe,Improved,0.3378204876602724,-0.1307137340799985,0.10355337679013694,0.5,6.0,9.5
3,4,Tucker Carlson,0.1213121212121211,0.394639393939394,0.0,Safe,Improved,-1.5201921944712258,0.9090163638154622,-0.30558791532788177,0.5,9.5,6.5
3,5,Harry Hamlin,0.1492712707182321,0.6418839779005502,0.0,Safe,Improved,-1.2565748466696935,1.1601550987186109,-0.04820987397554133,0.5,8.0,5.0
3,5,Vivica A. Fox,0.1492712707182321,0.641883977900552,0.0,Safe,Improved,-1.2565748466696935,1.1601550987186109,-0.04820987397554133,0.5,8.0,5.0
3,5,Monique Coleman,0.0693624309392265,0.641883977900552,27.0,Safe,Improved,0.8053186862634502,-0.42831620590838554,0.1885012401775323,0.5,1.5,1.5
3,5,Joey Lawrence,0.0660475138121546,0.6418839779005543,25.0,Safe,Improved,0.6525858319721062,-0.49421192843586653,0.07918695176811982,0.5,4.0,7.0
3,5,Mario Lopez,0.0693624309392264,0.6418839779005534,27.0,Safe,Improved,0.8053186862634502,-0.42831620590838776,0.1885012401775312,0.5,3.0,3.0
3,5,Emmitt Smith,0.0693624309392265,0.6418839779005527,27.0,Safe,Improved,0.8053186862634502,-0.42831620590838554,0.1885012401775323,0.5,1.5,1.5
3,5,Shanna Moakler,0.1492712707182321,0.6418839779005522,0.0,Safe,Improved,-1.2565748466696935,1.1601550987186109,-0.04820987397554133,0.5,8.0,5.0
3,5,Willa Ford,0.0,0.9674439979909591,27.0,Eliminated,Improved,0.8053186862634502,-1.807140269314205,-0.5009107915253774,0.5,11.0,8.5
3,5,Sara Evans,0.0643900552486187,0.6418839779005523,24.0,Safe,Improved,0.5762194048264342,-0.527159789699606,0.024529807563414108,0.5,5.5,10.5
3,5,Jerry Springer,0.0643900552486187,0.6418839779005525,24.0,Safe,Improved,0.5762194048264342,-0.527159789699606,0.024529807563414108,0.5,5.5,10.5
3,5,Tucker Carlson,0.149271270718232,0.6418839779005532,0.0,Safe,Improved,-1.2565748466696935,1.1601550987186091,-0.04820987397554222,0.5,10.0,8.5
4,2,John Ratzenberger,0.0893506493506493,0.0168265306122447,21.0,Safe,Improved,-0.47371969597530456,-0.36971991206480176,-0.42171980402005316,0.5,7.0,8.0
4,2,Ian Ziering,0.0905751391465677,0.0168265306122447,22.0,Safe,Improved,-0.10151136342327974,-0.07922569544244928,-0.09036852943286451,0.5,5.0,5.0
4,2,Clyde Drexler,0.0936863636363636,0.016826530612245,18.0,Safe,Improved,-1.590344693631379,0.6588716932921549,-0.46573650016961204,0.5,9.0,6.0
4,2,Laila Ali,0.0966975881261595,0.0168265306122447,27.0,Safe,Improved,1.7595302993368442,1.3732453876692703,1.5663878435030574,0.5,1.0,1.0
4,2,Apolo Anton Ohno,0.0954730983302411,0.0168265306122448,26.0,Safe,Improved,1.3873219667848196,1.0827511710469178,1.2350365689158687,0.5,2.0,2.0
4,2,Shandi Finnessey,0.0881261595547309,0.0168265306122445,20.0,Safe,Improved,-0.8459280285273294,-0.6602141286871575,-0.7530710786072434,0.5,10.0,11.0
4,2,Paulina Porizkova,0.0813414656771799,0.903987012987013,21.0,Eliminated,Improved,-0.47371969597530456,-2.2697941672887993,-1.371756931632052,0.5,11.0,10.0
4,2,Heather Mills,0.0930241187384044,0.0168265306122448,24.0,Safe,Improved,0.6429053016807699,0.5017627378022326,0.5723340197415012,0.5,3.5,3.5
4,2,Billy Ray Cyrus,0.0893506493506493,0.0168265306122449,21.0,Safe,Improved,-0.47371969597530456,-0.36971991206480176,-0.42171980402005316,0.5,7.0,8.0
4,2,Joey Fatone,0.0930241187384044,0.0168265306122448,24.0,Safe,Improved,0.6429053016807699,0.5017627378022326,0.5723340197415012,0.5,3.5,3.5
4,2,Leeza Gibbons,0.0893506493506493,0.0168265306122445,21.0,Safe,Improved,-0.47371969597530456,-0.36971991206480176,-0.42171980402005316,0.5,7.0,8.0
4,3,John Ratzenberger,0.0911592994161801,0.1243532110091726,20.0,Safe,Improved,0.025930763940894157,0.011011751674484049,0.0184712578076891,0.5,8.0,9.5
4,3,Ian Ziering,0.0966638865721434,0.1243532110091742,24.0,Safe,Improved,0.5964075706405606,0.2532702885131405,0.42483892957685054,0.5,2.5,2.5
4,3,Clyde Drexler,0.0856547122602168,0.1243532110091741,16.0,Safe,Improved,-0.5445460427587723,-0.23124678516417235,-0.38789641396147234,0.5,9.0,11.0
4,3,Laila Ali,0.0925354462051709,0.1243532110091742,21.0,Safe,Improved,0.16854996561581076,0.07157638588414693,0.12006317574997885,0.5,6.5,7.5
4,3,Apolo Anton Ohno,0.0952877397831526,0.1243532110091744,23.0,Safe,Improved,0.45378836896564395,0.19270565430347697,0.3232470116345605,0.5,5.0,5.0
4,3,Shandi Finnessey,0.0298707673060884,0.914603002502085,21.0,Eliminated,Improved,0.16854996561581076,-2.686314985698518,-1.2588825100413534,0.5,11.0,9.5
4,3,Paulina Porizkova,0.1263010425354462,0.1243532110091741,0.0,Safe,Improved,-2.826453269557438,1.557610439063871,-0.6344214152467835,0.5,10.0,6.0
4,3,Heather Mills,0.0966638865721434,0.1243532110091742,24.0,Safe,Improved,0.5964075706405606,0.2532702885131405,0.42483892957685054,0.5,2.5,2.5
4,3,Billy Ray Cyrus,0.0925354462051709,0.1243532110091738,21.0,Safe,Improved,0.16854996561581076,0.07157638588414693,0.12006317574997885,0.5,6.5,7.5
4,3,Joey Fatone,0.0966638865721434,0.1243532110091741,24.0,Safe,Improved,0.5964075706405606,0.2532702885131405,0.42483892957685054,0.5,2.5,2.5
4,3,Leeza Gibbons,0.0966638865721434,0.1243532110091748,24.0,Safe,Improved,0.5964075706405606,0.2532702885131405,0.42483892957685054,0.5,2.5,2.5
4,4,John Ratzenberger,0.088899521536392,0.1740842105263156,16.0,Safe,Improved,-0.13399491430586682,-0.07844516610210228,-0.10622004020398455,0.5,7.0,9.0
4,4,Ian Ziering,0.1015311004837605,0.1740842105263159,24.0,Safe,Improved,0.7082588327595815,0.4146387364094903,0.5614487845845358,0.5,3.0,3.0
4,4,Clyde Drexler,0.087320574167971,0.1740842105263153,15.0,Safe,Improved,-0.23927663268904786,-0.14008065391604885,-0.18967864330254836,0.5,8.0,11.0
4,4,Laila Ali,0.0967942583784973,0.1740842105263158,21.0,Safe,Improved,0.3924136776100383,0.22973227296764245,0.31107297528884037,0.5,5.5,5.5
4,4,Apolo Anton Ohno,0.1046889952206026,0.1740842105263161,26.0,Safe,Improved,0.9188222695259435,0.5379097120373871,0.7283659907816653,0.5,2.0,2.0
4,4,Shandi Finnessey,0.1001609250257614,0.1740842105263159,0.0,Safe,Improved,-1.8185024084367634,0.3611528290046561,-0.7286747897160536,0.5,9.5,7.5
4,4,Paulina Porizkova,0.1001609250257614,0.1740842105263161,0.0,Safe,Improved,-1.8185024084367634,0.3611528290046561,-0.7286747897160536,0.5,9.5,7.5
4,4,Heather Mills,0.0999521531153394,0.1740842105263154,23.0,Safe,Improved,0.6029771143764004,0.3530032485955399,0.47799018148597017,0.5,4.0,4.0
4,4,Billy Ray Cyrus,0.0967942583784973,0.1740842105263156,21.0,Safe,Improved,0.3924136776100383,0.22973227296764245,0.31107297528884037,0.5,5.5,5.5
4,4,Joey Fatone,0.1078468899574447,0.174084210526316,28.0,Safe,Improved,1.1293857062923056,0.661180687665284,0.8952831969787949,0.5,1.0,1.0
4,4,Leeza Gibbons,0.015850398709972,0.9024832535885168,16.0,Eliminated,Improved,-0.13399491430586682,-2.9299767686341522,-1.5319858414700096,0.5,11.0,10.0
4,5,John Ratzenberger,0.0943181818181818,0.2218909090909083,18.0,Safe,Improved,0.1759538357694467,0.12457736680147821,0.15026560128546246,0.5,6.0,6.0
4,5,Ian Ziering,0.1045454545454545,0.2218909090909081,24.0,Safe,Improved,0.7038153430777868,0.49830946720590624,0.6010624051418465,0.5,4.0,4.0
4,5,Clyde Drexler,0.013703409090909,0.8921363636363634,13.0,Eliminated,Improved,-0.26393075365417007,-2.821303625953037,-1.5426171898036034,0.5,11.0,9.5
4,5,Laila Ali,0.1113636363636363,0.2218909090909095,28.0,Safe,Improved,1.0557230146166803,0.7474642008088586,0.9015936077127694,0.5,2.0,2.0
4,5,Apolo Anton Ohno,0.1147727272727272,0.2218909090909092,30.0,Safe,Improved,1.2316768503861268,0.8720415676103348,1.0518592089982308,0.5,1.0,1.0
4,5,Shandi Finnessey,0.0876670454545454,0.2218909090909087,0.0,Safe,Improved,-1.4076306861555736,-0.11847307582820359,-0.7630518809918886,0.5,9.0,9.5
4,5,Paulina Porizkova,0.0876670454545454,0.2218909090909089,0.0,Safe,Improved,-1.4076306861555736,-0.11847307582820359,-0.7630518809918886,0.5,9.0,9.5
4,5,Heather Mills,0.0994318181818181,0.2218909090909088,21.0,Safe,Improved,0.43988458942361675,0.3114434170036902,0.37566400321365345,0.5,5.0,5.0
4,5,Billy Ray Cyrus,0.0926136363636363,0.2218909090909089,17.0,Safe,Improved,0.08797691788472335,0.06228868340073834,0.07513280064273084,0.5,7.0,7.0
4,5,Joey Fatone,0.10625,0.2218909090909089,25.0,Safe,Improved,0.7917922609625102,0.5605981506066461,0.6761952057845781,0.5,3.0,3.0
4,5,Leeza Gibbons,0.0876670454545454,0.2218909090909091,0.0,Safe,Improved,-1.4076306861555736,-0.11847307582820359,-0.7630518809918886,0.5,9.0,9.5
4,6,John Ratzenberger,0.0666980392156863,0.5770705882352927,19.0,Safe,Improved,0.28235379677781447,-0.5759408219735868,-0.14679351259788614,0.5,10.0,11.0
4,6,Ian Ziering,0.075521568627451,0.5770705882352944,24.0,Safe,Improved,0.680545048643963,-0.3660436706034858,0.15725068902023862,0.5,4.0,6.0
4,6,Clyde Drexler,0.1353941176470588,0.577070588235294,0.0,Safe,Improved,-1.2307729603135504,1.058225110971188,-0.08627392467118122,0.5,6.5,4.5
4,6,Laila Ali,0.0825803921568627,0.5770705882352942,28.0,Safe,Improved,0.999098050136882,-0.19812594950740645,0.4004860503147378,0.5,1.5,1.5
4,6,Apolo Anton Ohno,0.0825803921568627,0.5770705882352942,28.0,Safe,Improved,0.999098050136882,-0.19812594950740645,0.4004860503147378,0.5,1.5,1.5
4,6,Shandi Finnessey,0.1353941176470588,0.577070588235294,0.0,Safe,Improved,-1.2307729603135504,1.058225110971188,-0.08627392467118122,0.5,6.5,4.5
4,6,Paulina Porizkova,0.1353941176470587,0.5770705882352942,0.0,Safe,Improved,-1.2307729603135504,1.0582251109711853,-0.08627392467118256,0.5,8.5,7.5
4,6,Heather Mills,1.3877787807814457e-17,0.9535668449197858,23.0,Eliminated,Improved,0.6009067982707333,-2.162576711085889,-0.7808349564075778,0.5,11.0,10.0
4,6,Billy Ray Cyrus,0.0702274509803921,0.5770705882352941,21.0,Safe,Improved,0.4416302975242739,-0.49198196142554845,-0.025175831950637273,0.5,5.0,9.0
4,6,Joey Fatone,0.0808156862745098,0.5770705882352944,27.0,Safe,Improved,0.9194597997636522,-0.2401053797814258,0.3396772099911132,0.5,3.0,3.0
4,6,Leeza Gibbons,0.1353941176470587,0.5770705882352948,0.0,Safe,Improved,-1.2307729603135504,1.0582251109711853,-0.08627392467118256,0.5,8.5,7.5
4,7,John Ratzenberger,6.938893903907227e-17,0.96592851492269,22.5,Eliminated,Improved,0.6140480186434807,-1.6519136490283652,-0.5189328151924423,0.5,11.0,10.5
4,7,Ian Ziering,0.0554339805825243,0.7514090614886729,27.0,Safe,Improved,0.9408800285666236,-0.6446200084416677,0.14813001006247795,0.5,3.5,6.5
4,7,Clyde Drexler,0.145731067961165,0.7514090614886745,0.0,Safe,Improved,-1.0201120309722338,0.9961728937494527,-0.011969568611390535,0.5,6.0,4.0
4,7,Laila Ali,0.0602883495145631,0.7514090614886726,29.5,Safe,Improved,1.122453367412814,-0.5564110271828719,0.2830211701149711,0.5,1.5,1.5
4,7,Apolo Anton Ohno,0.0554339805825243,0.7514090614886713,27.0,Safe,Improved,0.9408800285666236,-0.6446200084416677,0.14813001006247795,0.5,3.5,6.5
4,7,Shandi Finnessey,0.1457310679611649,0.7514090614886728,0.0,Safe,Improved,-1.0201120309722338,0.9961728937494507,-0.011969568611391534,0.5,8.0,8.0
4,7,Paulina Porizkova,0.145731067961165,0.7514090614886728,0.0,Safe,Improved,-1.0201120309722338,0.9961728937494527,-0.011969568611390535,0.5,6.0,4.0
4,7,Heather Mills,0.1457310679611648,0.751409061488673,0.0,Safe,Improved,-1.0201120309722338,0.9961728937494492,-0.011969568611392312,0.5,9.0,9.0
4,7,Billy Ray Cyrus,0.0399,0.7514090614886724,19.0,Safe,Improved,0.3598453442588139,-0.9268887484698163,-0.2835217021055012,0.5,10.0,10.5
4,7,Joey Fatone,0.0602883495145631,0.7514090614886735,29.5,Safe,Improved,1.122453367412814,-0.5564110271828719,0.2830211701149711,0.5,1.5,1.5
4,7,Leeza Gibbons,0.145731067961165,0.7514090614886735,0.0,Safe,Improved,-1.0201120309722338,0.9961728937494527,-0.011969568611390535,0.5,6.0,4.0
4,8,John Ratzenberger,0.151494422310757,0.908966533864548,0.0,Safe,Improved,-0.8549292288042699,0.8658711233820452,0.00547094728888764,0.5,4.5,3.0
4,8,Ian Ziering,0.0152882470119522,0.9089665338645418,23.5,Safe,Improved,0.906020616979824,-1.0807550861150041,-0.0873672345675901,0.5,10.0,9.0
4,8,Clyde Drexler,0.1514944223107569,0.9089665338645408,0.0,Safe,Improved,-0.8549292288042699,0.865871123382044,0.005470947288887029,0.5,7.0,7.0
4,8,Laila Ali,0.022459561752988,0.9089665338645406,26.5,Safe,Improved,1.1308227249522615,-0.9782643642308595,0.07627918036070103,0.5,3.0,5.0
4,8,Apolo Anton Ohno,0.0284356573705179,0.9089665338645398,29.0,Safe,Improved,1.318157814929293,-0.8928554293274049,0.21265119280094402,0.5,1.0,1.0
4,8,Shandi Finnessey,0.1514944223107568,0.9089665338645408,0.0,Safe,Improved,-0.8549292288042699,0.8658711233820424,0.005470947288886252,0.5,9.0,10.0
4,8,Paulina Porizkova,0.1514944223107569,0.9089665338645412,0.0,Safe,Improved,-0.8549292288042699,0.865871123382044,0.005470947288887029,0.5,7.0,7.0
4,8,Heather Mills,0.1514944223107569,0.9089665338645404,0.0,Safe,Improved,-0.8549292288042699,0.865871123382044,0.005470947288887029,0.5,7.0,7.0
4,8,Billy Ray Cyrus,6.938893903907227e-17,0.986995219123506,19.0,Eliminated,Improved,0.5688174550211677,-1.299251070349517,-0.3652168076641747,0.5,11.0,11.0
4,8,Joey Fatone,0.0248499999999999,0.9089665338645402,27.5,Safe,Improved,1.2057567609430742,-0.9441007902694786,0.1308279853367978,0.5,2.0,3.0
4,8,Leeza Gibbons,0.151494422310757,0.9089665338645428,0.0,Safe,Improved,-0.8549292288042699,0.8658711233820452,0.00547094728888764,0.5,4.5,3.0
5,1,Cameron Mathison,0.0828469520103761,0.0,21.0,Safe,Improved,-0.1418449445479997,-0.14184494454799462,-0.14184494454799718,0.5,7.0,7.0
5,1,Jane Seymour,0.0863488975356679,3.3306690738754696e-15,24.0,Safe,Improved,0.8794386561975952,0.8794386561975918,0.8794386561975935,0.5,3.5,3.5
5,1,Sabrina Bryan,0.0886835278858625,1.1102230246251563e-16,26.0,Safe,Improved,1.5602943900279918,1.5602943900280015,1.5602943900279966,0.5,1.0,1.0
5,1,Jennie Garth,0.0828469520103761,0.0,21.0,Safe,Improved,-0.1418449445479997,-0.14184494454799462,-0.14184494454799718,0.5,7.0,7.0
5,1,Floyd Mayweather Jr. ,0.0793450064850843,7.66053886991358e-15,18.0,Safe,Improved,-1.1631285452935947,-1.163128545293581,-1.1631285452935878,0.5,11.0,11.0
5,1,Josie Maran,0.0770103761348897,0.8956818093385212,16.0,Eliminated,Improved,-1.8439842791239913,-1.8439842791239907,-1.8439842791239909,0.5,12.0,12.0
5,1,Albert Reed,0.0828469520103761,1.1102230246251563e-16,21.0,Safe,Improved,-0.1418449445479997,-0.14184494454799462,-0.14184494454799718,0.5,7.0,7.0
5,1,Helio Castroneves,0.0875162127107652,1.1102230246251563e-16,25.0,Safe,Improved,1.2198665231127934,1.2198665231127965,1.219866523112795,0.5,2.0,2.0
5,1,Mel B,0.0863488975356679,0.0,24.0,Safe,Improved,0.8794386561975952,0.8794386561975918,0.8794386561975935,0.5,3.5,3.5
5,1,Wayne Newton,0.0805123216601815,0.0,19.0,Safe,Improved,-0.8227006783783963,-0.8227006783784044,-0.8227006783784003,0.5,10.0,10.0
5,1,Marie Osmond,0.0828469520103761,0.0,21.0,Safe,Improved,-0.1418449445479997,-0.14184494454799462,-0.14184494454799718,0.5,7.0,7.0
5,1,Mark Cuban,0.0828469520103761,4.440892098500626e-16,21.0,Safe,Improved,-0.1418449445479997,-0.14184494454799462,-0.14184494454799718,0.5,7.0,7.0
5,2,Cameron Mathison,0.0848039215710527,0.1267504201680673,21.0,Safe,Improved,0.16594981746607732,0.07340412963046317,0.11967697354827024,0.5,6.5,7.5
5,2,Jane Seymour,0.0848039215710527,0.1267504201680676,21.0,Safe,Improved,0.16594981746607732,0.07340412963046317,0.11967697354827024,0.5,6.5,7.5
5,2,Sabrina Bryan,0.0911064425794561,0.1267504201680684,26.0,Safe,Improved,0.8771633208921222,0.38799325609933916,0.6325782884957307,0.5,2.0,2.0
5,2,Jennie Garth,0.0848039215710527,0.1267504201680674,21.0,Safe,Improved,0.16594981746607732,0.07340412963046317,0.11967697354827024,0.5,6.5,7.5
5,2,Floyd Mayweather Jr. ,0.0848039215710527,0.1267504201680672,21.0,Safe,Improved,0.16594981746607732,0.07340412963046317,0.11967697354827024,0.5,6.5,7.5
5,2,Josie Maran,0.1157362744976773,0.1267504201680682,0.0,Safe,Improved,-2.8211468969233113,1.6173865890049102,-0.6018801539592006,0.5,11.0,5.0
5,2,Albert Reed,0.0274009803800302,0.9216602941176468,21.0,Eliminated,Improved,0.16594981746607732,-2.7918526623659625,-1.3129514224499426,0.5,12.0,10.0
5,2,Helio Castroneves,0.0923669467811367,0.1267504201680677,27.0,Safe,Improved,1.019406021577331,0.4509110813931102,0.7351585514852206,0.5,1.0,1.0
5,2,Mel B,0.0873249299744141,0.1267504201680678,23.0,Safe,Improved,0.45043521883649523,0.19923978021801564,0.32483749952725544,0.5,4.0,4.0
5,2,Wayne Newton,0.0772408963609687,0.1267504201680678,15.0,Safe,Improved,-0.6875063866451766,-0.30410282213218315,-0.4958046043886799,0.5,10.0,12.0
5,2,Marie Osmond,0.0885854341760947,0.1267504201680677,24.0,Safe,Improved,0.5926779195217042,0.2621576055117867,0.42741776251674546,0.5,3.0,3.0
5,2,Mark Cuban,0.0810224089660107,0.1267504201680667,18.0,Safe,Improved,-0.2607782845895496,-0.11534934625085966,-0.18806381542020462,0.5,9.0,11.0
5,3,Cameron Mathison,0.0872036262203626,0.1508276150627623,23.0,Safe,Improved,0.31575215808132734,0.1796766417509077,0.24771439991611752,0.5,7.0,8.0
5,3,Jane Seymour,0.0922245467224546,0.1508276150627618,27.0,Safe,Improved,0.7253765793760224,0.4127706634818125,0.5690736214289175,0.5,2.0,2.0
5,3,Sabrina Bryan,0.0922245467224546,0.1508276150627616,27.0,Safe,Improved,0.7253765793760224,0.4127706634818125,0.5690736214289175,0.5,2.0,2.0
5,3,Jennie Garth,0.0909693165969316,0.1508276150627618,26.0,Safe,Improved,0.6229704740523486,0.35449715804908616,0.4887338160507174,0.5,4.5,4.5
5,3,Floyd Mayweather Jr. ,0.0846931659693166,0.1508276150627621,21.0,Safe,Improved,0.1109399474339798,0.0631296308854556,0.0870347891597177,0.5,8.0,10.0
5,3,Josie Maran,0.091002649930265,0.1508276150627623,0.0,Safe,Improved,-2.0395882643631693,0.35604464336002495,-0.8417718105015721,0.5,10.5,8.0
5,3,Albert Reed,0.091002649930265,0.1508276150627623,0.0,Safe,Improved,-2.0395882643631693,0.35604464336002495,-0.8417718105015721,0.5,10.5,8.0
5,3,Helio Castroneves,0.0884588563458856,0.1508276150627616,24.0,Safe,Improved,0.4181582634050011,0.23795014718363405,0.3280542052943176,0.5,6.0,6.0
5,3,Mel B,0.0922245467224546,0.1508276150627616,27.0,Safe,Improved,0.7253765793760224,0.4127706634818125,0.5690736214289175,0.5,2.0,2.0
5,3,Wayne Newton,0.0155888423988842,0.9087388075313808,18.0,Eliminated,Improved,-0.1962783685370415,-3.145008138536388,-1.6706432535367148,0.5,12.0,12.0
5,3,Marie Osmond,0.0909693165969316,0.1508276150627617,26.0,Safe,Improved,0.6229704740523486,0.35449715804908616,0.4887338160507174,0.5,4.5,4.5
5,3,Mark Cuban,0.0834379358437936,0.1508276150627611,20.0,Safe,Improved,0.008533842110306026,0.004856125452729237,0.006694983781517632,0.5,9.0,11.0
5,4,Cameron Mathison,0.0889048076923076,0.2995452991452997,27.0,Safe,Improved,0.6287824839645066,0.20839677184348251,0.41858962790399457,0.5,3.0,3.0
5,4,Jane Seymour,0.0876227564102564,0.2995452991452996,26.0,Safe,Improved,0.5449448194359057,0.1604426162101689,0.35269371782303727,0.5,6.0,9.0
5,4,Sabrina Bryan,0.0927509615384615,0.2995452991452992,30.0,Safe,Improved,0.8802954775503092,0.35225923874343373,0.6162773581468715,0.5,1.0,1.0
5,4,Jennie Garth,0.0889048076923076,0.2995452991452997,27.0,Safe,Improved,0.6287824839645066,0.20839677184348251,0.41858962790399457,0.5,3.0,3.0
5,4,Floyd Mayweather Jr. ,0.0,0.9317155982905984,23.0,Eliminated,Improved,0.2934318258501031,-3.1170201161655635,-1.4117941451577303,0.5,12.0,11.5
5,4,Josie Maran,0.0983905982905983,0.2995452991452993,0.0,Safe,Improved,-1.6348344583077172,0.5632055731947582,-0.5358144425564795,0.5,10.0,6.0
5,4,Albert Reed,0.0983905982905983,0.2995452991452996,0.0,Safe,Improved,-1.6348344583077172,0.5632055731947582,-0.5358144425564795,0.5,10.0,6.0
5,4,Helio Castroneves,0.0889048076923076,0.2995452991452996,27.0,Safe,Improved,0.6287824839645066,0.20839677184348251,0.41858962790399457,0.5,3.0,3.0
5,4,Mel B,0.0876227564102564,0.2995452991452996,26.0,Safe,Improved,0.5449448194359057,0.1604426162101689,0.35269371782303727,0.5,6.0,9.0
5,4,Wayne Newton,0.0983905982905983,0.2995452991452991,0.0,Safe,Improved,-1.6348344583077172,0.5632055731947582,-0.5358144425564795,0.5,10.0,6.0
5,4,Marie Osmond,0.0876227564102564,0.2995452991452992,26.0,Safe,Improved,0.5449448194359057,0.1604426162101689,0.35269371782303727,0.5,6.0,9.0
5,4,Mark Cuban,0.0824945512820512,0.2995452991452992,22.0,Safe,Improved,0.2095941613215022,-0.03137400632309906,0.08911007749920156,0.5,8.0,11.5
5,5,Cameron Mathison,0.0833599425699928,0.4226105527638202,26.0,Safe,Improved,0.7546149804705092,0.0009281365159265481,0.3777715584932179,0.5,3.5,3.5
5,5,Jane Seymour,0.0833599425699928,0.422610552763819,26.0,Safe,Improved,0.7546149804705092,0.0009281365159265481,0.3777715584932179,0.5,3.5,3.5
5,5,Sabrina Bryan,0.0863750179468772,0.4226105527638191,28.0,Safe,Improved,0.9148871887120332,0.10609468418383636,0.5104909364479348,0.5,2.0,2.0
5,5,Jennie Garth,0.0818524048815506,0.4226105527638186,25.0,Safe,Improved,0.6744788763497471,-0.051655137318028115,0.31141186951585953,0.5,5.0,9.0
5,5,Floyd Mayweather Jr. ,0.1056276381909547,0.4226105527638188,0.0,Safe,Improved,-1.3289237266693035,0.7776306663864362,-0.27564653014143364,0.5,9.5,6.5
5,5,Josie Maran,0.1056276381909547,0.4226105527638188,0.0,Safe,Improved,-1.3289237266693035,0.7776306663864362,-0.27564653014143364,0.5,9.5,6.5
5,5,Albert Reed,0.1056276381909547,0.4226105527638188,0.0,Safe,Improved,-1.3289237266693035,0.7776306663864362,-0.27564653014143364,0.5,9.5,6.5
5,5,Helio Castroneves,0.0788373295046662,0.4226105527638194,23.0,Safe,Improved,0.5142066681082231,-0.15682168498593793,0.17869249156114259,0.5,6.0,10.0
5,5,Mel B,0.0878825556353194,0.4226105527638192,29.0,Safe,Improved,0.9950232928327953,0.15867795801779103,0.5768506254252932,0.5,1.0,1.0
5,5,Wayne Newton,0.1056276381909547,0.422610552763819,0.0,Safe,Improved,-1.3289237266693035,0.7776306663864362,-0.27564653014143364,0.5,9.5,6.5
5,5,Marie Osmond,0.0758222541277817,0.4226105527638185,21.0,Safe,Improved,0.3539344598666991,-0.2619882326538511,0.045973113606423976,0.5,7.0,11.0
5,5,Mark Cuban,5.551115123125783e-17,0.938952638190955,21.0,Eliminated,Improved,0.3539344598666991,-2.90668652582141,-1.2763760329773555,0.5,12.0,12.0
5,6,Cameron Mathison,0.0494537037037037,0.7230222222222193,25.0,Safe,Improved,0.7461100199992758,-0.6610208368342396,0.04254459158251811,0.5,4.0,8.0
5,6,Jane Seymour,0.0444537037037037,0.7230222222222231,22.0,Safe,Improved,0.5222770139994931,-0.7585751554706129,-0.11814907073555991,0.5,11.0,12.0
5,6,Sabrina Bryan,0.0,0.9723138888888893,25.0,Eliminated,Improved,0.7461100199992758,-1.6259053106062198,-0.439897645303472,0.5,12.0,11.0
5,6,Jennie Garth,0.0527870370370371,0.7230222222222216,27.0,Safe,Improved,0.895332023999131,-0.5959846244099896,0.14967369979457074,0.5,3.0,3.5
5,6,Floyd Mayweather Jr. ,0.1389888888888888,0.723022222222222,0.0,Safe,Improved,-1.1191650299989138,1.0858879601102063,-0.016638534944353744,0.5,7.0,6.0
5,6,Josie Maran,0.1389888888888888,0.7230222222222223,0.0,Safe,Improved,-1.1191650299989138,1.0858879601102063,-0.016638534944353744,0.5,7.0,6.0
5,6,Albert Reed,0.1389888888888889,0.7230222222222221,0.0,Safe,Improved,-1.1191650299989138,1.0858879601102083,-0.016638534944352745,0.5,5.0,3.5
5,6,Helio Castroneves,0.0544537037037037,0.7230222222222222,28.0,Safe,Improved,0.9699430259990586,-0.5634665181978664,0.20323825390059608,0.5,2.0,2.0
5,6,Mel B,0.0577870370370371,0.7230222222222229,30.0,Safe,Improved,1.1191650299989138,-0.4984303057736163,0.3103673621126487,0.5,1.0,1.0
5,6,Wayne Newton,0.1389888888888888,0.7230222222222218,0.0,Safe,Improved,-1.1191650299989138,1.0858879601102063,-0.016638534944353744,0.5,7.0,6.0
5,6,Marie Osmond,0.0461203703703704,0.7230222222222225,23.0,Safe,Improved,0.5968880159994207,-0.7260570492584878,-0.06458451662953357,0.5,10.0,10.0
5,6,Mark Cuban,0.1389888888888887,0.7230222222222231,0.0,Safe,Improved,-1.1191650299989138,1.085887960110204,-0.016638534944354855,0.5,9.0,9.0
5,7,Cameron Mathison,0.0062261538461539,0.962138461538458,25.5,Safe,Improved,0.920036079504094,-0.9581187039787128,-0.01904131223730937,0.5,11.0,11.0
5,7,Jane Seymour,0.0,0.9948791666666664,25.0,Eliminated,Improved,0.8832346363239303,-1.0354836717226168,-0.07612451769934325,0.5,12.0,12.0
5,7,Sabrina Bryan,0.1603564102564102,0.9621384615384616,0.0,Safe,Improved,-0.9568375226842578,0.9570736619961747,0.00011806965595845265,0.5,6.5,4.5
5,7,Jennie Garth,0.0081492307692308,0.9621384615384596,26.5,Safe,Improved,0.9936389658644216,-0.9342229269389604,0.029708019462730606,0.5,2.0,2.0
5,7,Floyd Mayweather Jr. ,0.1603564102564101,0.96213846153846,0.0,Safe,Improved,-0.9568375226842578,0.9570736619961734,0.00011806965595778651,0.5,8.5,8.5
5,7,Josie Maran,0.1603564102564102,0.9621384615384622,0.0,Safe,Improved,-0.9568375226842578,0.9570736619961747,0.00011806965595845265,0.5,6.5,4.5
5,7,Albert Reed,0.1603564102564101,0.9621384615384616,0.0,Safe,Improved,-0.9568375226842578,0.9570736619961734,0.00011806965595778651,0.5,8.5,8.5
5,7,Helio Castroneves,0.0071876923076924,0.9621384615384616,26.0,Safe,Improved,0.9568375226842578,-0.946170815458836,0.005333353612710923,0.5,3.5,6.5
5,7,Mel B,0.0091107692307693,0.962138461538462,27.0,Safe,Improved,1.0304404090445853,-0.9222750384190835,0.0540826853127509,0.5,1.0,1.0
5,7,Wayne Newton,0.16035641025641,0.9621384615384612,0.0,Safe,Improved,-0.9568375226842578,0.9570736619961723,0.0001180696559572314,0.5,10.0,10.0
5,7,Marie Osmond,0.0071876923076924,0.9621384615384622,26.0,Safe,Improved,0.9568375226842578,-0.946170815458836,0.005333353612710923,0.5,3.5,6.5
5,7,Mark Cuban,0.1603564102564104,0.9621384615384624,0.0,Safe,Improved,-0.9568375226842578,0.9570736619961772,0.00011806965595967389,0.5,5.0,3.0
6,2,Cristian de la Fuente,0.0816796368352788,1.0880185641326534e-14,20.0,Safe,Improved,-0.33654220047504363,-0.3365422004750426,-0.33654220047504313,0.5,8.0,8.0
6,2,Steve Guttenberg,0.0770103761348897,1.1102230246251563e-16,16.0,Safe,Improved,-1.2867790018163425,-1.286779001816342,-1.2867790018163423,0.5,11.0,11.0
6,2,Priscilla Presley,0.0828469520103761,3.6637359812630166e-15,21.0,Safe,Improved,-0.09898300013971892,-0.09898300013971276,-0.09898300013971584,0.5,6.5,6.5
6,2,Marlee Matlin,0.0863488975356679,0.0,24.0,Safe,Improved,0.6136946008662553,0.6136946008662569,0.613694600866256,0.5,4.5,4.5
6,2,Shannon Elizabeth,0.0863488975356679,0.0,24.0,Safe,Improved,0.6136946008662553,0.6136946008662569,0.613694600866256,0.5,4.5,4.5
6,2,Marissa Jaret Winokur,0.0828469520103761,1.3322676295501878e-15,21.0,Safe,Improved,-0.09898300013971892,-0.09898300013971276,-0.09898300013971584,0.5,6.5,6.5
6,2,Jason Taylor,0.0898508430609597,1.1102230246251563e-16,27.0,Safe,Improved,1.3263722018722295,1.3263722018722237,1.3263722018722266,0.5,1.5,1.5
6,2,Kristi Yamaguchi,0.0898508430609597,0.0,27.0,Safe,Improved,1.3263722018722295,1.3263722018722237,1.3263722018722266,0.5,1.5,1.5
6,2,Monica Seles,0.0758430609597924,0.8917907587548638,15.0,Eliminated,Improved,-1.5243382021516674,-1.5243382021516718,-1.5243382021516696,0.5,12.0,12.0
6,2,Penn Jillette,0.078177691309987,0.0,17.0,Eliminated,Improved,-1.049219801481018,-1.0492198014810123,-1.0492198014810152,0.5,10.0,10.0
6,2,Adam Carolla,0.0805123216601815,5.9952043329758445e-15,19.0,Safe,Improved,-0.5741014008103684,-0.5741014008103724,-0.5741014008103704,0.5,9.0,9.0
6,2,Mario,0.0886835278858625,2.220446049250313e-16,26.0,Safe,Improved,1.0888130015369049,1.0888130015369166,1.0888130015369106,0.5,3.0,3.0
6,3,Cristian de la Fuente,0.0912280701754385,0.1935824561403508,25.0,Safe,Improved,0.6532412555335391,0.3183343012932942,0.48578777841341664,0.5,3.0,3.0
6,3,Steve Guttenberg,0.0060736842105262,0.925530263157895,21.0,Eliminated,Improved,0.21774708517784638,-3.1152902134120346,-1.4487715641170942,0.5,12.0,11.0
6,3,Priscilla Presley,0.0925438596491227,0.1935824561403507,26.0,Safe,Improved,0.7621147981224623,0.37139001817550976,0.5667524081489861,0.5,2.0,2.0
6,3,Marlee Matlin,0.0859649122807017,0.1935824561403504,21.0,Safe,Improved,0.21774708517784638,0.10611143376443215,0.16192925947113926,0.5,7.0,9.0
6,3,Shannon Elizabeth,0.0899122807017543,0.1935824561403506,24.0,Safe,Improved,0.544367712944616,0.2652785844110787,0.4048231486778473,0.5,4.0,4.0
6,3,Marissa Jaret Winokur,0.0833333333333333,0.1935824561403505,19.0,Safe,Improved,0.0,1.1191698909419648e-15,5.595849454709824e-16,0.5,9.0,12.0
6,3,Jason Taylor,0.0885964912280701,0.1935824561403507,23.0,Safe,Improved,0.43549417035569277,0.21222286752886318,0.32385851894227796,0.5,5.0,5.0
6,3,Kristi Yamaguchi,0.093859649122807,0.1935824561403507,27.0,Safe,Improved,0.8709883407113855,0.4244457350577292,0.6477170378845574,0.5,1.0,1.0
6,3,Monica Seles,0.098278947368421,0.1935824561403507,0.0,Safe,Improved,-2.0685973091895407,0.6026422028261298,-0.7329775531817054,0.5,10.5,6.5
6,3,Penn Jillette,0.098278947368421,0.1935824561403505,0.0,Safe,Improved,-2.0685973091895407,0.6026422028261298,-0.7329775531817054,0.5,10.5,6.5
6,3,Adam Carolla,0.0859649122807017,0.1935824561403509,21.0,Safe,Improved,0.21774708517784638,0.10611143376443215,0.16192925947113926,0.5,7.0,9.0
6,3,Mario,0.0859649122807017,0.1935824561403497,21.0,Safe,Improved,0.21774708517784638,0.10611143376443215,0.16192925947113926,0.5,7.0,9.0
6,4,Cristian de la Fuente,0.093,0.2536333333333338,26.0,Safe,Improved,0.6216304322659334,0.36923437850956664,0.49543240538775,0.5,4.0,4.0
6,4,Steve Guttenberg,0.0858027777777778,0.2536333333333337,0.0,Safe,Improved,-1.6076649110325862,0.09432452945258964,-0.7566701907899983,0.5,9.0,9.0
6,4,Priscilla Presley,0.0876666666666666,0.2536333333333341,22.0,Safe,Improved,0.278661917912315,0.16551885933187319,0.22209038862209407,0.5,8.0,8.0
6,4,Marlee Matlin,0.0903333333333333,0.2536333333333336,24.0,Safe,Improved,0.4501461750891242,0.2673766189207197,0.35876139700492193,0.5,6.0,6.0
6,4,Shannon Elizabeth,0.0956666666666666,0.2536333333333332,28.0,Safe,Improved,0.7931146894427425,0.4710921380984094,0.632103413770576,0.5,3.0,3.0
6,4,Marissa Jaret Winokur,0.0903333333333333,0.2536333333333335,24.0,Safe,Improved,0.4501461750891242,0.2673766189207197,0.35876139700492193,0.5,6.0,6.0
6,4,Jason Taylor,0.097,0.2536333333333336,29.0,Safe,Improved,0.8788568180311472,0.5220210178928351,0.7004389179619912,0.5,1.5,1.5
6,4,Kristi Yamaguchi,0.097,0.2536333333333336,29.0,Safe,Improved,0.8788568180311472,0.5220210178928351,0.7004389179619912,0.5,1.5,1.5
6,4,Monica Seles,0.0858027777777777,0.2536333333333334,0.0,Safe,Improved,-1.6076649110325862,0.09432452945258593,-0.7566701907900002,0.5,10.5,11.5
6,4,Penn Jillette,0.0858027777777777,0.253633333333334,0.0,Safe,Improved,-1.6076649110325862,0.09432452945258593,-0.7566701907900002,0.5,10.5,11.5
6,4,Adam Carolla,0.0012583333333333,0.9178694444444444,19.0,Eliminated,Improved,0.02143553214710115,-3.1349908568454343,-1.5567776623491665,0.5,12.0,10.0
6,4,Mario,0.0903333333333333,0.2536333333333326,24.0,Safe,Improved,0.4501461750891242,0.2673766189207197,0.35876139700492193,0.5,6.0,6.0
6,5,Cristian de la Fuente,0.0785142857142857,0.4289714285714283,23.0,Safe,Improved,0.5432347163757009,-0.16528196595015868,0.1889763752127711,0.5,5.5,9.5
6,5,Steve Guttenberg,0.1072428571428571,0.4289714285714283,0.0,Safe,Improved,-1.3309250551204668,0.820040267821893,-0.2554423936492869,0.5,9.5,6.5
6,5,Priscilla Presley,0.0,0.9405678571428572,21.0,Eliminated,Improved,0.3802643014629907,-2.8581367629721384,-1.238936230754574,0.5,12.0,12.0
6,5,Marlee Matlin,0.0769836734693877,0.4289714285714282,22.0,Safe,Improved,0.4617495089193458,-0.21777835547413835,0.12198557672260373,0.5,7.0,11.0
6,5,Shannon Elizabeth,0.0785142857142857,0.4289714285714284,23.0,Safe,Improved,0.5432347163757009,-0.16528196595015868,0.1889763752127711,0.5,5.5,9.5
6,5,Marissa Jaret Winokur,0.0800448979591836,0.4289714285714289,24.0,Safe,Improved,0.624719923832056,-0.11278557642618281,0.2559671737029366,0.5,4.0,4.0
6,5,Jason Taylor,0.0846367346938775,0.4289714285714283,27.0,Safe,Improved,0.8691755462011214,0.044703592145752404,0.45693956917343687,0.5,2.5,2.5
6,5,Kristi Yamaguchi,0.0876979591836734,0.4289714285714289,29.0,Safe,Improved,1.0321459611138315,0.14969637119370793,0.5909211661537697,0.5,1.0,1.0
6,5,Monica Seles,0.1072428571428571,0.4289714285714285,0.0,Safe,Improved,-1.3309250551204668,0.820040267821893,-0.2554423936492869,0.5,9.5,6.5
6,5,Penn Jillette,0.1072428571428571,0.4289714285714284,0.0,Safe,Improved,-1.3309250551204668,0.820040267821893,-0.2554423936492869,0.5,9.5,6.5
6,5,Adam Carolla,0.1072428571428571,0.4289714285714285,0.0,Safe,Improved,-1.3309250551204668,0.820040267821893,-0.2554423936492869,0.5,9.5,6.5
6,5,Mario,0.0846367346938775,0.428971428571429,27.0,Safe,Improved,0.8691755462011214,0.044703592145752404,0.45693956917343687,0.5,2.5,2.5
6,6,Cristian de la Fuente,0.0701944444444444,0.583833333333333,27.0,Safe,Improved,0.8939758020279428,-0.3712041988015238,0.2613858016132095,0.5,3.0,3.0
6,6,Steve Guttenberg,0.1167666666666666,0.5838333333333328,0.0,Safe,Improved,-1.1174697525349284,0.9445695003752953,-0.08645012607981656,0.5,8.5,5.5
6,6,Priscilla Presley,0.1167666666666666,0.5838333333333332,0.0,Safe,Improved,-1.1174697525349284,0.9445695003752953,-0.08645012607981656,0.5,8.5,5.5
6,6,Marlee Matlin,1.3877787807814457e-17,0.9500916666666672,21.0,Eliminated,Improved,0.4469879010139714,-2.354360668931442,-0.9536863839587353,0.5,12.0,12.0
6,6,Shannon Elizabeth,0.0651944444444444,0.5838333333333336,24.0,Safe,Improved,0.6704818515209571,-0.5124658389374105,0.07900800629177329,0.5,5.5,10.5
6,6,Marissa Jaret Winokur,0.0685277777777777,0.5838333333333339,26.0,Safe,Improved,0.8194778185256142,-0.4182914121801537,0.20059320317273024,0.5,4.0,8.0
6,6,Jason Taylor,0.0651944444444444,0.5838333333333333,24.0,Safe,Improved,0.6704818515209571,-0.5124658389374105,0.07900800629177329,0.5,5.5,10.5
6,6,Kristi Yamaguchi,0.0751944444444444,0.5838333333333334,30.0,Safe,Improved,1.1174697525349284,-0.22994255866563737,0.4437635969346455,0.5,1.0,1.0
6,6,Monica Seles,0.1167666666666665,0.5838333333333333,0.0,Safe,Improved,-1.1174697525349284,0.9445695003752925,-0.08645012607981795,0.5,11.0,9.0
6,6,Penn Jillette,0.1167666666666666,0.5838333333333336,0.0,Safe,Improved,-1.1174697525349284,0.9445695003752953,-0.08645012607981656,0.5,8.5,5.5
6,6,Adam Carolla,0.1167666666666666,0.5838333333333332,0.0,Safe,Improved,-1.1174697525349284,0.9445695003752953,-0.08645012607981656,0.5,8.5,5.5
6,6,Mario,0.0718611111111111,0.5838333333333341,28.0,Safe,Improved,0.9684737855302713,-0.3241169854228942,0.3221784000536886,0.5,2.0,2.0
7,1,Ted McGinley,0.0590540903525512,0.919658852258852,18.5,Eliminated,Improved,-0.27906991009802495,-2.8366235000825326,-1.5578467050902787,0.5,13.0,11.5
7,1,Cloris Leachman,0.0728937728940527,0.0401825396825415,16.0,Safe,Improved,-1.067745742983749,-0.639634399667635,-0.853690071325692,0.5,12.0,13.0
7,1,Susan Lucci,0.0758699633702432,0.0401825396825403,18.5,Safe,Improved,-0.27906991009802495,-0.16717717260758844,-0.2231235413528067,0.5,8.5,9.5
7,1,Cody Linley,0.0782509157511956,0.0401825396825399,20.5,Safe,Improved,0.3518707562105542,0.21078860904044966,0.28132968262550195,0.5,6.0,6.0
7,1,Misty May-Treanor,0.0788461538464336,0.0401825396825398,21.0,Safe,Improved,0.509605922787699,0.3052800544524449,0.40744298862007194,0.5,5.0,5.0
7,1,Maurice Greene,0.0770604395607194,0.0401825396825404,19.5,Safe,Improved,0.03640042305626461,0.021805718216430615,0.029103070636347615,0.5,7.0,8.0
7,1,Warren Sapp,0.0794413919416717,0.0401825396825403,21.5,Safe,Improved,0.6673410893648437,0.3997714998644533,0.5335562946146485,0.5,3.5,3.5
7,1,Jeffrey Ross,0.084947741146202,0.0401825396825399,12.0,Eliminated,Improved,-2.329627075600907,1.2738803639337328,-0.5278733558335872,0.5,11.0,7.0
7,1,Toni Braxton,0.0806318681321479,0.0401825396825398,22.5,Safe,Improved,0.9828114225191333,0.5887543906884724,0.7857829066038029,0.5,2.0,2.0
7,1,Lance Bass,0.0794413919416717,0.04018253968254,21.5,Safe,Improved,0.6673410893648437,0.3997714998644533,0.5335562946146485,0.5,3.5,3.5
7,1,Kim Kardashian,0.0758699633702432,0.0401825396825392,18.5,Safe,Improved,-0.27906991009802495,-0.16717717260758844,-0.2231235413528067,0.5,8.5,9.5
7,1,Rocco DiSpirito,0.074679487179767,0.0401825396825391,17.5,Safe,Improved,-0.5945402432523146,-0.3561600634316075,-0.47535015334196107,0.5,10.0,11.5
7,1,Brooke Burke,0.0830128205131003,0.0401825396825383,24.5,Safe,Improved,1.6137520888277126,0.9667201723365105,1.2902361305821115,0.5,1.0,1.0
7,2,Ted McGinley,0.087212820520283,0.1678208144796384,0.0,Safe,Improved,-2.1112990189828253,0.5024052577053402,-0.8044468806387426,0.5,11.5,7.5
7,2,Cloris Leachman,0.0742081447941413,0.1678208144796379,15.0,Safe,Improved,-0.24838811988033238,-0.1325588109173825,-0.19047346539885746,0.5,10.0,13.0
7,2,Susan Lucci,0.0823529411742318,0.1678208144796386,21.0,Safe,Improved,0.49677623976066476,0.2651176215068377,0.38094693063375124,0.5,5.0,5.0
7,2,Cody Linley,0.0823529411742318,0.1678208144796391,21.0,Safe,Improved,0.49677623976066476,0.2651176215068377,0.38094693063375124,0.5,5.0,5.0
7,2,Misty May-Treanor,0.0823529411742318,0.167820814479638,21.0,Safe,Improved,0.49677623976066476,0.2651176215068377,0.38094693063375124,0.5,5.0,5.0
7,2,Maurice Greene,0.079638009047535,0.1678208144796382,19.0,Safe,Improved,0.24838811988033238,0.13255881069876613,0.19047346528954925,0.5,8.0,10.0
7,2,Warren Sapp,0.086425339364277,0.1678208144796381,24.0,Safe,Improved,0.8693584195811633,0.4639558377189458,0.6666571286500546,0.5,1.5,1.5
7,2,Jeffrey Ross,0.087212820520283,0.1678208144796388,0.0,Safe,Improved,-2.1112990189828253,0.5024052577053402,-0.8044468806387426,0.5,11.5,7.5
7,2,Toni Braxton,0.0850678733009286,0.1678208144796386,23.0,Safe,Improved,0.7451643596409971,0.39767643231491,0.5714203959779536,0.5,3.0,3.0
7,2,Lance Bass,0.0809954751108834,0.1678208144796384,20.0,Safe,Improved,0.37258217982049857,0.19883821610280192,0.28571019796165026,0.5,7.0,9.0
7,2,Kim Kardashian,0.0101897435972061,0.9231692307692309,17.0,Eliminated,Improved,0.0,-3.2583102980548357,-1.6291551490274179,0.5,13.0,12.0
7,2,Rocco DiSpirito,0.0755656108574897,0.1678208144796382,16.0,Safe,Improved,-0.12419405994016619,-0.0662794055133467,-0.09523673272675645,0.5,9.0,11.0
7,2,Brooke Burke,0.086425339364277,0.1678208144796373,24.0,Safe,Improved,0.8693584195811633,0.4639558377189458,0.6666571286500546,0.5,1.5,1.5
7,4,Ted McGinley,0.0887699507389162,0.3550798029556649,0.0,Safe,Improved,-1.414196403647764,0.5030596041771951,-0.4555683997352845,0.5,11.5,7.5
7,4,Cloris Leachman,0.0789524630541871,0.3550798029556646,22.0,Safe,Improved,0.5782182340037656,0.08617481706220663,0.3321965255329861,0.5,6.0,10.0
7,4,Susan Lucci,0.0819081280788177,0.3550798029556645,24.0,Safe,Improved,0.759346837426632,0.2116826683725741,0.48551475289960305,0.5,3.0,3.0
7,4,Cody Linley,0.0804302955665024,0.3550798029556651,23.0,Safe,Improved,0.6687825357151989,0.14892874271739037,0.40885563921629464,0.5,4.0,4.0
7,4,Misty May-Treanor,0.0887699507389162,0.3550798029556647,0.0,Safe,Improved,-1.414196403647764,0.5030596041771951,-0.4555683997352845,0.5,11.5,7.5
7,4,Maurice Greene,0.0759967980295566,0.3550798029556649,20.0,Safe,Improved,0.3970896305808993,-0.0393330342481567,0.1788782981663713,0.5,8.0,12.0
7,4,Warren Sapp,0.0789524630541871,0.3550798029556647,22.0,Safe,Improved,0.5782182340037656,0.08617481706220663,0.3321965255329861,0.5,6.0,10.0
7,4,Jeffrey Ross,0.0887699507389163,0.3550798029556647,0.0,Safe,Improved,-1.414196403647764,0.5030596041771992,-0.45556839973528246,0.5,9.5,5.5
7,4,Toni Braxton,0.0789524630541871,0.3550798029556652,22.0,Safe,Improved,0.5782182340037656,0.08617481706220663,0.3321965255329861,0.5,6.0,10.0
7,4,Lance Bass,0.0848637931034482,0.3550798029556652,26.0,Safe,Improved,0.9404754408494983,0.33719051968293745,0.6388329802662178,0.5,1.5,1.5
7,4,Kim Kardashian,0.0887699507389163,0.355079802955665,0.0,Safe,Improved,-1.414196403647764,0.5030596041771992,-0.45556839973528246,0.5,9.5,5.5
7,4,Rocco DiSpirito,0.0,0.9349161045850702,18.0,Eliminated,Improved,0.21596102715803298,-3.266422284103087,-1.5252306284725272,0.5,13.0,13.0
7,4,Brooke Burke,0.0848637931034482,0.3550798029556646,26.0,Safe,Improved,0.9404754408494983,0.33719051968293745,0.6388329802662178,0.5,1.5,1.5
7,5,Ted McGinley,0.1129205128205128,0.5751589743589715,0.0,Safe,Improved,-1.1908262790561672,1.0509725000539774,-0.06992688950109494,0.5,10.0,7.0
7,5,Cloris Leachman,0.0564853479853479,0.5751589743589732,21.0,Safe,Improved,0.47633051162246687,-0.5966950295657177,-0.060182258971625435,0.5,6.5,12.5
7,5,Susan Lucci,0.0580238095238094,0.5751589743589749,22.0,Safe,Improved,0.5557189302262113,-0.5517784756778076,0.0019702272742018745,0.5,5.0,10.0
7,5,Cody Linley,0.0672545787545787,0.5751589743589759,28.0,Safe,Improved,1.0320494418486783,-0.282279152350338,0.3748851447491701,0.5,2.0,2.0
7,5,Misty May-Treanor,0.1129205128205128,0.5751589743589749,0.0,Safe,Improved,-1.1908262790561672,1.0509725000539774,-0.06992688950109494,0.5,10.0,7.0
7,5,Maurice Greene,0.0657161172161171,0.5751589743589752,27.0,Safe,Improved,0.9526610232449337,-0.32719570623825106,0.3127326585033413,0.5,3.0,3.0
7,5,Warren Sapp,0.0626391941391941,0.575158974358975,25.0,Safe,Improved,0.7938841860374448,-0.41702881401407144,0.1884276860116867,0.5,4.0,4.0
7,5,Jeffrey Ross,0.1129205128205128,0.5751589743589747,0.0,Safe,Improved,-1.1908262790561672,1.0509725000539774,-0.06992688950109494,0.5,10.0,7.0
7,5,Toni Braxton,1.3877787807814457e-17,0.9590666666666664,22.0,Eliminated,Improved,0.5557189302262113,-2.2458276943955613,-0.845054382084675,0.5,13.0,11.0
7,5,Lance Bass,0.0564853479853479,0.5751589743589748,21.0,Safe,Improved,0.47633051162246687,-0.5966950295657177,-0.060182258971625435,0.5,6.5,12.5
7,5,Kim Kardashian,0.1129205128205128,0.5751589743589751,0.0,Safe,Improved,-1.1908262790561672,1.0509725000539774,-0.06992688950109494,0.5,10.0,7.0
7,5,Rocco DiSpirito,0.1129205128205128,0.5751589743589748,0.0,Safe,Improved,-1.1908262790561672,1.0509725000539774,-0.06992688950109494,0.5,10.0,7.0
7,5,Brooke Burke,0.0687930402930403,0.5751589743589752,29.0,Safe,Improved,1.1114378604524227,-0.23736259846242497,0.4370376309949988,0.5,1.0,1.0
7,6,Ted McGinley,0.0938499999999999,0.5630999999999997,0.0,Safe,Improved,-1.0091976215148104,0.6628770874386483,-0.17316026703808107,0.5,10.5,8.5
7,6,Cloris Leachman,1.3877787807814457e-17,0.9425899999999996,15.0,Eliminated,Improved,0.22076197970636469,-3.012393035394904,-1.3958155278442699,0.5,13.0,13.0
7,6,Susan Lucci,0.0706291666666666,0.5630999999999988,23.0,Safe,Improved,0.8767404336909914,-0.24647650848354072,0.31513196260372534,0.5,4.5,8.5
7,6,Cody Linley,0.0706291666666666,0.5631000000000002,23.0,Safe,Improved,0.8767404336909914,-0.24647650848354072,0.31513196260372534,0.5,4.5,8.5
7,6,Misty May-Treanor,0.09385,0.5630999999999999,0.0,Safe,Improved,-1.0091976215148104,0.662877087438652,-0.17316026703807919,0.5,7.5,4.0
7,6,Maurice Greene,0.0668791666666666,0.5630999999999992,21.0,Safe,Improved,0.7127458201948347,-0.39333066895904256,0.15970757561789606,0.5,6.0,12.0
7,6,Warren Sapp,0.0743791666666666,0.5631000000000006,25.0,Safe,Improved,1.0407350471871482,-0.0996223480080394,0.4705563495895544,0.5,3.0,4.0
7,6,Jeffrey Ross,0.09385,0.5631000000000002,0.0,Safe,Improved,-1.0091976215148104,0.662877087438652,-0.17316026703807919,0.5,7.5,4.0
7,6,Toni Braxton,0.0938499999999999,0.5630999999999998,0.0,Safe,Improved,-1.0091976215148104,0.6628770874386483,-0.17316026703808107,0.5,10.5,8.5
7,6,Lance Bass,0.0781291666666666,0.5630999999999997,27.0,Safe,Improved,1.2047296606833047,0.04723181246746246,0.6259807365753836,0.5,1.0,1.0
7,6,Kim Kardashian,0.0938499999999999,0.5630999999999999,0.0,Safe,Improved,-1.0091976215148104,0.6628770874386483,-0.17316026703808107,0.5,10.5,8.5
7,6,Rocco DiSpirito,0.0938499999999999,0.5630999999999999,0.0,Safe,Improved,-1.0091976215148104,0.6628770874386483,-0.17316026703808107,0.5,10.5,8.5
7,6,Brooke Burke,0.0762541666666666,0.5631000000000006,26.0,Safe,Improved,1.1227323539352263,-0.026195267770288466,0.548268543082469,0.5,2.0,2.0
8,2,Gilles Marini,0.0844121915820029,0.0230415094339624,27.0,Safe,Improved,1.7520641632996097,1.4403197244357333,1.5961919438676715,0.5,1.0,1.0
8,2,Denise Richards,0.0776197387518142,0.0230415094339623,21.0,Safe,Improved,0.1629827128650803,0.13398323018006816,0.14848297152257423,0.5,5.0,5.0
8,2,David Alan Grier,0.0730914368650217,0.0230415094339624,17.0,Safe,Improved,-0.8964049207579392,-0.7369077659903815,-0.8166563433741604,0.5,11.5,12.5
8,2,Lawrence Taylor,0.0764876632801161,0.0230415094339625,20.0,Safe,Improved,-0.10186419554067459,-0.08373951886254093,-0.09280185720160776,0.5,7.0,7.0
8,2,Ty Murray,0.0764876632801161,0.0230415094339622,20.0,Safe,Improved,-0.10186419554067459,-0.08373951886254093,-0.09280185720160776,0.5,7.0,7.0
8,2,Shawn Johnson,0.0810159651669085,0.0230415094339624,24.0,Safe,Improved,0.957523438082345,0.7871514773078901,0.8723374576951175,0.5,3.0,3.0
8,2,Steve Wozniak,0.0730914368650217,0.0230415094339624,17.0,Safe,Improved,-0.8964049207579392,-0.7369077659903815,-0.8166563433741604,0.5,11.5,12.5
8,2,Belinda Carlisle,0.0643621915820029,0.9141706821480408,18.0,Eliminated,Improved,-0.6315580123521843,-2.4157315967330955,-1.5236448045426398,0.5,13.0,11.0
8,2,Chuck Wicks,0.0764876632801161,0.0230415094339622,20.0,Safe,Improved,-0.10186419554067459,-0.08373951886254093,-0.09280185720160776,0.5,7.0,7.0
8,2,Lil' Kim,0.0798838896952104,0.0230415094339623,23.0,Safe,Improved,0.6926765296765901,0.5694287282652837,0.6310526289709368,0.5,4.0,4.0
8,2,Steve-O,0.0795565312046444,0.0230415094339617,14.0,Safe,Improved,-1.690945645975204,0.5064705666671353,-0.5922375396540343,0.5,10.0,9.0
8,2,Holly Madison,0.0742235123367199,0.0230415094339626,18.0,Safe,Improved,-0.6315580123521843,-0.5191850169477564,-0.5753715146499704,0.5,9.0,10.0
8,2,Melissa Rycroft,0.0832801161103048,0.0230415094339607,26.0,Safe,Improved,1.4872172548938547,1.2225969753931243,1.3549071151434895,0.5,2.0,2.0
8,3,Gilles Marini,0.0857359176256814,0.0908511811023621,27.0,Safe,Improved,0.9417919603239983,0.5706019820824799,0.756196971203239,0.5,2.0,2.0
8,3,Denise Richards,0.0317489097516656,0.9092382798304058,16.0,Eliminated,Improved,-0.44662299149385515,-2.924876347681489,-1.6857496695876721,0.5,13.0,12.0
8,3,David Alan Grier,0.0821926105390672,0.0908511811023624,24.0,Safe,Improved,0.5631333371009474,0.34118469031735776,0.45215901370915257,0.5,5.0,5.0
8,3,Lawrence Taylor,0.0774682010902483,0.0908511811023623,20.0,Safe,Improved,0.05825517280354609,0.0352949679638628,0.046775070383704445,0.5,8.0,9.0
8,3,Ty Murray,0.0810115081768625,0.0908511811023622,23.0,Safe,Improved,0.436913796026597,0.2647122597289858,0.35081302787779145,0.5,6.5,7.0
8,3,Shawn Johnson,0.0857359176256814,0.0908511811023623,27.0,Safe,Improved,0.9417919603239983,0.5706019820824799,0.756196971203239,0.5,2.0,2.0
8,3,Steve Wozniak,0.0656571774682011,0.0908511811023623,10.0,Safe,Improved,-1.203940237939957,-0.7294293379198693,-0.9666847879299132,0.5,12.0,13.0
8,3,Belinda Carlisle,0.0948410357359176,0.090851181102362,0.0,Safe,Improved,-2.4661356486834602,1.1601279494882495,-0.6530038495976054,0.5,11.0,7.0
8,3,Chuck Wicks,0.0810115081768625,0.0908511811023621,23.0,Safe,Improved,0.436913796026597,0.2647122597289858,0.35081302787779145,0.5,6.5,7.0
8,3,Lil' Kim,0.0833737129012719,0.0908511811023623,25.0,Safe,Improved,0.6893528781752977,0.4176571209057297,0.5535049995405137,0.5,4.0,4.0
8,3,Steve-O,0.0715626892792247,0.0908511811023625,15.0,Safe,Improved,-0.5728425325682055,-0.3470671849780032,-0.4599548587731044,0.5,10.0,11.0
8,3,Holly Madison,0.0739248940036341,0.0908511811023622,17.0,Safe,Improved,-0.32040345041950485,-0.19412232380125932,-0.2572628871103821,0.5,9.0,10.0
8,3,Melissa Rycroft,0.0857359176256814,0.0908511811023607,27.0,Safe,Improved,0.9417919603239983,0.5706019820824799,0.756196971203239,0.5,2.0,2.0
8,4,Gilles Marini,0.0910362364919013,0.099373553719009,30.0,Safe,Improved,1.1534199056796544,0.8517095490022131,1.0025647273409337,0.5,1.0,1.0
8,4,Denise Richards,0.075367090481541,0.0993735537190084,0.0,Safe,Improved,-1.8859974133410566,-0.09390161741680622,-0.9899495153789314,0.5,11.5,11.0
8,4,David Alan Grier,0.0811188811200005,0.0993735537190085,22.0,Safe,Improved,0.3429086206074647,0.25321094704812963,0.2980597838277972,0.5,6.0,6.0
8,4,Lawrence Taylor,0.0773998728555376,0.0993735537190083,19.0,Safe,Improved,0.038966888705393596,0.028773971315342067,0.03387043001036783,0.5,8.0,8.0
8,4,Ty Murray,0.0848378893844633,0.0993735537190082,25.0,Safe,Improved,0.6468503525095358,0.4776479227809105,0.5622491376452232,0.5,4.5,4.5
8,4,Shawn Johnson,0.0848378893844633,0.0993735537190085,25.0,Safe,Improved,0.6468503525095358,0.4776479227809105,0.5622491376452232,0.5,4.5,4.5
8,4,Steve Wozniak,0.0256803136220369,0.8958329307056585,12.0,Eliminated,Improved,-0.6702304857327723,-3.0924294880902647,-1.8813299869115185,0.5,13.0,13.0
8,4,Belinda Carlisle,0.075367090481541,0.0993735537190088,0.0,Safe,Improved,-1.8859974133410566,-0.09390161741680622,-0.9899495153789314,0.5,11.5,11.0
8,4,Chuck Wicks,0.0811188811200004,0.0993735537190081,22.0,Safe,Improved,0.3429086206074647,0.2532109470481238,0.29805978382779424,0.5,7.0,7.0
8,4,Lil' Kim,0.0873172282274385,0.0993735537190082,27.0,Safe,Improved,0.8494781737775832,0.6272725732694314,0.7383753735235072,0.5,3.0,3.0
8,4,Steve-O,0.0724411951695872,0.0993735537190084,15.0,Safe,Improved,-0.3662887538307012,-0.27047532966169885,-0.3183820417462,0.5,10.0,11.0
8,4,Holly Madison,0.0736808645910748,0.0993735537190081,16.0,Eliminated,Improved,-0.2649748431966775,-0.1956630044174388,-0.23031892380705815,0.5,9.0,9.0
8,4,Melissa Rycroft,0.0897965670704137,0.0993735537190079,29.0,Safe,Improved,1.0521059950456306,0.7768972237579522,0.9145016094017915,0.5,2.0,2.0
8,5,Gilles Marini,0.0804261904761904,0.4530809523809525,29.0,Safe,Improved,1.1112281097593057,0.1252779639587591,0.6182530368590324,0.5,1.0,1.0
8,5,Denise Richards,0.1048619047619047,0.4530809523809522,0.0,Safe,Improved,-1.3973527128709833,0.9991453071601952,-0.19910370285539403,0.5,10.5,7.0
8,5,David Alan Grier,0.0,0.9510080586080586,22.0,Eliminated,Improved,0.5057086008485464,-2.7509146684100676,-1.1226030337807607,0.5,13.0,11.5
8,5,Lawrence Taylor,0.0675690476190476,0.453080952380953,20.0,Safe,Improved,0.3327030268740437,-0.33451777347549333,-0.000907373300724823,0.5,7.0,11.5
8,5,Ty Murray,0.068997619047619,0.4530809523809522,21.0,Safe,Improved,0.419205813861295,-0.2834293582050215,0.06788822782813675,0.5,6.0,10.0
8,5,Shawn Johnson,0.0761404761904761,0.4530809523809528,26.0,Safe,Improved,0.8517197487975517,-0.027987281852659373,0.41186623347244616,0.5,3.0,3.0
8,5,Steve Wozniak,0.1048619047619047,0.4530809523809517,0.0,Safe,Improved,-1.3973527128709833,0.9991453071601952,-0.19910370285539403,0.5,10.5,7.0
8,5,Belinda Carlisle,0.1048619047619047,0.4530809523809525,0.0,Safe,Improved,-1.3973527128709833,0.9991453071601952,-0.19910370285539403,0.5,10.5,7.0
8,5,Chuck Wicks,0.0718547619047619,0.4530809523809525,23.0,Safe,Improved,0.5922113878357977,-0.18125252766407488,0.20547943008586145,0.5,5.0,7.0
8,5,Lil' Kim,0.0761404761904762,0.4530809523809518,26.0,Safe,Improved,0.8517197487975517,-0.0279872818526559,0.41186623347244794,0.5,2.0,2.0
8,5,Steve-O,0.0647119047619047,0.4530809523809517,18.0,Safe,Improved,0.159697452899541,-0.43669460401644,-0.13849857555844952,0.5,8.0,13.0
8,5,Holly Madison,0.1048619047619047,0.453080952380952,0.0,Safe,Improved,-1.3973527128709833,0.9991453071601952,-0.19910370285539403,0.5,10.5,7.0
8,5,Melissa Rycroft,0.0747119047619047,0.4530809523809521,25.0,Safe,Improved,0.7652169618103004,-0.0790756971231312,0.3430706323435846,0.5,4.0,4.0
8,6,Gilles Marini,0.0841067588325652,0.4306075268817191,26.0,Safe,Improved,0.955530838201497,0.304749369258534,0.6301401037300155,0.5,3.5,3.5
8,6,Denise Richards,0.0861215053763441,0.4306075268817213,0.0,Safe,Improved,-1.1692679993781478,0.39021984890511435,-0.3895240752365168,0.5,9.5,6.5
8,6,David Alan Grier,0.086121505376344,0.4306075268817206,0.0,Safe,Improved,-1.1692679993781478,0.39021984890511024,-0.3895240752365188,0.5,12.0,10.5
8,6,Lawrence Taylor,0.0776551459293394,0.4306075268817214,22.0,Safe,Improved,0.6286387093430901,0.03105615904534386,0.32984743419421697,0.5,6.0,10.5
8,6,Ty Murray,0.0712035330261136,0.4306075268817211,18.0,Safe,Improved,0.3017465804846832,-0.2426370511678469,0.029554764658418164,0.5,7.0,12.0
8,6,Shawn Johnson,0.0841067588325652,0.4306075268817206,26.0,Safe,Improved,0.955530838201497,0.304749369258534,0.6301401037300155,0.5,3.5,3.5
8,6,Steve Wozniak,0.0861215053763441,0.4306075268817211,0.0,Safe,Improved,-1.1692679993781478,0.39021984890511435,-0.3895240752365168,0.5,9.5,6.5
8,6,Belinda Carlisle,0.0861215053763441,0.4306075268817207,0.0,Safe,Improved,-1.1692679993781478,0.39021984890511435,-0.3895240752365168,0.5,9.5,6.5
8,6,Chuck Wicks,0.0792680491551459,0.4306075268817212,23.0,Safe,Improved,0.7103617415576918,0.09947946159864346,0.40492060157816767,0.5,5.0,9.0
8,6,Lil' Kim,0.0873325652841781,0.4306075268817214,28.0,Safe,Improved,1.1189769026307004,0.4415959743651291,0.7802864384979147,0.5,1.0,1.0
8,6,Steve-O,0.0,0.9322676592224984,16.0,Eliminated,Improved,0.13830051605547977,-3.2632651986957324,-1.5624823413201263,0.5,13.0,13.0
8,6,Holly Madison,0.0861215053763441,0.4306075268817205,0.0,Safe,Improved,-1.1692679993781478,0.39021984890511435,-0.3895240752365168,0.5,9.5,6.5
8,6,Melissa Rycroft,0.0857196620583717,0.4306075268817203,27.0,Safe,Improved,1.0372538704160987,0.3731726718118336,0.7052132711139661,0.5,2.0,2.0
8,7,Gilles Marini,0.0514567765567765,0.6929076923076884,27.0,Safe,Improved,0.9540615248388009,-0.642455417537817,0.15580305365049196,0.5,3.5,4.5
8,7,Denise Richards,0.1154846153846154,0.6929076923076924,0.0,Safe,Improved,-1.027450872903324,0.9728177606038112,-0.02731655614975642,0.5,7.0,3.0
8,7,David Alan Grier,0.1154846153846153,0.6929076923076938,0.0,Safe,Improved,-1.027450872903324,0.9728177606038088,-0.027316556149757643,0.5,10.0,8.0
8,7,Lawrence Taylor,5.551115123125783e-17,0.9621288711288714,21.0,Eliminated,Improved,0.513725436451662,-1.9405899872407897,-0.7134322753945639,0.5,13.0,13.0
8,7,Ty Murray,0.0465117216117215,0.6929076923076929,24.0,Safe,Improved,0.7338934806452315,-0.767207631003298,-0.016657075179033254,0.5,6.0,12.0
8,7,Shawn Johnson,0.0531051282051281,0.6929076923076908,28.0,Safe,Improved,1.027450872903324,-0.6008713463826584,0.21328976326033283,0.5,2.0,2.0
8,7,Steve Wozniak,0.1154846153846153,0.6929076923076926,0.0,Safe,Improved,-1.027450872903324,0.9728177606038088,-0.027316556149757643,0.5,10.0,8.0
8,7,Belinda Carlisle,0.1154846153846153,0.6929076923076926,0.0,Safe,Improved,-1.027450872903324,0.9728177606038088,-0.027316556149757643,0.5,10.0,8.0
8,7,Chuck Wicks,0.0514567765567765,0.6929076923076929,27.0,Safe,Improved,0.9540615248388009,-0.642455417537817,0.15580305365049196,0.5,3.5,4.5
8,7,Lil' Kim,0.0498084249084248,0.6929076923076929,26.0,Safe,Improved,0.8806721767742778,-0.6840394886929783,0.09831634404064976,0.5,5.0,11.0
8,7,Steve-O,0.1154846153846153,0.6929076923076924,0.0,Safe,Improved,-1.027450872903324,0.9728177606038088,-0.027316556149757643,0.5,10.0,8.0
8,7,Holly Madison,0.1154846153846153,0.6929076923076923,0.0,Safe,Improved,-1.027450872903324,0.9728177606038088,-0.027316556149757643,0.5,10.0,8.0
8,7,Melissa Rycroft,0.0547534798534798,0.6929076923076929,29.0,Safe,Improved,1.1008402209678472,-0.5592872752274972,0.270776472870175,0.5,1.0,1.0
9,1,Ashley Hamiliton,0.057722830369118,0.9218917176767196,18.9999,Eliminated,Improved,-1.1966061882885675,-1.2134966263852436,-1.2050514073369056,0.5,16.0,16.0
9,1,Debi Mazar,0.0600062216993958,0.0001997536936056,22.0,Safe,Improved,-0.6334786235066802,-0.633469562222178,-0.6334740928644291,0.5,10.5,10.5
9,1,Melissa Joan Hart,0.0614840600357045,0.0001997536936082,24.0,Safe,Improved,-0.2580727605141885,-0.25806906903887267,-0.25807091477653055,0.5,9.0,9.0
9,1,Mark Dacascos,0.0651785080926427,0.0001997536936054,28.9998,Safe,Improved,0.6804043563807417,0.6803946238700879,0.6803994901254148,0.5,6.0,6.0
9,1,Chuck Liddell,0.0600062216993958,0.0001997536936141,22.0,Safe,Improved,-0.6334786235066802,-0.633469562222178,-0.6334740928644291,0.5,10.5,10.5
9,1,Natalie Coughlin,0.063700669756334,0.0001997536936101,26.9998,Safe,Improved,0.30499849338824997,0.30499413068678427,0.3049963120375171,0.5,7.5,7.5
9,1,Louie Vito,0.063700669756334,0.00019975369361,26.9998,Safe,Improved,0.30499849338824997,0.30499413068678427,0.3049963120375171,0.5,7.5,7.5
9,1,Michael Irvin,0.0578225840627286,0.000199753693613,19.0,Safe,Improved,-1.196587417995418,-1.1881571932021722,-1.192372305598795,0.5,15.0,14.0
9,1,Joanna Krupa,0.0688731778253313,0.0001997536936108,33.9999,Safe,Improved,1.61893778415512,1.6189146268530163,1.618926205504068,0.5,1.0,1.0
9,1,Kathy Ireland,0.0585283094711703,0.0001997536936086,19.9999,Safe,Improved,-1.0089032567923215,-1.008888825430137,-1.008896041111229,0.5,12.5,12.5
9,1,Tom DeLay,0.0585283094711703,0.0001997536936129,19.9999,Safe,Improved,-1.0089032567923215,-1.008888825430137,-1.008896041111229,0.5,12.5,12.5
9,1,Macy Gray,0.057822830369118,0.0001997536936129,18.9999,Eliminated,Improved,-1.1966061882885675,-1.1880946264533057,-1.1923504073709366,0.5,14.0,15.0
9,1,Aaron Carter,0.0673953394890226,0.0001997536936062,31.9999,Safe,Improved,1.2435319211626288,1.2435141336697126,1.2435230274161708,0.5,2.0,2.0
9,1,Mya,0.0666564203208682,0.0001997536936106,30.9999,Safe,Improved,1.055828989666383,1.0558138870780487,1.0558214383722158,0.5,3.0,3.0
9,1,Donny Osmond,0.0659175011527138,0.0001997536936015,29.9999,Safe,Improved,0.8681260581701371,0.8681136404863844,0.8681198493282607,0.5,5.0,5.0
9,1,Kelly Osbourne,0.0666563464289514,0.0001997536936059,30.9998,Safe,Improved,1.0558102193732335,1.0557951170533915,1.0558026682133126,0.5,4.0,4.0
9,2,Ashley Hamiliton,0.0703139455782312,0.1227489795918378,0.0,Safe,Improved,-2.3778232481380925,0.5337425476424026,-0.9220403502478449,0.5,15.0,10.0
9,2,Debi Mazar,0.0651785714285714,0.1227489795918365,21.0,Safe,Improved,0.3396890354482989,0.1829635904184902,0.2613263129333946,0.5,5.0,5.0
9,2,Melissa Joan Hart,0.0631377551020408,0.1227489795918369,19.0,Safe,Improved,0.08087834177340451,0.04356275962345122,0.06222055069842787,0.5,10.5,12.5
9,2,Mark Dacascos,0.0651785714285714,0.1227489795918371,21.0,Safe,Improved,0.3396890354482989,0.1829635904184902,0.2613263129333946,0.5,5.0,5.0
9,2,Chuck Liddell,0.0631377551020408,0.1227489795918367,19.0,Safe,Improved,0.08087834177340451,0.04356275962345122,0.06222055069842787,0.5,10.5,12.5
9,2,Natalie Coughlin,0.0651785714285714,0.1227489795918367,21.0,Safe,Improved,0.3396890354482989,0.1829635904184902,0.2613263129333946,0.5,5.0,5.0
9,2,Louie Vito,0.0631377551020408,0.1227489795918371,19.0,Safe,Improved,0.08087834177340451,0.04356275962345122,0.06222055069842787,0.5,10.5,12.5
9,2,Michael Irvin,0.0641581632653061,0.1227489795918375,20.0,Safe,Improved,0.21028368861085173,0.1132631750209707,0.16177343181591122,0.5,7.5,7.5
9,2,Joanna Krupa,0.0641581632653061,0.1227489795918368,20.0,Safe,Improved,0.21028368861085173,0.1132631750209707,0.16177343181591122,0.5,7.5,7.5
9,2,Kathy Ireland,0.0089894557823128,0.9363182397959188,18.0,Eliminated,Improved,-0.04852700506404271,-3.655113016917733,-1.8518200109908878,0.5,16.0,16.0
9,2,Tom DeLay,0.0621173469387755,0.1227489795918366,18.0,Safe,Improved,-0.04852700506404271,-0.026137655774067795,-0.03733233041905525,0.5,13.0,15.0
9,2,Macy Gray,0.0703139455782313,0.1227489795918362,0.0,Safe,Improved,-2.3778232481380925,0.5337425476424092,-0.9220403502478416,0.5,14.0,9.0
9,2,Aaron Carter,0.0713010204081632,0.1227489795918371,27.0,Safe,Improved,1.1161211164729823,0.6011660828036053,0.8586435996382937,0.5,1.5,1.5
9,2,Mya,0.0713010204081632,0.122748979591837,27.0,Safe,Improved,1.1161211164729823,0.6011660828036053,0.8586435996382937,0.5,1.5,1.5
9,2,Donny Osmond,0.0692602040816326,0.122748979591837,25.0,Safe,Improved,0.8573104227980878,0.4617652520085663,0.659537837403327,0.5,3.0,3.0
9,2,Kelly Osbourne,0.0631377551020408,0.1227489795918355,19.0,Safe,Improved,0.08087834177340451,0.04356275962345122,0.06222055069842787,0.5,10.5,12.5
9,3,Ashley Hamiliton,0.065991472868217,0.2176542635658913,0.0,Safe,Improved,-1.8498672017690192,0.20387038321968876,-0.8229984092746652,0.5,14.5,12.5
9,3,Debi Mazar,0.0,0.940985222868217,17.0,Eliminated,Improved,0.10038039079366771,-3.649433758234336,-1.7745266837203342,0.5,16.0,15.0
9,3,Melissa Joan Hart,0.0655757752146025,0.2176542635658918,19.0,Safe,Improved,0.32982128403633676,0.17959740641457644,0.25470934522545663,0.5,8.0,8.0
9,3,Mark Dacascos,0.0644129844891893,0.2176542635658922,18.0,Safe,Improved,0.21510083741500224,0.1117009627812209,0.16340090009811156,0.5,9.0,9.0
9,3,Chuck Liddell,0.0632501937915148,0.217654263565892,17.0,Safe,Improved,0.10038039079366771,0.043804520767553305,0.0720924557806105,0.5,10.0,11.0
9,3,Natalie Coughlin,0.0737153100705846,0.2176542635658916,26.0,Safe,Improved,1.1328644103856784,0.6548724988905146,0.8938684546380965,0.5,2.0,2.0
9,3,Louie Vito,0.0667385658845381,0.2176542635658921,20.0,Safe,Improved,0.44454173065767133,0.2474938468085423,0.34601778873310685,0.5,6.5,6.5
9,3,Michael Irvin,0.0597618216984916,0.2176542635658914,14.0,Safe,Improved,-0.24378094907033587,-0.1598848052734296,-0.20183287717188275,0.5,12.0,16.0
9,3,Joanna Krupa,0.0702269380053002,0.2176542635658918,23.0,Safe,Improved,0.7887030705216749,0.45118317446922573,0.6199431224954504,0.5,3.0,3.0
9,3,Kathy Ireland,0.065991472868217,0.2176542635658914,0.0,Safe,Improved,-1.8498672017690192,0.20387038321968876,-0.8229984092746652,0.5,14.5,12.5
9,3,Tom DeLay,0.0609246124239049,0.2176542635658922,15.0,Safe,Improved,-0.12906050244900136,-0.09198836164006798,-0.11052443204453466,0.5,11.0,14.0
9,3,Macy Gray,0.0659914728682171,0.2176542635658916,0.0,Safe,Improved,-1.8498672017690192,0.20387038321969525,-0.822998409274662,0.5,13.0,10.0
9,3,Aaron Carter,0.0679013565822125,0.217654263565892,21.0,Safe,Improved,0.5592621772790058,0.3153902888222034,0.4373262330506046,0.5,4.5,4.5
9,3,Mya,0.074878100768259,0.2176542635658921,27.0,Safe,Improved,1.247584857007013,0.7227689409041758,0.9851768989555943,0.5,1.0,1.0
9,3,Donny Osmond,0.0679013565822125,0.2176542635658918,21.0,Safe,Improved,0.5592621772790058,0.3153902888222034,0.4373262330506046,0.5,4.5,4.5
9,3,Kelly Osbourne,0.0667385658845381,0.2176542635658904,20.0,Safe,Improved,0.44454173065767133,0.2474938468085423,0.34601778873310685,0.5,6.5,6.5
9,4,Ashley Hamiliton,0.0703479338842975,0.3602041322314038,0.0,Safe,Improved,-1.3532722923583573,0.4506652979845922,-0.45130349718688256,0.5,13.0,9.5
9,4,Debi Mazar,0.0703479338842975,0.3602041322314049,0.0,Safe,Improved,-1.3532722923583573,0.4506652979845922,-0.45130349718688256,0.5,13.0,9.5
9,4,Melissa Joan Hart,0.071644214876033,0.3602041322314051,28.0,Safe,Improved,1.1519590587843869,0.5251038531540119,0.8385314559691994,0.5,1.5,1.5
9,4,Mark Dacascos,0.0642061983471074,0.360204132231405,22.0,Safe,Improved,0.6151237692537987,0.09797793888892058,0.35655085407135967,0.5,7.0,9.5
9,4,Chuck Liddell,0.0,0.9453416838842976,17.0,Eliminated,Improved,0.16776102797830877,-3.5890441406997384,-1.710641556360715,0.5,16.0,15.0
9,4,Natalie Coughlin,0.0666855371900826,0.3602041322314053,24.0,Safe,Improved,0.7940688657639948,0.24035324364395128,0.517211054703973,0.5,4.5,4.5
9,4,Louie Vito,0.0567681818181818,0.3602041322314061,16.0,Safe,Improved,0.07828847972321076,-0.3291479753761715,-0.12542974782648036,0.5,9.5,15.0
9,4,Michael Irvin,0.0567681818181818,0.3602041322314057,16.0,Safe,Improved,0.07828847972321076,-0.3291479753761715,-0.12542974782648036,0.5,9.5,15.0
9,4,Joanna Krupa,0.0691648760330578,0.3602041322314051,26.0,Safe,Improved,0.9730139622741908,0.38272854839898196,0.6778712553365864,0.5,3.0,3.0
9,4,Kathy Ireland,0.0703479338842975,0.3602041322314048,0.0,Safe,Improved,-1.3532722923583573,0.4506652979845922,-0.45130349718688256,0.5,13.0,9.5
9,4,Tom DeLay,0.0703479338842975,0.3602041322314057,0.0,Safe,Improved,-1.3532722923583573,0.4506652979845922,-0.45130349718688256,0.5,13.0,9.5
9,4,Macy Gray,0.0703479338842975,0.3602041322314052,0.0,Safe,Improved,-1.3532722923583573,0.4506652979845922,-0.45130349718688256,0.5,13.0,9.5
9,4,Aaron Carter,0.059247520661157,0.3602041322314054,18.0,Safe,Improved,0.25723357623340676,-0.18677267062114083,0.03523045280613296,0.5,8.0,13.0
9,4,Mya,0.071644214876033,0.3602041322314054,28.0,Safe,Improved,1.1519590587843869,0.5251038531540119,0.8385314559691994,0.5,1.5,1.5
9,4,Donny Osmond,0.0666855371900826,0.3602041322314055,24.0,Safe,Improved,0.7940688657639948,0.24035324364395128,0.517211054703973,0.5,4.5,4.5
9,4,Kelly Osbourne,0.065445867768595,0.3602041322314048,23.0,Safe,Improved,0.7045963175088968,0.16916559126643552,0.43688095438766616,0.5,6.0,6.0
9,5,Ashley Hamiliton,0.0910090909090909,0.550386776859498,0.0,Safe,Improved,-1.2344710998698594,1.094918234613997,-0.0697764326279312,0.5,10.5,7.0
9,5,Debi Mazar,0.0910090909090908,0.5503867768595045,0.0,Safe,Improved,-1.2344710998698594,1.0949182346139934,-0.06977643262793298,0.5,13.5,11.5
9,5,Melissa Joan Hart,0.0486477502295684,0.5503867768595054,23.0,Safe,Improved,0.6427411511719102,-0.5320085762270528,0.05536628747242872,0.5,7.0,13.0
9,5,Mark Dacascos,0.0523667584940312,0.5503867768595061,26.0,Safe,Improved,0.8875949230469236,-0.3891765940910671,0.24920916447792824,0.5,3.0,3.0
9,5,Chuck Liddell,0.0910090909090909,0.550386776859504,0.0,Safe,Improved,-1.2344710998698594,1.094918234613997,-0.0697764326279312,0.5,10.5,7.0
9,5,Natalie Coughlin,0.0,0.9660028409090908,22.0,Eliminated,Improved,0.5611232272135724,-2.4003708108964354,-0.9196237918414315,0.5,16.0,15.0
9,5,Louie Vito,0.0474080808080808,0.550386776859505,22.0,Safe,Improved,0.5611232272135724,-0.5796192369390482,-0.009248004862737857,0.5,8.0,14.0
9,5,Michael Irvin,0.0461684113865932,0.5503867768595052,21.0,Safe,Improved,0.4795053032552346,-0.6272298976510435,-0.07386229719790446,0.5,15.0,16.0
9,5,Joanna Krupa,0.049887419651056,0.5503867768595054,24.0,Safe,Improved,0.724359075130248,-0.4843979155150575,0.11998057980759524,0.5,5.0,7.0
9,5,Kathy Ireland,0.0910090909090909,0.5503867768595045,0.0,Safe,Improved,-1.2344710998698594,1.094918234613997,-0.0697764326279312,0.5,10.5,7.0
9,5,Tom DeLay,0.0910090909090908,0.550386776859505,0.0,Safe,Improved,-1.2344710998698594,1.0949182346139934,-0.06977643262793298,0.5,13.5,11.5
9,5,Macy Gray,0.0910090909090909,0.5503867768595045,0.0,Safe,Improved,-1.2344710998698594,1.094918234613997,-0.0697764326279312,0.5,10.5,7.0
9,5,Aaron Carter,0.049887419651056,0.5503867768595053,24.0,Safe,Improved,0.724359075130248,-0.4843979155150575,0.11998057980759524,0.5,5.0,7.0
9,5,Mya,0.0536064279155188,0.5503867768595052,27.0,Safe,Improved,0.9692128470052614,-0.34156593337907176,0.31382345681309487,0.5,2.0,2.0
9,5,Donny Osmond,0.056085766758494,0.5503867768595049,29.0,Safe,Improved,1.132448694921937,-0.24634461195508114,0.4430520414834279,0.5,1.0,1.0
9,5,Kelly Osbourne,0.049887419651056,0.5503867768595072,24.0,Safe,Improved,0.724359075130248,-0.4843979155150575,0.11998057980759524,0.5,5.0,7.0
9,6,Ashley Hamiliton,0.0924076272187096,0.6547457248505876,0.0,Safe,Improved,-1.0645724014815199,1.0118117503302444,-0.026380325575637742,0.5,7.0,5.5
9,6,Debi Mazar,0.0924076272187095,0.6547457248505855,0.0,Safe,Improved,-1.0645724014815199,1.011811750330241,-0.026380325575639407,0.5,10.5,10.5
9,6,Melissa Joan Hart,5.551115123125783e-17,0.968731311561049,23.9999,Eliminated,Improved,0.5077180366510017,-2.114451739457269,-0.8033668514031337,0.5,16.0,15.5
9,6,Mark Dacascos,0.0470280669385009,0.6547457248505856,32.0,Safe,Improved,1.0318235843451165,-0.5234344923944504,0.25419454597533303,0.5,4.0,5.5
9,6,Chuck Liddell,0.0924076272187096,0.6547457248505862,0.0,Safe,Improved,-1.0645724014815199,1.0118117503302444,-0.026380325575637742,0.5,7.0,5.5
9,6,Natalie Coughlin,0.0924076272187095,0.6547457248505866,0.0,Safe,Improved,-1.0645724014815199,1.011811750330241,-0.026380325575639407,0.5,10.5,10.5
9,6,Louie Vito,0.0377972657549583,0.6547457248505871,24.0,Eliminated,Improved,0.5077245878884573,-0.8357238303004648,-0.16399962120600375,0.5,14.0,14.0
9,6,Michael Irvin,0.0354893346890431,0.6547457248505857,21.9998,Safe,Improved,0.3766867362993812,-0.9138039720104149,-0.2685586178555168,0.5,15.0,15.5
9,6,Joanna Krupa,0.0516433521452574,0.6547457248505861,35.9999,Safe,Improved,1.29386653133599,-0.36729372705816726,0.46328640213891137,0.5,1.0,1.0
9,6,Kathy Ireland,0.0924076272187095,0.6547457248505864,0.0,Safe,Improved,-1.0645724014815199,1.011811750330241,-0.026380325575639407,0.5,10.5,10.5
9,6,Tom DeLay,0.0924076272187095,0.6547457248505864,0.0,Safe,Improved,-1.0645724014815199,1.011811750330241,-0.026380325575639407,0.5,10.5,10.5
9,6,Macy Gray,0.0924076272187096,0.6547457248505869,0.0,Safe,Improved,-1.0645724014815199,1.0118117503302444,-0.026380325575637742,0.5,7.0,5.5
9,6,Aaron Carter,0.0481816863164141,0.6547457248505862,32.9998,Safe,Improved,1.0973228564272874,-0.4844061323896476,0.30645836201881993,0.5,3.0,3.0
9,6,Mya,0.0481819170864437,0.6547457248505866,33.0,Safe,Improved,1.097335958902199,-0.48439832515619957,0.30646881687299965,0.5,2.0,2.0
9,6,Donny Osmond,0.0458741014055433,0.6547457248505875,30.9999,Safe,Improved,0.9663046585505783,-0.5624745632494254,0.2019150476505765,0.5,5.0,8.0
9,6,Kelly Osbourne,0.0389508851328716,0.654745724850586,24.9998,Safe,Improved,0.5732238599706283,-0.7966954702956585,-0.11173580516251508,0.5,13.0,13.0
10,2,Aiden Turner,0.0895454545447931,0.0823181818181817,19.0,Safe,Improved,-0.22360679774997896,-0.1370482430380094,-0.1803275203939942,0.5,7.0,8.0
10,2,Shannen Doherty,0.0652363636381275,0.909181818181818,20.0,Eliminated,Improved,0.0,-2.580161587500181,-1.2900807937500904,0.5,11.0,9.0
10,2,Niecy Nash,0.0922727272720658,0.0823181818181816,21.0,Safe,Improved,0.22360679774997896,0.13704824290506082,0.1803275203275199,0.5,5.0,5.0
10,2,Buzz Aldrin,0.1017000000017638,0.082318181818182,12.0,Safe,Improved,-1.7888543819998317,1.084508429558693,-0.3521729762205693,0.5,8.0,6.0
10,2,Chad Ochocinco,0.085454545453884,0.0823181818181814,16.0,Safe,Improved,-0.8944271909999159,-0.5481929719526182,-0.721310081476267,0.5,10.0,10.5
10,2,Evan Lysacek,0.0963636363629749,0.0823181818181817,24.0,Safe,Improved,0.8944271909999159,0.548192971819671,0.7213100814097935,0.5,2.0,2.0
10,2,Pamela Anderson,0.0936363636357021,0.0823181818181824,22.0,Safe,Improved,0.4472135954999579,0.274096485876591,0.3606550406882745,0.5,4.0,4.0
10,2,Nicole Scherzinger,0.1018181818175203,0.0823181818181821,28.0,Safe,Improved,1.7888543819998317,1.09638594370581,1.4426201628528208,0.5,1.0,1.0
10,2,Erin Andrews,0.0949999999993385,0.0823181818181818,23.0,Safe,Improved,0.6708203932499369,0.411144728848131,0.540982561049034,0.5,3.0,3.0
10,2,Kate Gosselin,0.0880636363654002,0.0823181818181818,15.0,Safe,Improved,-1.118033988749895,-0.2859740001566663,-0.7020039944532805,0.5,9.0,10.5
10,2,Jake Pavelka,0.0909090909084294,0.0823181818181816,20.0,Safe,Improved,0.0,-6.647917585214507e-11,-3.3239587926072537e-11,0.5,6.0,7.0
10,3,Aiden Turner,0.093193013882669,0.0641394088669953,20.0,Safe,Improved,0.2175343528169486,0.13242183558238274,0.17497809419966567,0.5,7.5,8.5
10,3,Shannen Doherty,0.1053119793999104,0.0641394088669954,0.0,Safe,Improved,-2.597616095402384,0.8350793585016025,-0.8812683684503908,0.5,10.0,7.0
10,3,Niecy Nash,0.0946708463949843,0.0641394088669954,21.0,Safe,Improved,0.3582918752279152,0.21810655272392684,0.288199213975921,0.5,5.0,5.0
10,3,Buzz Aldrin,0.0411725705329153,0.8823121361397225,13.0,Eliminated,Improved,-0.7677683040598178,-2.8837230501584816,-1.8257456771091496,0.5,11.0,11.0
10,3,Chad Ochocinco,0.093193013882669,0.0641394088669946,20.0,Safe,Improved,0.2175343528169486,0.13242183558238274,0.17497809419966567,0.5,7.5,8.5
10,3,Evan Lysacek,0.1020600089565606,0.0641394088669949,26.0,Safe,Improved,1.0620794872827484,0.6465301384316361,0.8543048128571922,0.5,1.0,1.0
10,3,Pamela Anderson,0.0946708463949843,0.0641394088669949,21.0,Safe,Improved,0.3582918752279152,0.21810655272392684,0.288199213975921,0.5,5.0,5.0
10,3,Nicole Scherzinger,0.0976265114196148,0.0641394088669951,23.0,Safe,Improved,0.6398069200498485,0.3894759870070094,0.5146414535284289,0.5,2.5,2.5
10,3,Erin Andrews,0.0976265114196148,0.0641394088669953,23.0,Safe,Improved,0.6398069200498485,0.3894759870070094,0.5146414535284289,0.5,2.5,2.5
10,3,Kate Gosselin,0.0858038513210927,0.0641394088669953,15.0,Safe,Improved,-0.48625325923788454,-0.2960017501253265,-0.3911275046816055,0.5,9.0,10.0
10,3,Jake Pavelka,0.0946708463949843,0.0641394088669946,21.0,Safe,Improved,0.3582918752279152,0.21810655272392684,0.288199213975921,0.5,5.0,5.0
10,4,Aiden Turner,0.0131653843012334,0.907221514334722,16.5,Eliminated,Improved,-0.040591255697892445,-2.9573383931868076,-1.49896482444235,0.5,11.0,10.5
10,4,Shannen Doherty,0.102214171363228,0.1808929919137464,0.0,Safe,Improved,-1.8824194829897638,0.4300405772228307,-0.7261894528834666,0.5,9.0,6.0
10,4,Niecy Nash,0.0927468757657437,0.1808929919137472,18.0,Safe,Improved,0.12684767405591404,0.0699085746247063,0.09837812434031018,0.5,7.0,9.0
10,4,Buzz Aldrin,0.1022141713632278,0.1808929919137476,0.0,Safe,Improved,-1.8824194829897638,0.4300405772228233,-0.7261894528834703,0.5,10.0,8.0
10,4,Chad Ochocinco,0.0992158784611614,0.1808929919137466,22.0,Safe,Improved,0.5733514867327313,0.3159867573036647,0.44466912201819797,0.5,4.0,4.0
10,4,Evan Lysacek,0.1056848811565792,0.1808929919137473,26.0,Safe,Improved,1.0198552994095487,0.5620649399826273,0.790960119696088,0.5,1.0,1.0
10,4,Pamela Anderson,0.1016417544719431,0.1808929919137468,23.5,Safe,Improved,0.7407904164865378,0.4082660758082766,0.5745282461474072,0.5,3.0,3.0
10,4,Nicole Scherzinger,0.1040676304827248,0.1808929919137469,25.0,Safe,Improved,0.9082293462403442,0.5005453943128885,0.7043873702766164,0.5,2.0,2.0
10,4,Erin Andrews,0.0951727517765253,0.1808929919137469,19.5,Safe,Improved,0.2942866038097205,0.16218789312931453,0.2282372484695175,0.5,5.0,5.0
10,4,Kate Gosselin,0.0895123744180348,0.1808929919137467,16.0,Safe,Improved,-0.0964042322824946,-0.05313051671477447,-0.07476737449863453,0.5,8.0,10.5
10,4,Jake Pavelka,0.0943641264395981,0.1808929919137466,19.0,Safe,Improved,0.23847362722511836,0.13142812029444512,0.18495087375978175,0.5,6.0,7.0
10,5,Aiden Turner,0.0918405543878087,0.2604156069364156,0.0,Safe,Improved,-1.4501608862236803,0.03161443263586591,-0.7092732267939073,0.5,8.0,8.0
10,5,Shannen Doherty,0.0918405543878086,0.2604156069364158,0.0,Safe,Improved,-1.4501608862236803,0.031614432635862146,-0.7092732267939091,0.5,9.5,10.5
10,5,Niecy Nash,0.0948502364687336,0.2604156069364168,18.0,Safe,Improved,0.20956082170862442,0.13376485890243822,0.1716628403055313,0.5,6.5,6.5
10,5,Buzz Aldrin,0.0918405543878086,0.2604156069364162,0.0,Safe,Improved,-1.4501608862236803,0.031614432635862146,-0.7092732267939091,0.5,9.5,10.5
10,5,Chad Ochocinco,0.0948502364687336,0.2604156069364167,18.0,Safe,Improved,0.20956082170862442,0.13376485890243822,0.1716628403055313,0.5,6.5,6.5
10,5,Evan Lysacek,0.1104571728849185,0.2604156069364169,27.0,Safe,Improved,1.0394216756747767,0.6634737001560816,0.8514476879154291,0.5,2.0,2.0
10,5,Pamela Anderson,0.1000525486074619,0.2604156069364162,21.0,Safe,Improved,0.4861811063640086,0.3103344726536529,0.39825778950883073,0.5,5.0,5.0
10,5,Nicole Scherzinger,0.1139253809774041,0.2604156069364166,29.0,Safe,Improved,1.2238351987783662,0.7811867759902266,1.0025109873842963,0.5,1.0,1.0
10,5,Erin Andrews,0.1017866526537046,0.2604156069364161,22.0,Safe,Improved,0.5783878679158032,0.36919101057072173,0.47378943924326244,0.5,4.0,4.0
10,5,Kate Gosselin,0.0050353520756699,0.9049779295848652,15.0,Eliminated,Improved,-0.06705946294675973,-2.9146065235709417,-1.4908329932588507,0.5,11.0,9.0
10,5,Jake Pavelka,0.1035207566999474,0.2604156069364163,23.0,Safe,Improved,0.670594629467598,0.4280475484877944,0.5493210889776962,0.5,3.0,3.0
10,6,Aiden Turner,0.1197171470430762,0.4788685881723052,0.0,Safe,Improved,-1.2336617626424802,0.8372913465114645,-0.19818520806550782,0.5,8.0,5.0
10,6,Shannen Doherty,0.1197171470430762,0.478868588172305,0.0,Safe,Improved,-1.2336617626424802,0.8372913465114645,-0.19818520806550782,0.5,8.0,5.0
10,6,Niecy Nash,0.0801565047347048,0.478868588172305,25.9998,Safe,Improved,0.4544996333998585,-0.3125183911944424,0.07099062110270804,0.5,6.0,10.0
10,6,Buzz Aldrin,0.1197171470430762,0.4788685881723045,0.0,Safe,Improved,-1.2336617626424802,0.8372913465114645,-0.19818520806550782,0.5,8.0,5.0
10,6,Chad Ochocinco,0.0873337058066701,0.4788685881723051,30.9999,Safe,Improved,0.7791550459934667,-0.10391673054160994,0.33761915772592843,0.5,3.0,3.0
10,6,Evan Lysacek,0.081592203323169,0.4788685881723042,27.0,Safe,Improved,0.5194424032796863,-0.27079054955428195,0.12432592686270216,0.5,5.0,9.0
10,6,Pamela Anderson,0.0858981507593566,0.4788685881723052,29.9998,Safe,Improved,0.7142187690920313,-0.1456404002319943,0.2842891844300185,0.5,4.0,7.0
10,6,Nicole Scherzinger,0.0945107633374848,0.4788685881723048,35.9999,Safe,Improved,1.1038039656086824,0.10468075816144883,0.6042423618850656,0.5,1.0,1.0
10,6,Erin Andrews,0.0916400838663096,0.4788685881723055,34.0,Safe,Improved,0.9739508907409886,0.0212459346300013,0.497598412685495,0.5,2.0,2.0
10,6,Kate Gosselin,0.1197171470430761,0.4788685881723047,0.0,Safe,Improved,-1.2336617626424802,0.8372913465114613,-0.19818520806550943,0.5,10.0,8.0
10,6,Jake Pavelka,2.775557561562892e-17,0.9378898743158038,24.9999,Eliminated,Improved,0.38957634245520756,-2.642226007314979,-1.1263248324298856,0.5,11.0,11.0
10,7,Aiden Turner,0.1640871382636657,0.8270665594855283,0.0,Safe,Improved,-1.0431262330668987,1.0330435777284996,-0.0050413276691995135,0.5,5.0,3.0
10,7,Shannen Doherty,0.1640871382636655,0.8270665594855298,0.0,Safe,Improved,-1.0431262330668987,1.0330435777284968,-0.005041327669200957,0.5,7.5,6.5
10,7,Niecy Nash,0.0330189710610933,0.8270665594855303,24.5,Safe,Improved,0.7647356306728389,-0.8172261857868284,-0.02624527755699474,0.5,10.0,11.0
10,7,Buzz Aldrin,0.1640871382636656,0.8270665594855313,0.0,Safe,Improved,-1.0431262330668987,1.0330435777284983,-0.00504132766920018,0.5,6.0,4.5
10,7,Chad Ochocinco,0.0359128617363344,0.8270665594855295,26.0,Safe,Improved,0.8754210509018024,-0.7763735628380237,0.04952374403188936,0.5,3.0,4.5
10,7,Evan Lysacek,0.0378421221864952,0.8270665594855302,27.0,Safe,Improved,0.9492113310544448,-0.7491384808721531,0.10003642509114585,0.5,1.5,1.5
10,7,Pamela Anderson,0.0,0.9822598655363928,25.5,Eliminated,Improved,0.8385259108254812,-1.2833500744523707,-0.22241208181344474,0.5,11.0,10.0
10,7,Nicole Scherzinger,0.0378421221864952,0.8270665594855308,27.0,Safe,Improved,0.9492113310544448,-0.7491384808721531,0.10003642509114585,0.5,1.5,1.5
10,7,Erin Andrews,0.034948231511254,0.8270665594855303,25.5,Safe,Improved,0.8385259108254812,-0.789991103820959,0.024267403502261087,0.5,4.0,8.0
10,7,Kate Gosselin,0.1640871382636654,0.8270665594855304,0.0,Safe,Improved,-1.0431262330668987,1.0330435777284952,-0.005041327669201734,0.5,9.0,9.0
10,7,Jake Pavelka,0.1640871382636655,0.8270665594855312,0.0,Safe,Improved,-1.0431262330668987,1.0330435777284968,-0.005041327669200957,0.5,7.5,6.5
11,1,David Hasselhoff,0.0780904552129221,0.8995042951541856,15.0,Eliminated,Improved,-1.1622585804299177,-1.1772098261902266,-1.1697342033100722,0.5,12.0,12.0
11,1,Florence Henderson,0.0821218795888399,0.0001999999999947,18.0,Safe,Improved,-0.2720179656325342,-0.2720138098271695,-0.27201588772985186,0.5,7.5,7.5
11,1,Kyle Massey,0.0887298091042584,0.0001999999999973,23.0,Safe,Improved,1.211716392363105,1.2116978801392175,1.211707136251161,0.5,2.5,2.5
11,1,Jennifer Grey,0.0900513950073421,0.0002,24.0,Safe,Improved,1.5084632639622328,1.5084402181324963,1.5084517410473646,0.5,1.0,1.0
11,1,Rick Fox,0.0874082232011747,0.0002000000000064,22.0,Safe,Improved,0.9149695207639771,0.914955542145939,0.9149625314549581,0.5,4.0,4.0
11,1,Kurt Warner,0.0834434654919236,0.0001999999999969,19.0,Safe,Improved,0.024728905966593634,0.02472852816610604,0.024728717066349836,0.5,5.5,5.5
11,1,Margaret Cho,0.0781904552129221,0.0002000000000014,15.0,Safe,Improved,-1.1622585804299177,-1.1547563226154012,-1.1585074515226594,0.5,10.5,10.5
11,1,Michael Bolton,0.0794787077826725,0.0001999999999984,16.0,Safe,Improved,-0.8655117088307899,-0.8654984858137238,-0.8655050973222569,0.5,9.0,9.0
11,1,Brandy,0.0887298091042584,0.0002000000000008,23.0,Safe,Improved,1.211716392363105,1.2116978801392175,1.211707136251161,0.5,2.5,2.5
11,1,The Situation,0.0781904552129221,0.0002000000000047,15.0,Safe,Improved,-1.1622585804299177,-1.1547563226154012,-1.1585074515226594,0.5,10.5,10.5
11,1,Audrina Patridge,0.0834434654919236,0.0001999999999952,19.0,Safe,Improved,0.024728905966593634,0.02472852816610604,0.024728717066349836,0.5,5.5,5.5
11,1,Bristol Palin,0.0821218795888399,0.0002000000000096,18.0,Safe,Improved,-0.2720179656325342,-0.2720138098271695,-0.27201588772985186,0.5,7.5,7.5
11,2,David Hasselhoff,0.0936774509864554,0.0543986425339375,0.0,Safe,Improved,-2.7911128402197414,0.726594604563515,-1.0322591178281133,0.5,11.0,6.5
11,2,Florence Henderson,0.0841251885357405,0.0543986425339368,19.0,Safe,Improved,0.08840628905673371,0.0556217298525188,0.07201400945462626,0.5,8.0,9.0
11,2,Kyle Massey,0.0881975867257858,0.0543986425339372,22.0,Safe,Improved,0.5430672042056508,0.3416763409607023,0.44237177258317656,0.5,3.5,3.5
11,2,Jennifer Grey,0.0909125188524826,0.054398642533937,24.0,Safe,Improved,0.8461744809715956,0.5323794150328195,0.6892769480022076,0.5,1.0,1.0
11,2,Rick Fox,0.0868401206624374,0.0543986425339367,21.0,Safe,Improved,0.3915135658226785,0.24632480392464373,0.3189191848736611,0.5,6.0,6.5
11,2,Kurt Warner,0.0868401206624374,0.054398642533937,21.0,Safe,Improved,0.3915135658226785,0.24632480392464373,0.3189191848736611,0.5,6.0,6.5
11,2,Margaret Cho,0.0827677224723921,0.0543986425339368,18.0,Safe,Improved,-0.06314734932623867,-0.039729807183539766,-0.05143857825488922,0.5,9.5,10.5
11,2,Michael Bolton,0.0392788084525188,0.8877236425339365,12.0,Eliminated,Improved,-0.972469179624073,-3.0944911067738663,-2.0334801431989695,0.5,12.0,12.0
11,2,Brandy,0.0868401206624374,0.0543986425339368,21.0,Safe,Improved,0.3915135658226785,0.24632480392464373,0.3189191848736611,0.5,6.0,6.5
11,2,The Situation,0.0827677224723921,0.0543986425339368,18.0,Safe,Improved,-0.06314734932623867,-0.039729807183539766,-0.05143857825488922,0.5,9.5,10.5
11,2,Audrina Patridge,0.0895550527891342,0.0543986425339368,23.0,Safe,Improved,0.6946208425886232,0.43702787799676085,0.565824360292692,0.5,2.0,2.0
11,2,Bristol Palin,0.0881975867257858,0.054398642533936,22.0,Safe,Improved,0.5430672042056508,0.3416763409607023,0.44237177258317656,0.5,3.5,3.5
11,3,David Hasselhoff,0.0936607843137254,0.163095927601811,0.0,Safe,Improved,-2.0626626663550716,0.45563472186643544,-0.8035139722443181,0.5,10.5,6.5
11,3,Florence Henderson,0.0854826546003016,0.1630959276018104,20.0,Safe,Improved,0.17733298941514175,0.0948254704414522,0.13607922992829696,0.5,7.5,9.5
11,3,Kyle Massey,0.0895550527903469,0.1630959276018101,23.0,Safe,Improved,0.5133323377806738,0.2744947828568389,0.39391356031875635,0.5,5.5,6.5
11,3,Jennifer Grey,0.0909125188536953,0.1630959276018103,24.0,Safe,Improved,0.6253321205691844,0.334384553661967,0.4798583371155757,0.5,3.0,3.0
11,3,Rick Fox,0.0909125188536953,0.1630959276018102,24.0,Safe,Improved,0.6253321205691844,0.334384553661967,0.4798583371155757,0.5,3.0,3.0
11,3,Kurt Warner,0.0895550527903469,0.1630959276018102,23.0,Safe,Improved,0.5133323377806738,0.2744947828568389,0.39391356031875635,0.5,5.5,6.5
11,3,Margaret Cho,0.0121128205128205,0.9148729638009048,18.0,Eliminated,Improved,-0.04666657616187958,-3.142163406223904,-1.5944149911928918,0.5,12.0,12.0
11,3,Michael Bolton,0.0936607843137254,0.1630959276018105,0.0,Safe,Improved,-2.0626626663550716,0.45563472186643544,-0.8035139722443181,0.5,10.5,6.5
11,3,Brandy,0.0909125188536953,0.1630959276018101,24.0,Safe,Improved,0.6253321205691844,0.334384553661967,0.4798583371155757,0.5,3.0,3.0
11,3,The Situation,0.0854826546003016,0.1630959276018099,20.0,Safe,Improved,0.17733298941514175,0.0948254704414522,0.13607922992829696,0.5,7.5,9.5
11,3,Audrina Patridge,0.0936274509803921,0.1630959276018104,26.0,Safe,Improved,0.8493316861462058,0.454164095272222,0.6517478907092139,0.5,1.0,1.0
11,3,Bristol Palin,0.0841251885369532,0.1630959276018102,19.0,Safe,Improved,0.06533320662663109,0.03493569963632411,0.0501344531314776,0.5,9.0,11.0
11,4,David Hasselhoff,0.0837773277467411,0.2349368715083803,0.0,Safe,Improved,-1.5293813975980088,0.01744421533831566,-0.7559685911298466,0.5,10.0,10.5
11,4,Florence Henderson,0.0876629422718808,0.2349368715083798,17.5,Safe,Improved,0.26486493477954354,0.17010716435602916,0.21748604956778633,0.5,6.0,6.0
11,4,Kyle Massey,0.091852886405959,0.2349368715083805,20.0,Safe,Improved,0.5211858394049081,0.33472700082960444,0.4279564201172563,0.5,4.0,4.0
11,4,Jennifer Grey,0.1052607076350093,0.2349368715083802,28.0,Safe,Improved,1.3414127342060749,0.8615104775450486,1.1014616058755617,0.5,1.0,1.0
11,4,Rick Fox,0.0910148975791434,0.2349368715083797,19.5,Safe,Improved,0.4699216584798352,0.3018030335348909,0.385862346007363,0.5,5.0,5.0
11,4,Kurt Warner,0.0868249534450651,0.23493687150838,17.0,Safe,Improved,0.21360075385447058,0.13718319706131182,0.1753919754578912,0.5,7.0,7.0
11,4,Margaret Cho,0.0837773277467411,0.2349368715083803,0.0,Safe,Improved,-1.5293813975980088,0.01744421533831566,-0.7559685911298466,0.5,10.0,10.5
11,4,Michael Bolton,0.0837773277467411,0.2349368715083796,0.0,Safe,Improved,-1.5293813975980088,0.01744421533831566,-0.7559685911298466,0.5,10.0,10.5
11,4,Brandy,0.0985567970204841,0.2349368715083802,24.0,Safe,Improved,0.9312992868054916,0.5981187391873246,0.764709012996408,0.5,2.0,2.0
11,4,The Situation,0.0054650372439478,0.9116372905027934,14.0,Eliminated,Improved,-0.09398433169596697,-3.0593883255989387,-1.5766863286474528,0.5,12.0,10.5
11,4,Audrina Patridge,0.0968808193668529,0.2349368715083801,23.0,Safe,Improved,0.8287709249553457,0.5322708045978976,0.6805208647766217,0.5,3.0,3.0
11,4,Bristol Palin,0.0851489757914339,0.2349368715083798,16.0,Safe,Improved,0.11107239200432473,0.07133526247188476,0.09120382723810475,0.5,8.0,8.0
11,5,David Hasselhoff,0.1154846153846153,0.4841164835164819,0.0,Safe,Improved,-1.3257312997739896,0.9933196952533627,-0.16620580226031345,0.5,9.5,6.5
11,5,Florence Henderson,0.0,0.9488096153846158,21.0,Eliminated,Improved,0.5098966537592269,-2.5745984604621017,-1.0323509033514373,0.5,12.0,11.0
11,5,Kyle Massey,0.0719208791208791,0.4841164835164837,20.0,Safe,Improved,0.42248579882907367,-0.352589844545745,0.03494797714166434,0.5,6.0,10.0
11,5,Jennifer Grey,0.0801626373626373,0.4841164835164847,25.0,Safe,Improved,0.8595400734798395,-0.09795922757696685,0.38079042295143634,0.5,2.0,2.0
11,5,Rick Fox,0.0785142857142857,0.4841164835164833,24.0,Safe,Improved,0.7721292185496863,-0.14888535097072128,0.3116219337894825,0.5,3.5,3.5
11,5,Kurt Warner,0.0785142857142857,0.4841164835164839,24.0,Safe,Improved,0.7721292185496863,-0.14888535097072128,0.3116219337894825,0.5,3.5,3.5
11,5,Margaret Cho,0.1154846153846153,0.484116483516484,0.0,Safe,Improved,-1.3257312997739896,0.9933196952533627,-0.16620580226031345,0.5,9.5,6.5
11,5,Michael Bolton,0.1154846153846153,0.4841164835164846,0.0,Safe,Improved,-1.3257312997739896,0.9933196952533627,-0.16620580226031345,0.5,9.5,6.5
11,5,Brandy,0.0834593406593406,0.4841164835164844,27.0,Safe,Improved,1.034361783340146,0.0038930192105450082,0.5191274012753455,0.5,1.0,1.0
11,5,The Situation,0.1154846153846153,0.4841164835164844,0.0,Safe,Improved,-1.3257312997739896,0.9933196952533627,-0.16620580226031345,0.5,9.5,6.5
11,5,Audrina Patridge,0.076865934065934,0.484116483516484,23.0,Safe,Improved,0.6847183636195332,-0.19981147436447871,0.24245344462752724,0.5,5.0,9.0
11,5,Bristol Palin,0.0686241758241758,0.4841164835164844,18.0,Safe,Improved,0.24766408896876735,-0.45444209133325686,-0.10338900118224476,0.5,7.0,12.0
11,6,David Hasselhoff,0.1546889285615941,0.8753913626761023,0.0,Safe,Improved,-1.1096537560700088,1.1145975248511302,0.0024718843905606747,0.5,7.0,8.5
11,6,Florence Henderson,0.1546889285615941,0.8753913626761063,0.0,Safe,Improved,-1.1096537560700088,1.1145975248511302,0.0024718843905606747,0.5,7.0,8.5
11,6,Kyle Massey,0.0347597024917475,0.8753913626761062,29.9999,Safe,Improved,0.8201789564111248,-0.7587358571654317,0.030721549622846567,0.5,3.0,5.5
11,6,Jennifer Grey,0.0333105671565072,0.8753913626761071,29.0,Safe,Improved,0.7558574176989996,-0.7813718207877131,-0.012757201544356722,0.5,9.0,11.0
11,6,Rick Fox,0.0347598474197738,0.8753913626761056,30.0,Safe,Improved,0.8201853892082758,-0.7587335933426875,0.030725897932794122,0.5,2.0,2.0
11,6,Kurt Warner,0.0484088590154651,0.8753913626761064,21.9999,Safe,Improved,0.30555518433691564,-0.5455316083749182,-0.11998821201900128,0.5,11.0,5.5
11,6,Margaret Cho,0.1546889285615942,0.8753913626761073,0.0,Safe,Improved,-1.1096537560700088,1.1145975248511315,0.002471884390561341,0.5,4.5,3.5
11,6,Michael Bolton,0.1546889285615942,0.8753913626761064,0.0,Safe,Improved,-1.1096537560700088,1.1145975248511315,0.002471884390561341,0.5,4.5,3.5
11,6,Brandy,0.0434553840713471,0.875391362676107,35.9999,Safe,Improved,1.2061467854667816,-0.6229064924952784,0.2916201464857516,0.5,1.0,1.0
11,6,The Situation,0.1546889285615941,0.8753913626761065,0.0,Safe,Improved,-1.1096537560700088,1.1145975248511302,0.0024718843905606747,0.5,7.0,8.5
11,6,Audrina Patridge,0.0,0.9886719420614642,31.9998,Eliminated,Improved,0.9488284666325262,-1.3016936762114004,-0.17643260478943712,0.5,12.0,8.5
11,6,Bristol Palin,0.0318609970371881,0.8753913626761064,27.9998,Safe,Improved,0.6915165805954216,-0.8040145758782252,-0.05624899764140179,0.5,10.0,12.0
12,2,Ralph Macchio,0.0928030303030303,0.0002000000000008,21.0,Safe,Improved,0.5452563064709111,0.5452412428046765,0.5452487746377938,0.5,4.0,4.0
12,2,Chelsea Kane,0.0886363636363636,0.0001999999999977,18.0,Safe,Improved,-0.6543075677650936,-0.6542894913655893,-0.6542985295653414,0.5,7.5,7.5
12,2,Kirstie Alley,0.0914141414141414,0.0001999999999988,20.0,Safe,Improved,0.1454016817255762,0.1453976647479225,0.14539967323674935,0.5,5.0,5.0
12,2,Hines Ward,0.095580808080808,0.0001999999999999,23.0,Safe,Improved,1.3449655559615807,1.3449283989181564,1.3449469774398686,0.5,2.0,2.0
12,2,Sugar Ray Leonard,0.087280808080808,0.0001999999999965,17.0,Safe,Improved,-1.0541621925104283,-1.0445368235489902,-1.0493495080297093,0.5,9.5,9.5
12,2,Chris Jericho,0.095580808080808,0.0001999999999999,23.0,Safe,Improved,1.3449655559615807,1.3449283989181564,1.3449469774398686,0.5,2.0,2.0
12,2,Petra Nemcova,0.0886363636363636,0.0001999999999992,18.0,Safe,Improved,-0.6543075677650936,-0.6542894913655893,-0.6542985295653414,0.5,7.5,7.5
12,2,Mike Catherwood,0.087180808080808,0.8969764309764311,17.0,Eliminated,Improved,-1.0541621925104283,-1.0733255611690773,-1.063743876839753,0.5,11.0,11.0
12,2,Romeo,0.095580808080808,0.0001999999999999,23.0,Safe,Improved,1.3449655559615807,1.3449283989181564,1.3449469774398686,0.5,2.0,2.0
12,2,Wendy Williams,0.087280808080808,0.000199999999993,17.0,Safe,Improved,-1.0541621925104283,-1.0445368235489902,-1.0493495080297093,0.5,9.5,9.5
12,2,Kendra Wilkinson,0.0900252525252525,0.0002000000000055,19.0,Safe,Improved,-0.2544529430197587,-0.2544459133088354,-0.25444942816429705,0.5,6.0,6.0
12,3,Ralph Macchio,0.0930756159728122,0.0701934579439251,21.0,Safe,Improved,0.22016736033038012,0.12090861815588325,0.17053798924313168,0.5,6.0,7.0
12,3,Chelsea Kane,0.0958793542905692,0.070193457943925,23.0,Safe,Improved,0.5050898266402836,0.27737859459290665,0.39123421061659513,0.5,3.5,3.5
12,3,Kirstie Alley,0.0930756159728122,0.0701934579439254,21.0,Safe,Improved,0.22016736033038012,0.12090861815588325,0.17053798924313168,0.5,6.0,7.0
12,3,Hines Ward,0.0986830926083262,0.0701934579439255,25.0,Safe,Improved,0.790012292950187,0.4338485710299308,0.6119304319900589,0.5,1.5,1.5
12,3,Sugar Ray Leonard,0.0916737468139337,0.0701934579439254,20.0,Safe,Improved,0.0777061271754284,0.04267362993737079,0.060189878556399595,0.5,8.5,9.5
12,3,Chris Jericho,0.0930756159728122,0.0701934579439251,21.0,Safe,Improved,0.22016736033038012,0.12090861815588325,0.17053798924313168,0.5,6.0,7.0
12,3,Petra Nemcova,0.0986830926083262,0.0701934579439255,25.0,Safe,Improved,0.790012292950187,0.4338485710299308,0.6119304319900589,0.5,1.5,1.5
12,3,Mike Catherwood,0.109247111299915,0.0701934579439256,0.0,Safe,Improved,-2.7715185359236063,1.0234013639152346,-0.8740585860041858,0.5,10.0,5.0
12,3,Romeo,0.0916737468139337,0.0701934579439251,20.0,Safe,Improved,0.0777061271754284,0.04267362993737079,0.060189878556399595,0.5,8.5,9.5
12,3,Wendy Williams,0.0390536533559898,0.8883661852166528,15.0,Eliminated,Improved,-0.6346000385993302,-2.8939288095032993,-1.7642644240513148,0.5,11.0,11.0
12,3,Kendra Wilkinson,0.0958793542905692,0.0701934579439255,23.0,Safe,Improved,0.5050898266402836,0.27737859459290665,0.39123421061659513,0.5,3.5,3.5
12,4,Ralph Macchio,0.1000441306372381,0.2187466019417474,25.0,Safe,Improved,0.6596727139282706,0.3183157607941312,0.48899423736120096,0.5,2.5,2.5
12,4,Chelsea Kane,0.1015004413168497,0.2187466019417476,26.0,Safe,Improved,0.7648379291921978,0.36906175158657667,0.5669498403893872,0.5,1.0,1.0
12,4,Kirstie Alley,0.0956751985984031,0.2187466019417479,22.0,Safe,Improved,0.3441770681364891,0.16607778841678672,0.2551274282766379,0.5,7.0,9.0
12,4,Hines Ward,0.1000441306372381,0.2187466019417473,25.0,Safe,Improved,0.6596727139282706,0.3183157607941312,0.48899423736120096,0.5,2.5,2.5
12,4,Sugar Ray Leonard,0.0058027066502129,0.9202144748455428,21.0,Eliminated,Improved,0.23901185287256188,-2.965581350492603,-1.3632847488100206,0.5,11.0,10.5
12,4,Chris Jericho,0.0971315092780148,0.2187466019417472,23.0,Safe,Improved,0.44934228340041626,0.216823779209236,0.33308303130482614,0.5,5.0,6.0
12,4,Petra Nemcova,0.0971315092780148,0.2187466019417474,23.0,Safe,Improved,0.44934228340041626,0.216823779209236,0.33308303130482614,0.5,5.0,6.0
12,4,Mike Catherwood,0.1078444542230285,0.2187466019417481,0.0,Safe,Improved,-1.9694576676699092,0.5901225630131376,-0.6896675523283857,0.5,9.0,4.0
12,4,Romeo,0.0971315092780148,0.2187466019417477,23.0,Safe,Improved,0.44934228340041626,0.216823779209236,0.33308303130482614,0.5,5.0,6.0
12,4,Wendy Williams,0.1078444542230284,0.218746601941748,0.0,Safe,Improved,-1.9694576676699092,0.5901225630131337,-0.6896675523283877,0.5,10.0,8.0
12,4,Kendra Wilkinson,0.0898499558799565,0.2187466019417479,18.0,Safe,Improved,-0.07648379291921971,-0.036906174753002736,-0.056694983836111226,0.5,8.0,10.5
12,5,Ralph Macchio,0.0902369661266568,0.3407061855670097,22.0,Safe,Improved,0.3803037634975677,-0.021320119745360418,0.17949182187610366,0.5,6.5,9.5
12,5,Chelsea Kane,0.0964225331369661,0.3407061855670105,26.0,Safe,Improved,0.7289155467036715,0.17488902593612354,0.45190228631989754,0.5,3.0,3.0
12,5,Kirstie Alley,0.0917833578792341,0.3407061855670107,23.0,Safe,Improved,0.46745670929909366,0.027732166675009804,0.24759443798705175,0.5,5.0,8.0
12,5,Hines Ward,0.0979689248895434,0.340706185567011,27.0,Safe,Improved,0.8160684925051974,0.22394131235649378,0.5200049024308456,0.5,1.0,1.0
12,5,Sugar Ray Leonard,0.1135020618556701,0.34070618556701,0.0,Safe,Improved,-1.537061044136003,0.7166598503333061,-0.41020059690134847,0.5,9.0,6.0
12,5,Chris Jericho,0.0964225331369661,0.3407061855670105,26.0,Safe,Improved,0.7289155467036715,0.17488902593612354,0.45190228631989754,0.5,3.0,3.0
12,5,Petra Nemcova,1.3877787807814457e-17,0.9316747891283972,22.0,Eliminated,Improved,0.3803037634975677,-2.883679868349072,-1.251688052425752,0.5,11.0,11.0
12,5,Mike Catherwood,0.1135020618556701,0.3407061855670104,0.0,Safe,Improved,-1.537061044136003,0.7166598503333061,-0.41020059690134847,0.5,9.0,6.0
12,5,Romeo,0.0964225331369661,0.3407061855670104,26.0,Safe,Improved,0.7289155467036715,0.17488902593612354,0.45190228631989754,0.5,3.0,3.0
12,5,Wendy Williams,0.1135020618556701,0.3407061855670106,0.0,Safe,Improved,-1.537061044136003,0.7166598503333061,-0.41020059690134847,0.5,9.0,6.0
12,5,Kendra Wilkinson,0.0902369661266568,0.3407061855670104,22.0,Safe,Improved,0.3803037634975677,-0.021320119745360418,0.17949182187610366,0.5,6.5,9.5
12,6,Ralph Macchio,0.0812296296296296,0.48928888888889,24.0,Safe,Improved,0.5835331691280562,-0.2743276541302572,0.15460275749889948,0.5,6.0,10.0
12,6,Chelsea Kane,0.0878962962962962,0.4892888888888881,28.0,Safe,Improved,0.8891934005760856,-0.08538624770966949,0.40190357643320807,0.5,1.5,1.5
12,6,Kirstie Alley,0.0845629629629629,0.4892888888888886,26.0,Safe,Improved,0.7363632848520709,-0.17985695091996337,0.2782531669660538,0.5,4.0,7.0
12,6,Hines Ward,0.0862296296296296,0.4892888888888889,27.0,Safe,Improved,0.8127783427140782,-0.13262159931481485,0.3400783716996317,0.5,3.0,3.0
12,6,Sugar Ray Leonard,0.1223222222222221,0.4892888888888891,0.0,Safe,Improved,-1.2504282195601204,0.8902861815566526,-0.1800710190017339,0.5,10.0,8.0
12,6,Chris Jericho,2.775557561562892e-17,0.9404949494949494,22.0,Eliminated,Improved,0.43070305340404147,-2.5764737239171294,-1.072885335256544,0.5,11.0,11.0
12,6,Petra Nemcova,0.1223222222222222,0.4892888888888888,0.0,Safe,Improved,-1.2504282195601204,0.8902861815566554,-0.1800710190017325,0.5,8.0,5.0
12,6,Mike Catherwood,0.1223222222222222,0.489288888888889,0.0,Safe,Improved,-1.2504282195601204,0.8902861815566554,-0.1800710190017325,0.5,8.0,5.0
12,6,Romeo,0.0878962962962962,0.4892888888888889,28.0,Safe,Improved,0.8891934005760856,-0.08538624770966949,0.40190357643320807,0.5,1.5,1.5
12,6,Wendy Williams,0.1223222222222222,0.4892888888888889,0.0,Safe,Improved,-1.2504282195601204,0.8902861815566554,-0.1800710190017325,0.5,8.0,5.0
12,6,Kendra Wilkinson,0.0828962962962962,0.4892888888888886,25.0,Safe,Improved,0.6599482269900635,-0.22709230252511148,0.216427962232476,0.5,5.0,9.0
12,7,Ralph Macchio,0.0403244031830239,0.8150236074270564,33.0,Safe,Improved,0.9650646788964684,-0.7344631920808217,0.11530074340782337,0.5,1.5,1.5
12,7,Chelsea Kane,0.0387328912466844,0.8150236074270557,32.0,Safe,Improved,0.9042296561580091,-0.7575711124722386,0.07332927184288524,0.5,3.0,4.0
12,7,Kirstie Alley,0.0355498673740053,0.8150236074270554,30.0,Safe,Improved,0.7825596106810904,-0.8037869532550739,-0.010613671286991755,0.5,9.5,10.0
12,7,Hines Ward,0.0403244031830239,0.8150236074270559,33.0,Safe,Improved,0.9650646788964684,-0.7344631920808217,0.11530074340782337,0.5,1.5,1.5
12,7,Sugar Ray Leonard,0.1619037135278515,0.8150236074270558,0.0,Safe,Improved,-1.0424910714726894,1.0308047651004522,-0.00584315318611861,0.5,4.0,3.0
12,7,Chris Jericho,0.1619037135278514,0.8150236074270557,0.0,Safe,Improved,-1.0424910714726894,1.0308047651004508,-0.0058431531861192765,0.5,6.0,6.0
12,7,Petra Nemcova,0.1619037135278514,0.8150236074270558,0.0,Safe,Improved,-1.0424910714726894,1.0308047651004508,-0.0058431531861192765,0.5,6.0,6.0
12,7,Mike Catherwood,0.1619037135278514,0.8150236074270562,0.0,Safe,Improved,-1.0424910714726894,1.0308047651004508,-0.0058431531861192765,0.5,6.0,6.0
12,7,Romeo,0.0355498673740053,0.815023607427056,30.0,Safe,Improved,0.7825596106810904,-0.8037869532550739,-0.010613671286991755,0.5,9.5,10.0
12,7,Wendy Williams,0.1619037135278513,0.8150236074270558,0.0,Safe,Improved,-1.0424910714726894,1.0308047651004493,-0.005843153186120054,0.5,8.0,8.0
12,7,Kendra Wilkinson,0.0,0.9800764408005788,30.5,Eliminated,Improved,0.81297712205032,-1.319952422358225,-0.2534876501539525,0.5,11.0,10.0
13,1,Elisabetta Canalis,0.0790706605222734,4.440892098500626e-16,15.0,Safe,Improved,-1.136836028267267,-1.1368360282672547,-1.1368360282672607,0.5,11.0,11.0
13,1,David Arquette,0.0832181259600614,2.220446049250313e-16,18.0,Safe,Improved,-0.030725298061277058,-0.030725298061274352,-0.030725298061275705,0.5,6.0,6.0
13,1,Ricki Lake,0.0859831029185867,3.3306690738754696e-16,20.0,Safe,Improved,0.7066818554093828,0.706681855409373,0.7066818554093779,0.5,4.0,4.0
13,1,J.R. Martinez,0.0887480798771121,4.440892098500626e-16,22.0,Safe,Improved,1.4440890088800427,1.4440890088800462,1.4440890088800444,0.5,1.5,1.5
13,1,Metta World Peace (Ron),0.0776881720430107,0.8979411290322582,14.0,Eliminated,Improved,-1.5055396050025969,-1.5055396050025913,-1.505539605002594,0.5,12.0,12.0
13,1,Hope Solo,0.0873655913978494,2.220446049250313e-16,21.0,Safe,Improved,1.0753854321447127,1.0753854321447096,1.0753854321447112,0.5,3.0,3.0
13,1,Chynna Phillips,0.0887480798771121,4.440892098500626e-16,22.0,Safe,Improved,1.4440890088800427,1.4440890088800462,1.4440890088800444,0.5,1.5,1.5
13,1,Kristin Cavallari,0.0846006144393241,0.0,19.0,Safe,Improved,0.3379782786740529,0.33797827867406227,0.3379782786740576,0.5,5.0,5.0
13,1,Carson Kressley,0.0818356374807987,5.10702591327572e-15,17.0,Safe,Improved,-0.399428874796607,-0.399428874796611,-0.399428874796609,0.5,7.5,7.5
13,1,Chaz Bono,0.0818356374807987,3.4416913763379853e-15,17.0,Safe,Improved,-0.399428874796607,-0.399428874796611,-0.399428874796609,0.5,7.5,7.5
13,1,Nancy Grace,0.080453149001536,4.107825191113079e-15,16.0,Safe,Improved,-0.7681324515319369,-0.7681324515319476,-0.7681324515319423,0.5,9.5,9.5
13,1,Rob Kardashian,0.080453149001536,0.0,16.0,Safe,Improved,-0.7681324515319369,-0.7681324515319476,-0.7681324515319423,0.5,9.5,9.5
13,2,Elisabetta Canalis,0.0253236920777279,0.9275954035874442,21.0,Eliminated,Improved,0.3934890527049613,-2.7783573753745463,-1.1924341613347924,0.5,12.0,9.0
13,2,David Arquette,0.0825485799701046,0.1487820627802693,18.0,Safe,Improved,-0.09498011617016283,-0.037585567629514455,-0.06628284189983864,0.5,8.5,10.5
13,2,Ricki Lake,0.0892750373692077,0.1487820627802693,23.0,Safe,Improved,0.7191351652883774,0.28457644062346554,0.5018558029559215,0.5,1.0,1.0
13,2,J.R. Martinez,0.0879297458893871,0.1487820627802687,22.0,Safe,Improved,0.5563121089966694,0.22014403897287046,0.38822807398476994,0.5,2.5,2.5
13,2,Metta World Peace (Ron),0.1195940956651719,0.1487820627802685,0.0,Safe,Improved,-3.025795129420908,1.7367002153565707,-0.6445474570321685,0.5,11.0,7.0
13,2,Hope Solo,0.0838938714499252,0.1487820627802687,19.0,Safe,Improved,0.06784294012154521,0.026846834021080613,0.04734488707131291,0.5,7.0,8.0
13,2,Chynna Phillips,0.0865844544095665,0.1487820627802698,21.0,Safe,Improved,0.3934890527049613,0.1557116373222754,0.27460034501361835,0.5,5.0,5.0
13,2,Kristin Cavallari,0.0879297458893871,0.1487820627802691,22.0,Safe,Improved,0.5563121089966694,0.22014403897287046,0.38822807398476994,0.5,2.5,2.5
13,2,Carson Kressley,0.0825485799701046,0.1487820627802696,18.0,Safe,Improved,-0.09498011617016283,-0.037585567629514455,-0.06628284189983864,0.5,8.5,10.5
13,2,Chaz Bono,0.0812032884902839,0.1487820627802681,17.0,Safe,Improved,-0.2578031724618709,-0.10201796928011483,-0.17991057087099288,0.5,10.0,12.0
13,2,Nancy Grace,0.0865844544095665,0.1487820627802698,21.0,Safe,Improved,0.3934890527049613,0.1557116373222754,0.27460034501361835,0.5,5.0,5.0
13,2,Rob Kardashian,0.0865844544095665,0.1487820627802677,21.0,Safe,Improved,0.3934890527049613,0.1557116373222754,0.27460034501361835,0.5,5.0,5.0
13,3,Elisabetta Canalis,0.102248523206751,0.2455257383966252,0.0,Safe,Improved,-2.073212330271838,0.7087754833664928,-0.6822184234526727,0.5,10.5,7.5
13,3,David Arquette,0.0887130801687763,0.2455257383966246,24.0,Safe,Improved,0.44613429891925627,0.2015857461224373,0.3238600225208468,0.5,5.0,5.0
13,3,Ricki Lake,0.0925105485232067,0.2455257383966236,27.0,Safe,Improved,0.7610526275681431,0.34388156691474747,0.5524670972414453,0.5,1.0,1.0
13,3,J.R. Martinez,0.0912447257383966,0.2455257383966246,26.0,Safe,Improved,0.6560798513518474,0.2964496266506456,0.47626473900124655,0.5,2.5,2.5
13,3,Metta World Peace (Ron),0.102248523206751,0.2455257383966248,0.0,Safe,Improved,-2.073212330271838,0.7087754833664928,-0.6822184234526727,0.5,10.5,7.5
13,3,Hope Solo,0.0887130801687763,0.2455257383966245,24.0,Safe,Improved,0.44613429891925627,0.2015857461224373,0.3238600225208468,0.5,5.0,5.0
13,3,Chynna Phillips,0.0912447257383966,0.2455257383966245,26.0,Safe,Improved,0.6560798513518474,0.2964496266506456,0.47626473900124655,0.5,2.5,2.5
13,3,Kristin Cavallari,0.0008827004219409,0.9346908227848104,24.0,Eliminated,Improved,0.44613429891925627,-3.089526861042621,-1.3216962810616824,0.5,12.0,10.0
13,3,Carson Kressley,0.0874472573839662,0.245525738396624,23.0,Safe,Improved,0.3411615227029607,0.1541538058583355,0.2476576642806481,0.5,7.0,9.0
13,3,Chaz Bono,0.0811181434599156,0.245525738396624,18.0,Safe,Improved,-0.18370235837851728,-0.08300589546217936,-0.13335412692034831,0.5,9.0,12.0
13,3,Nancy Grace,0.0849156118143459,0.2455257383966238,21.0,Safe,Improved,0.1312159702703695,0.05928992533012715,0.09525294780024832,0.5,8.0,11.0
13,3,Rob Kardashian,0.0887130801687763,0.2455257383966244,24.0,Safe,Improved,0.44613429891925627,0.2015857461224373,0.3238600225208468,0.5,5.0,5.0
13,4,Elisabetta Canalis,0.1005784688995214,0.3068200956937793,0.0,Safe,Improved,-1.6139903894813865,0.6359321764976189,-0.4890291064918838,0.5,11.0,8.0
13,4,David Arquette,0.0865653708133971,0.3068200956937796,23.0,Safe,Improved,0.5174036176806357,0.11918471857355074,0.3182941681270932,0.5,5.0,7.0
13,4,Ricki Lake,0.0951778110047846,0.3068200956937802,29.0,Safe,Improved,1.0734194456359458,0.43677734142326774,0.7550983935296067,0.5,1.0,1.0
13,4,J.R. Martinez,0.0908715909090909,0.3068200956937801,26.0,Safe,Improved,0.7954115316582908,0.277981029998411,0.5366962808283509,0.5,2.0,2.0
13,4,Metta World Peace (Ron),0.1005784688995215,0.30682009569378,0.0,Safe,Improved,-1.6139903894813865,0.6359321764976225,-0.489029106491882,0.5,9.5,5.5
13,4,Hope Solo,0.0880007775119617,0.3068200956937799,24.0,Safe,Improved,0.6100729223398541,0.17211682238183734,0.3910948723608457,0.5,3.5,3.5
13,4,Chynna Phillips,1.3877787807814457e-17,0.9339034688995214,21.0,Eliminated,Improved,0.332065008362199,-3.0730026933144097,-1.3704688424761053,0.5,12.0,11.0
13,4,Kristin Cavallari,0.1005784688995215,0.3068200956937801,0.0,Safe,Improved,-1.6139903894813865,0.6359321764976225,-0.489029106491882,0.5,9.5,5.5
13,4,Carson Kressley,0.0822591507177033,0.3068200956937811,20.0,Safe,Improved,0.23939570370298066,-0.03961159285130954,0.09989205542583557,0.5,8.0,12.0
13,4,Chaz Bono,0.0836945574162679,0.3068200956937801,21.0,Safe,Improved,0.332065008362199,0.01332051095697705,0.17269275965958802,0.5,6.5,9.5
13,4,Nancy Grace,0.0836945574162679,0.3068200956937801,21.0,Safe,Improved,0.332065008362199,0.01332051095697705,0.17269275965958802,0.5,6.5,9.5
13,4,Rob Kardashian,0.0880007775119617,0.30682009569378,24.0,Safe,Improved,0.6100729223398541,0.17211682238183734,0.3910948723608457,0.5,3.5,3.5
13,5,Elisabetta Canalis,0.101163829787234,0.4046553191489356,0.0,Safe,Improved,-1.3298444163740661,0.6485147824323371,-0.34066481697086454,0.5,9.5,6.5
13,5,David Arquette,0.0864170212765957,0.4046553191489361,25.0,Safe,Improved,0.7922477374143374,0.11215712477689051,0.452202431095614,0.5,2.5,2.5
13,5,Ricki Lake,0.0848212765957446,0.4046553191489371,24.0,Safe,Improved,0.7073640512628012,0.054118134264468626,0.38074109276363494,0.5,4.5,6.5
13,5,J.R. Martinez,0.0912042553191489,0.4046553191489366,28.0,Safe,Improved,1.0468987958689457,0.2862740963141516,0.6665864460915487,0.5,1.0,1.0
13,5,Metta World Peace (Ron),0.101163829787234,0.4046553191489359,0.0,Safe,Improved,-1.3298444163740661,0.6485147824323371,-0.34066481697086454,0.5,9.5,6.5
13,5,Hope Solo,0.0848212765957446,0.4046553191489357,24.0,Safe,Improved,0.7073640512628012,0.054118134264468626,0.38074109276363494,0.5,4.5,6.5
13,5,Chynna Phillips,0.101163829787234,0.4046553191489368,0.0,Safe,Improved,-1.3298444163740661,0.6485147824323371,-0.34066481697086454,0.5,9.5,6.5
13,5,Kristin Cavallari,0.101163829787234,0.4046553191489359,0.0,Safe,Improved,-1.3298444163740661,0.6485147824323371,-0.34066481697086454,0.5,9.5,6.5
13,5,Carson Kressley,0.0,0.9344888297872336,19.0,Eliminated,Improved,0.2829456205051205,-3.0309250600930575,-1.3739897197939686,0.5,12.0,12.0
13,5,Chaz Bono,0.0800340425531915,0.4046553191489362,21.0,Safe,Improved,0.4527129928081928,-0.11999883727278846,0.1663570777677022,0.5,7.0,11.0
13,5,Nancy Grace,0.0816297872340425,0.4046553191489362,22.0,Safe,Improved,0.537596678959729,-0.061959846760370606,0.2378184160996792,0.5,6.0,10.0
13,5,Rob Kardashian,0.0864170212765957,0.4046553191489367,25.0,Safe,Improved,0.7922477374143374,0.11215712477689051,0.452202431095614,0.5,2.5,2.5
13,6,Elisabetta Canalis,0.1145578313253012,0.5727891566265051,0.0,Safe,Improved,-1.1012604007519693,0.9107597999165097,-0.0952503004177298,0.5,9.0,6.5
13,6,David Arquette,0.0684909638554216,0.5727891566265062,23.0,Safe,Improved,0.7297508679681723,-0.4329239643650015,0.1484134518015854,0.5,4.0,6.5
13,6,Ricki Lake,0.0793343373493975,0.5727891566265063,29.0,Safe,Improved,1.2074059815473397,-0.1166431813614164,0.5453814000929617,0.5,1.5,1.5
13,6,J.R. Martinez,0.0793343373493975,0.5727891566265058,29.0,Safe,Improved,1.2074059815473397,-0.1166431813614164,0.5453814000929617,0.5,1.5,1.5
13,6,Metta World Peace (Ron),0.1145578313253012,0.5727891566265064,0.0,Safe,Improved,-1.1012604007519693,0.9107597999165097,-0.0952503004177298,0.5,9.0,6.5
13,6,Hope Solo,0.0630692771084337,0.572789156626506,20.0,Safe,Improved,0.4909233111785886,-0.5910643558667925,-0.05007052234410195,0.5,6.0,11.0
13,6,Chynna Phillips,0.1145578313253012,0.5727891566265051,0.0,Safe,Improved,-1.1012604007519693,0.9107597999165097,-0.0952503004177298,0.5,9.0,6.5
13,6,Kristin Cavallari,0.1145578313253012,0.5727891566265061,0.0,Safe,Improved,-1.1012604007519693,0.9107597999165097,-0.0952503004177298,0.5,9.0,6.5
13,6,Carson Kressley,0.1145578313253012,0.5727891566265061,0.0,Safe,Improved,-1.1012604007519693,0.9107597999165097,-0.0952503004177298,0.5,9.0,6.5
13,6,Chaz Bono,5.551115123125783e-17,0.9494875903614456,19.0,Eliminated,Improved,0.4113141255820607,-2.43067638789792,-1.0096811311579297,0.5,12.0,12.0
13,6,Nancy Grace,0.0702981927710843,0.5727891566265062,24.0,Safe,Improved,0.8093600535647002,-0.3802105005310691,0.21457477651681556,0.5,3.0,3.0
13,6,Rob Kardashian,0.066683734939759,0.572789156626507,22.0,Safe,Improved,0.6501416823716444,-0.4856374281989308,0.08225212708635679,0.5,5.0,10.0
13,7,Elisabetta Canalis,0.1605095563139934,0.9733962457337868,0.0,Safe,Improved,-0.9540436293254156,0.9569586010454266,0.0014574858600054919,0.5,4.0,2.0
13,7,David Arquette,1.1102230246251563e-16,0.9966759196056124,23.5,Eliminated,Improved,0.8824089540859645,-1.033304650152453,-0.07544784803324422,0.5,12.0,12.0
13,7,Ricki Lake,0.00921066552901,0.9733962457337888,26.5,Safe,Improved,1.1168497094150769,-0.9190955678869549,0.09887707076406099,0.5,1.0,1.0
13,7,J.R. Martinez,0.0040912116040953,0.9733962457337886,24.0,Safe,Improved,0.9214824133074833,-0.982575034449222,-0.030546310570869373,0.5,10.0,10.0
13,7,Metta World Peace (Ron),0.1605095563139933,0.9733962457337888,0.0,Safe,Improved,-0.9540436293254156,0.9569586010454253,0.0014574858600048257,0.5,5.0,4.0
13,7,Hope Solo,0.0061389931740612,0.9733962457337878,25.0,Safe,Improved,0.9996293317505207,-0.9571832478243149,0.02122304196310293,0.5,3.0,6.5
13,7,Chynna Phillips,0.160509556313993,0.973396245733788,0.0,Safe,Improved,-0.9540436293254156,0.9569586010454215,0.0014574858600029383,0.5,9.0,11.0
13,7,Kristin Cavallari,0.1605095563139932,0.9733962457337876,0.0,Safe,Improved,-0.9540436293254156,0.9569586010454239,0.001457485860004104,0.5,6.5,6.5
13,7,Carson Kressley,0.1605095563139931,0.9733962457337872,0.0,Safe,Improved,-0.9540436293254156,0.9569586010454229,0.0014574858600036045,0.5,8.0,9.0
13,7,Chaz Bono,0.1605095563139932,0.9733962457337884,0.0,Safe,Improved,-0.9540436293254156,0.9569586010454239,0.001457485860004104,0.5,6.5,6.5
13,7,Nancy Grace,0.0103389078498293,0.9733962457337888,22.0,Safe,Improved,0.7651885764214084,-0.9051057514477383,-0.06995858751316497,0.5,11.0,6.5
13,7,Rob Kardashian,0.0071628839590442,0.9733962457337898,25.5,Safe,Improved,1.0387027909720394,-0.9444873545118607,0.04710771823008936,0.5,2.0,3.0
14,2,William Levy,0.0862143742255266,1.63202784619898e-14,25.0,Safe,Improved,0.8888530760099982,0.8888530760100029,0.8888530760100005,0.5,3.5,3.5
14,2,Jack Wagner,0.0817534076827757,0.0,21.0,Safe,Improved,-0.48743555781193515,-0.48743555781192116,-0.48743555781192816,0.5,8.5,8.5
14,2,Sherri Sheperd,0.0839838909541511,0.0,23.0,Safe,Improved,0.20070875909903155,0.20070875909902586,0.2007087590990287,0.5,6.0,6.0
14,2,Jaleel White,0.0828686493184634,2.220446049250313e-15,22.0,Safe,Improved,-0.14336339935645181,-0.14336339935644765,-0.14336339935644973,0.5,7.0,7.0
14,2,Roshon Fegan,0.0873296158612143,2.220446049250313e-16,26.0,Safe,Improved,1.2329252344654815,1.2329252344654764,1.2329252344654789,0.5,1.5,1.5
14,2,Melissa Gilbert,0.0806381660470879,0.0,20.0,Safe,Improved,-0.8315077162674185,-0.8315077162674246,-0.8315077162674216,0.5,10.0,10.0
14,2,Martina Navratilova,0.0772924411400247,0.8966220260223048,17.0,Eliminated,Improved,-1.8637241916338685,-1.8637241916338751,-1.8637241916338718,0.5,12.0,12.0
14,2,Donald Driver,0.0850991325898389,0.0,24.0,Safe,Improved,0.5447809175545149,0.5447809175545293,0.5447809175545221,0.5,5.0,5.0
14,2,Gavin DeGraw,0.0817534076827757,1.1102230246251563e-16,21.0,Safe,Improved,-0.48743555781193515,-0.48743555781192116,-0.48743555781192816,0.5,8.5,8.5
14,2,Gladys Knight,0.0795229244114002,0.0,19.0,Safe,Improved,-1.1755798747229018,-1.175579874722898,-1.1755798747228998,0.5,11.0,11.0
14,2,Katherine Jenkins,0.0873296158612143,3.3306690738754696e-16,26.0,Safe,Improved,1.2329252344654815,1.2329252344654764,1.2329252344654789,0.5,1.5,1.5
14,2,Maria Menounos,0.0862143742255266,1.0325074129013956e-14,25.0,Safe,Improved,0.8888530760099982,0.8888530760100029,0.8888530760100005,0.5,3.5,3.5
14,3,William Levy,0.0883333333284826,0.0862142857142866,28.0,Safe,Improved,0.6182794704226395,0.2599113984938475,0.4390954344582435,0.5,2.0,2.0
14,3,Jack Wagner,0.0282833333575865,0.9191392857142856,24.0,Eliminated,Improved,0.08832563863180579,-2.8616244989326916,-1.3866494301504428,0.5,12.0,12.0
14,3,Sherri Sheperd,0.0840476190427684,0.0862142857142862,24.0,Safe,Improved,0.08832563863180579,0.03713019956871162,0.06272791910025871,0.5,8.5,9.5
14,3,Jaleel White,0.0851190476141969,0.086214285714286,25.0,Safe,Improved,0.22081409657951423,0.09282549929999306,0.15681979793975365,0.5,5.5,5.5
14,3,Roshon Fegan,0.0851190476141969,0.0862142857142862,25.0,Safe,Improved,0.22081409657951423,0.09282549929999306,0.15681979793975365,0.5,5.5,5.5
14,3,Melissa Gilbert,0.0840476190427684,0.086214285714286,24.0,Safe,Improved,0.08832563863180579,0.03713019956871162,0.06272791910025871,0.5,8.5,9.5
14,3,Martina Navratilova,0.1140976190718722,0.0862142857142864,0.0,Safe,Improved,-3.091397352113197,1.599197707545036,-0.7460998222840804,0.5,11.0,7.0
14,3,Donald Driver,0.0861904761856255,0.0862142857142858,26.0,Safe,Improved,0.35330255452722265,0.14852079903127954,0.2509116767792511,0.5,4.0,4.0
14,3,Gavin DeGraw,0.0840476190427684,0.0862142857142858,24.0,Safe,Improved,0.08832563863180579,0.03713019956871162,0.06272791910025871,0.5,8.5,9.5
14,3,Gladys Knight,0.0840476190427684,0.0862142857142858,24.0,Safe,Improved,0.08832563863180579,0.03713019956871162,0.06272791910025871,0.5,8.5,9.5
14,3,Katherine Jenkins,0.0894047618999112,0.0862142857142859,29.0,Safe,Improved,0.750767928370348,0.315606698225134,0.5331873132977409,0.5,1.0,1.0
14,3,Maria Menounos,0.0872619047570541,0.0862142857142853,27.0,Safe,Improved,0.4857910124749311,0.20421609876256605,0.34500355561874857,0.5,3.0,3.0
14,4,William Levy,0.086659513590844,0.1848493562231761,22.0,Safe,Improved,0.27726436345490074,0.13658828713687737,0.20692632529588906,0.5,7.0,9.0
14,4,Jack Wagner,0.0974224606580829,0.1848493562231764,0.0,Safe,Improved,-2.0839547317739324,0.5785644852516586,-0.752695123261137,0.5,10.5,6.5
14,4,Sherri Sheperd,0.007193705293276,0.9235537553648072,21.0,Eliminated,Improved,0.16993622276268106,-3.126643949541519,-1.4783538633894189,0.5,12.0,11.5
14,4,Jaleel White,0.086659513590844,0.1848493562231761,22.0,Safe,Improved,0.27726436345490074,0.13658828713687737,0.20692632529588906,0.5,7.0,9.0
14,4,Roshon Fegan,0.0918097281831187,0.1848493562231763,26.0,Safe,Improved,0.7065769262237794,0.34807982851010705,0.5273283773669433,0.5,2.5,2.5
14,4,Melissa Gilbert,0.086659513590844,0.1848493562231761,22.0,Safe,Improved,0.27726436345490074,0.13658828713687737,0.20692632529588906,0.5,7.0,9.0
14,4,Martina Navratilova,0.0974224606580829,0.1848493562231762,0.0,Safe,Improved,-2.0839547317739324,0.5785644852516586,-0.752695123261137,0.5,10.5,6.5
14,4,Donald Driver,0.0930972818311874,0.1848493562231762,27.0,Safe,Improved,0.8139050669159992,0.4009527138534159,0.6074288903847076,0.5,1.0,1.0
14,4,Gavin DeGraw,0.0879470672389127,0.184849356223176,23.0,Safe,Improved,0.38459250414712043,0.18946117248018565,0.28702683831365305,0.5,5.0,5.0
14,4,Gladys Knight,0.0840844062947067,0.1848493562231756,20.0,Safe,Improved,0.06260808207046135,0.030842516450264253,0.046725299260362806,0.5,9.0,11.5
14,4,Katherine Jenkins,0.0892346208869813,0.184849356223176,24.0,Safe,Improved,0.4919206448393401,0.24233405782348993,0.36712735133141505,0.5,4.0,4.0
14,4,Maria Menounos,0.0918097281831187,0.1848493562231763,26.0,Safe,Improved,0.7065769262237794,0.34807982851010705,0.5273283773669433,0.5,2.5,2.5
14,5,William Levy,0.097172619047619,0.2547642857142871,29.0,Safe,Improved,0.8858786569295292,0.5262412076477877,0.7060599322886585,0.5,1.5,1.5
14,5,Jack Wagner,0.0859252976190475,0.2547642857142854,0.0,Safe,Improved,-1.6002969286468918,0.09855988553557991,-0.750868521555656,0.5,11.0,12.0
14,5,Sherri Sheperd,0.0859252976190476,0.2547642857142859,0.0,Safe,Improved,-1.6002969286468918,0.0985598855355836,-0.7508685215556541,0.5,9.5,9.5
14,5,Jaleel White,0.0904761904761904,0.2547642857142865,24.0,Safe,Improved,0.4572276938991118,0.271608365237567,0.36441802956833935,0.5,6.0,6.0
14,5,Roshon Fegan,0.0931547619047619,0.2547642857142855,26.0,Safe,Improved,0.6286880791112788,0.3734615022016578,0.5010747906564683,0.5,5.0,5.0
14,5,Melissa Gilbert,0.0864583333333333,0.2547642857142856,21.0,Safe,Improved,0.20003711608086133,0.11882865979143661,0.15943288793614896,0.5,8.0,8.0
14,5,Martina Navratilova,0.0859252976190476,0.2547642857142863,0.0,Safe,Improved,-1.6002969286468918,0.0985598855355836,-0.7508685215556541,0.5,9.5,9.5
14,5,Donald Driver,0.0944940476190476,0.2547642857142862,27.0,Safe,Improved,0.7144182717173622,0.4243880706837011,0.5694031712005316,0.5,3.5,3.5
14,5,Gavin DeGraw,0.001003869047619,0.918246428571428,19.0,Eliminated,Improved,0.028576730868694392,-3.1305919687738633,-1.5510076189525843,0.5,12.0,11.0
14,5,Gladys Knight,0.087797619047619,0.2547642857142859,22.0,Safe,Improved,0.28576730868694483,0.1697552282734799,0.2277612684802124,0.5,7.0,7.0
14,5,Katherine Jenkins,0.097172619047619,0.254764285714286,29.0,Safe,Improved,0.8858786569295292,0.5262412076477877,0.7060599322886585,0.5,1.5,1.5
14,5,Maria Menounos,0.0944940476190476,0.2547642857142849,27.0,Safe,Improved,0.7144182717173622,0.4243880706837011,0.5694031712005316,0.5,3.5,3.5
14,6,William Levy,0.0926338672125964,0.3724940328132665,36.0,Safe,Improved,0.8846847923616158,0.35046344066929946,0.6175741165154576,0.5,3.0,3.0
14,6,Jack Wagner,0.0931235082033168,0.3724940328132676,0.0,Safe,Improved,-1.3117651661742868,0.36891413054670624,-0.4714255178137903,0.5,10.0,8.0
14,6,Sherri Sheperd,0.0931235082033169,0.3724940328132679,0.0,Safe,Improved,-1.3117651661742868,0.3689141305467099,-0.4714255178137885,0.5,8.0,5.0
14,6,Jaleel White,0.0937964285063674,0.3724940328132683,36.9998,Safe,Improved,0.9456850887100656,0.3942711657196187,0.6699781272148422,0.5,2.0,2.0
14,6,Roshon Fegan,0.0833312838334943,0.3724940328132677,27.9998,Safe,Improved,0.39657259907609,-7.7229412262706e-05,0.19824768483191366,0.5,7.0,11.0
14,6,Melissa Gilbert,0.0856571040973477,0.3724940328132673,30.0,Safe,Improved,0.5186097992722987,0.08756451058137994,0.3030871549268393,0.5,5.0,6.0
14,6,Martina Navratilova,0.0931235082033168,0.3724940328132671,0.0,Safe,Improved,-1.3117651661742868,0.36891413054670624,-0.4714255178137903,0.5,10.0,8.0
14,6,Donald Driver,0.0903081632281283,0.3724940328132676,33.9999,Safe,Improved,0.7626536934152917,0.2628260823244939,0.5127398878698928,0.5,4.0,4.0
14,6,Gavin DeGraw,0.0931235082033168,0.3724940328132671,0.0,Safe,Improved,-1.3117651661742868,0.36891413054670624,-0.4714255178137903,0.5,10.0,8.0
14,6,Gladys Knight,1.3877787807814457e-17,0.9264485082033164,24.0,Eliminated,Improved,0.1525348061829815,-3.1401731450663317,-1.4938191694416751,0.5,12.0,12.0
14,6,Katherine Jenkins,0.0961221324908356,0.3724940328132677,38.9999,Safe,Improved,1.0677161876563892,0.4819085240644284,0.7748123558604088,0.5,1.0,1.0
14,6,Maria Menounos,0.0856569878179625,0.3724940328132673,29.9999,Safe,Improved,0.5186036980224138,0.08756012893254704,0.3030819134774804,0.5,6.0,10.0
14,7,William Levy,0.0510519981834695,0.7063220708446845,26.5,Safe,Improved,0.8274697798464544,-0.6301386734541835,0.09866555319613546,0.5,3.5,3.5
14,7,Jack Wagner,0.1390645776566757,0.7063220708446868,0.0,Safe,Improved,-1.128927171760776,1.0878859937120722,-0.020520589024351943,0.5,7.5,6.5
14,7,Sherri Sheperd,0.1390645776566756,0.7063220708446865,0.0,Safe,Improved,-1.128927171760776,1.0878859937120702,-0.020520589024352942,0.5,10.0,9.5
14,7,Jaleel White,0.0,0.9723895776566754,25.5,Eliminated,Improved,0.7536434797858043,-1.626684766209353,-0.4365206432117744,0.5,12.0,11.5
14,7,Roshon Fegan,0.0502345594913715,0.7063220708446862,26.0,Safe,Improved,0.7905566298161294,-0.6460952542671345,0.07223068777449743,0.5,5.0,9.5
14,7,Melissa Gilbert,0.046147366030881,0.7063220708446862,23.5,Safe,Improved,0.6059908796645038,-0.7258781583318992,-0.059943639333697674,0.5,11.0,11.5
14,7,Martina Navratilova,0.1390645776566757,0.7063220708446868,0.0,Safe,Improved,-1.128927171760776,1.0878859937120722,-0.020520589024351943,0.5,7.5,6.5
14,7,Donald Driver,0.0510519981834695,0.7063220708446872,26.5,Safe,Improved,0.8274697798464544,-0.6301386734541835,0.09866555319613546,0.5,3.5,3.5
14,7,Gavin DeGraw,0.1390645776566757,0.7063220708446867,0.0,Safe,Improved,-1.128927171760776,1.0878859937120722,-0.020520589024351943,0.5,7.5,6.5
14,7,Gladys Knight,0.1390645776566757,0.706322070844686,0.0,Safe,Improved,-1.128927171760776,1.0878859937120722,-0.020520589024351943,0.5,7.5,6.5
14,7,Katherine Jenkins,0.0518694368755676,0.7063220708446866,27.0,Safe,Improved,0.8643829298767796,-0.6141820926412305,0.12510041861777454,0.5,2.0,2.0
14,7,Maria Menounos,0.0543217529518619,0.7063220708446869,28.5,Safe,Improved,0.9751223799677549,-0.5663123502023717,0.20440501488269158,0.5,1.0,1.0
15,1,Gilles Marini,0.0798859368479621,6.994405055138486e-15,24.0,Safe,Improved,1.3681280069699828,1.3681280069699702,1.3681280069699766,0.5,2.0,2.0
15,1,Sabrina Bryan,0.0782584504103491,0.0,22.5,Safe,Improved,0.6166210735639357,0.6166210735639316,0.6166210735639337,0.5,3.0,3.0
15,1,Kirstie Alley,0.0744609820559187,0.0,19.0,Safe,Improved,-1.1368951043835076,-1.1368951043835238,-1.1368951043835156,0.5,12.0,12.0
15,1,Kelly Monaco,0.0771734594519404,0.0,21.5,Safe,Improved,0.11561645129323762,0.11561645129322635,0.11561645129323199,0.5,7.0,7.0
15,1,Apolo Anton Ohno,0.0777159549311448,2.886579864025407e-15,22.0,Safe,Improved,0.36611876242858665,0.3661187624286046,0.36611876242859565,0.5,4.5,4.5
15,1,Emmitt Smith,0.0804284323271665,0.0,24.5,Safe,Improved,1.618630318105332,1.6186303181053485,1.6186303181053403,0.5,1.0,1.0
15,1,Shawn Johnson,0.0777159549311448,0.0,22.0,Safe,Improved,0.36611876242858665,0.3661187624286046,0.36611876242859565,0.5,4.5,4.5
15,1,Pamela Anderson,0.0722910001391014,0.9077289748226456,17.0,Eliminated,Improved,-2.1389043489249038,-2.1389043489248896,-2.1389043489248967,0.5,13.0,13.0
15,1,Helio Castroneves,0.0771734594519404,0.0,21.5,Safe,Improved,0.11561645129323762,0.11561645129322635,0.11561645129323199,0.5,7.0,7.0
15,1,Joey Fatone,0.0760884684935317,0.0,20.5,Safe,Improved,-0.38538817097746053,-0.3853881709774853,-0.3853881709774729,0.5,10.0,10.0
15,1,Drew Lachey,0.0771734594519404,0.0,21.5,Safe,Improved,0.11561645129323762,0.11561645129322635,0.11561645129323199,0.5,7.0,7.0
15,1,Bristol Palin,0.0750034775351231,0.0,19.5,Safe,Improved,-0.8863927932481587,-0.8863927932481457,-0.8863927932481521,0.5,11.0,11.0
15,1,Melissa Rycroft,0.0766309639727361,1.5987211554602254e-14,21.0,Safe,Improved,-0.13488585984211143,-0.13488585984210702,-0.1348858598421092,0.5,9.0,9.0
15,2,Gilles Marini,0.0815635451505016,0.1056724637681159,25.5,Safe,Improved,0.6359439260609082,0.2653160678662822,0.4506299969635952,0.5,2.0,2.0
15,2,Sabrina Bryan,0.0821070234113712,0.105672463768116,26.0,Safe,Improved,0.7104238453293028,0.2963891208596331,0.503406483094468,0.5,1.0,1.0
15,2,Kirstie Alley,0.0766722408026756,0.1056724637681157,21.0,Safe,Improved,-0.03437534735464356,-0.014341409073851332,-0.024358378214247446,0.5,10.0,12.0
15,2,Kelly Monaco,0.0777591973244147,0.1056724637681164,22.0,Safe,Improved,0.11458449118214571,0.04780469691284492,0.08119459404749532,0.5,9.0,10.0
15,2,Apolo Anton Ohno,0.0804765886287625,0.1056724637681161,24.5,Safe,Improved,0.48698408752411887,0.20316996187958675,0.3450770247018528,0.5,4.0,4.0
15,2,Emmitt Smith,0.0783026755852843,0.1056724637681166,22.5,Safe,Improved,0.18906441045054034,0.07887774990619503,0.13397108017836767,0.5,7.0,8.0
15,2,Shawn Johnson,0.0810200668896321,0.105672463768116,25.0,Safe,Improved,0.5614640067925135,0.23424301487293764,0.3978535108327256,0.5,3.0,3.0
15,2,Pamela Anderson,0.1068852842809364,0.105672463768116,0.0,Safe,Improved,-3.1625319566272183,1.7130717529323858,-0.7247301018474163,0.5,12.0,7.0
15,2,Helio Castroneves,0.0788461538461538,0.105672463768116,23.0,Safe,Improved,0.263544329718935,0.10995080289954037,0.18674756630923767,0.5,6.0,6.0
15,2,Joey Fatone,0.0252635451505017,0.9277678929765888,22.5,Eliminated,Improved,0.18906441045054034,-2.9536036378206907,-1.3822696136850752,0.5,13.0,11.0
15,2,Drew Lachey,0.0783026755852842,0.1056724637681156,22.5,Safe,Improved,0.18906441045054034,0.07887774990618947,0.1339710801783649,0.5,8.0,9.0
15,2,Bristol Palin,0.0734113712374582,0.1056724637681155,18.0,Safe,Improved,-0.48125486296501135,-0.20077972703394406,-0.3410172949994777,0.5,11.0,13.0
15,2,Melissa Rycroft,0.0793896321070234,0.1056724637681146,23.5,Safe,Improved,0.33802424898732963,0.1410238558928913,0.23952405244011046,0.5,5.0,5.0
15,3,Gilles Marini,0.0813641394710971,0.207734532374101,25.5,Safe,Improved,0.4299205893090269,0.19234739588761382,0.31113399259832036,0.5,5.0,5.0
15,3,Sabrina Bryan,0.0813641394710971,0.2077345323741007,25.5,Safe,Improved,0.4299205893090269,0.19234739588761382,0.31113399259832036,0.5,5.0,5.0
15,3,Kirstie Alley,0.0797454344351259,0.2077345323741009,24.0,Safe,Improved,0.2732205614300358,0.12223946675744993,0.19773001409374286,0.5,8.5,11.5
15,3,Kelly Monaco,0.0829828445070684,0.2077345323741009,27.0,Safe,Improved,0.586620617188018,0.2624553250177825,0.42453797110290026,0.5,1.0,1.0
15,3,Apolo Anton Ohno,0.0813641394710971,0.2077345323741009,25.5,Safe,Improved,0.4299205893090269,0.19234739588761382,0.31113399259832036,0.5,5.0,5.0
15,3,Emmitt Smith,0.0808245711257734,0.2077345323741019,25.0,Safe,Improved,0.37768724668269654,0.168978086177561,0.27333266643012877,0.5,7.0,9.0
15,3,Shawn Johnson,0.0824432761617446,0.2077345323741011,26.5,Safe,Improved,0.5343872745616876,0.23908601530772491,0.3867366449347062,0.5,3.0,3.0
15,3,Pamela Anderson,0.093627688573561,0.207734532374101,0.0,Safe,Improved,-2.233979884633821,0.7234954508165812,-0.7552422169086199,0.5,11.5,7.5
15,3,Helio Castroneves,0.001801069868525,0.9379727725511896,25.5,Eliminated,Improved,0.4299205893090269,-3.253618311959037,-1.411848861325005,0.5,13.0,10.0
15,3,Joey Fatone,0.093627688573561,0.2077345323741009,0.0,Safe,Improved,-2.233979884633821,0.7234954508165812,-0.7552422169086199,0.5,11.5,7.5
15,3,Drew Lachey,0.0797454344351259,0.2077345323741013,24.0,Eliminated,Improved,0.2732205614300358,0.12223946675744993,0.19773001409374286,0.5,8.5,11.5
15,3,Bristol Palin,0.0781267293991547,0.2077345323741007,22.5,Safe,Improved,0.11652053355104477,0.05213153762728602,0.0843260355891654,0.5,10.0,13.0
15,3,Melissa Rycroft,0.0829828445070683,0.2077345323740996,27.0,Safe,Improved,0.586620617188018,0.26245532501777835,0.42453797110289815,0.5,2.0,2.0
15,4,Gilles Marini,0.0782742612752721,0.4048545878693639,39.5,Safe,Improved,0.8508947945352668,0.0521299943265676,0.45151239443091723,0.5,1.5,1.5
15,4,Sabrina Bryan,0.0745417573872472,0.4048545878693623,35.5,Safe,Improved,0.6204441210152988,-0.0918736023628915,0.2642852593262036,0.5,6.0,10.0
15,4,Kirstie Alley,0.069409564541213,0.4048545878693629,30.0,Safe,Improved,0.30357444492534263,-0.2898785478108973,0.006847948557222677,0.5,8.0,12.5
15,4,Kelly Monaco,0.0764080093312597,0.4048545878693624,37.5,Safe,Improved,0.7356694577752828,-0.019871804018160074,0.3578988268785614,0.5,3.0,3.0
15,4,Apolo Anton Ohno,0.073608631415241,0.4048545878693622,34.5,Safe,Improved,0.5628314526353068,-0.1278745015352556,0.21747847555002559,0.5,7.0,11.0
15,4,Emmitt Smith,0.0750083203732503,0.4048545878693623,36.0,Safe,Improved,0.6492504552052948,-0.07387315277670997,0.28768865121429243,0.5,5.0,7.0
15,4,Shawn Johnson,0.0782742612752721,0.4048545878693628,39.5,Safe,Improved,0.8508947945352668,0.0521299943265676,0.45151239443091723,0.5,1.5,1.5
15,4,Pamela Anderson,0.0996334370139968,0.4048545878693614,0.0,Safe,Improved,-1.4248056064744181,0.8761875763070641,-0.274309015083677,0.5,10.5,7.0
15,4,Helio Castroneves,0.0996334370139968,0.4048545878693622,0.0,Safe,Improved,-1.4248056064744181,0.8761875763070641,-0.274309015083677,0.5,10.5,7.0
15,4,Joey Fatone,0.0996334370139968,0.4048545878693624,0.0,Safe,Improved,-1.4248056064744181,0.8761875763070641,-0.274309015083677,0.5,10.5,7.0
15,4,Drew Lachey,0.0996334370139968,0.4048545878693619,0.0,Safe,Improved,-1.4248056064744181,0.8761875763070641,-0.274309015083677,0.5,10.5,7.0
15,4,Bristol Palin,4.163336342344337e-17,0.9457795908601512,32.0,Eliminated,Improved,0.41879978168532667,-2.96776643177314,-1.2744833250439067,0.5,13.0,12.5
15,4,Melissa Rycroft,0.0759414463452566,0.4048545878693614,37.0,Safe,Improved,0.7068631235852868,-0.037872253604342127,0.33449543499047235,0.5,4.0,4.0
15,6,Gilles Marini,0.0473053097345132,0.726863716814161,27.5,Safe,Improved,0.7051892988819934,-0.6193875969014531,0.04290085099027019,0.5,4.5,9.0
15,6,Sabrina Bryan,8.326672684688674e-17,0.9789895166780124,30.0,Eliminated,Improved,0.8794756275030183,-1.6086695346854996,-0.3645969535912406,0.5,13.0,6.0
15,6,Kirstie Alley,0.0473053097345132,0.7268637168141594,27.5,Safe,Improved,0.7051892988819934,-0.6193875969014531,0.04290085099027019,0.5,4.5,9.0
15,6,Kelly Monaco,0.0466415929203538,0.7268637168141598,27.0,Safe,Improved,0.6703320331577884,-0.6332677101432107,0.01853216150728887,0.5,6.0,12.0
15,6,Apolo Anton Ohno,0.0506238938053097,0.7268637168141595,30.0,Safe,Improved,0.8794756275030183,-0.5499870306926751,0.16474429840517163,0.5,1.0,1.0
15,6,Emmitt Smith,0.0459778761061946,0.726863716814159,26.5,Safe,Improved,0.6354747674335834,-0.6471478233849642,-0.005836527975690398,0.5,7.0,13.0
15,6,Shawn Johnson,0.0479690265486725,0.7268637168141592,28.0,Safe,Improved,0.7400465646061983,-0.6055074836596974,0.06726954047325046,0.5,3.0,3.0
15,6,Pamela Anderson,0.1328433628318583,0.7268637168141596,0.0,Safe,Improved,-1.211960315949281,1.1694443840606767,-0.021257965944302182,0.5,11.0,9.0
15,6,Helio Castroneves,0.1328433628318583,0.7268637168141594,0.0,Safe,Improved,-1.211960315949281,1.1694443840606767,-0.021257965944302182,0.5,11.0,9.0
15,6,Joey Fatone,0.1328433628318584,0.726863716814159,0.0,Safe,Improved,-1.211960315949281,1.169444384060679,-0.02125796594430107,0.5,8.5,4.5
15,6,Drew Lachey,0.1328433628318584,0.7268637168141598,0.0,Safe,Improved,-1.211960315949281,1.169444384060679,-0.02125796594430107,0.5,8.5,4.5
15,6,Bristol Palin,0.1328433628318583,0.7268637168141596,0.0,Safe,Improved,-1.211960315949281,1.1694443840606767,-0.021257965944302182,0.5,11.0,9.0
15,6,Melissa Rycroft,0.0499601769911504,0.7268637168141583,29.5,Safe,Improved,0.8446183617788133,-0.5638671439344306,0.14037560892219136,0.5,2.0,2.0
15,8,Gilles Marini,0.0,0.9931654733475118,29.2777,Eliminated,Improved,0.9419236592158943,-1.1353216702230224,-0.09669900550356408,0.5,13.0,8.0
15,8,Sabrina Bryan,0.1470193195013582,0.914675749181794,0.0,Safe,Improved,-1.0351365076846561,1.034563181604324,-0.000286663040166113,0.5,9.5,10.0
15,8,Kirstie Alley,0.0190569916106893,0.914675749181792,25.5,Eliminated,Improved,0.6868236960186415,-0.8540560681396615,-0.08361618606051002,0.5,12.0,12.0
15,8,Kelly Monaco,0.0189123762353382,0.9146757491817932,28.3333,Safe,Improved,0.8781503566128593,-0.8561904727429475,0.010979941934955939,0.5,4.0,10.0
15,8,Apolo Anton Ohno,0.0203341129701612,0.9146757491817944,29.2777,Safe,Improved,0.9419236592158943,-0.8352068019257907,0.0533584286450518,0.5,2.0,2.0
15,8,Emmitt Smith,0.0199994538467483,0.914675749181794,29.0554,Safe,Improved,0.926912217910669,-0.8401460967401213,0.04338306058527386,0.5,3.0,5.0
15,8,Shawn Johnson,0.0181596566595108,0.914675749181793,27.8333,Safe,Improved,0.8443864310500495,-0.8672999977414405,-0.011456783345695498,0.5,11.0,13.0
15,8,Pamela Anderson,0.1470193195013583,0.9146757491817924,0.0,Safe,Improved,-1.0351365076846561,1.0345631816043255,-0.00028666304016533584,0.5,6.5,5.0
15,8,Helio Castroneves,0.1470193195013583,0.9146757491817932,0.0,Safe,Improved,-1.0351365076846561,1.0345631816043255,-0.00028666304016533584,0.5,6.5,5.0
15,8,Joey Fatone,0.1470193195013582,0.914675749181792,0.0,Safe,Improved,-1.0351365076846561,1.034563181604324,-0.000286663040166113,0.5,9.5,10.0
15,8,Drew Lachey,0.1470193195013583,0.914675749181794,0.0,Safe,Improved,-1.0351365076846561,1.0345631816043255,-0.00028666304016533584,0.5,6.5,5.0
15,8,Bristol Palin,0.1470193195013583,0.9146757491817932,0.0,Safe,Improved,-1.0351365076846561,1.0345631816043255,-0.00028666304016533584,0.5,6.5,5.0
15,8,Melissa Rycroft,0.0214214916694017,0.9146757491817916,30.0,Safe,Improved,0.9906990260839292,-0.8191579821129641,0.08577052198548257,0.5,1.0,1.0
16,3,Ingo Rademacher,0.0851418896032163,0.0639298958806739,21.0,Safe,Improved,0.19839332288635556,0.11388124311276575,0.15613728299956064,0.5,7.0,8.0
16,3,Zendaya,0.0915246238717002,0.0639298958806739,25.9998,Safe,Improved,0.8985605677280292,0.5157895083172662,0.7071750380226477,0.5,1.5,1.5
16,3,Dorothy Hamill,0.0998727656557713,0.0639298958806737,0.0,Safe,Improved,-2.742426738251119,1.0414556321106638,-0.8504855530702276,0.5,11.0,6.0
16,3,Victor Ortiz,0.0876950854384432,0.0639298958806741,23.0,Safe,Improved,0.47847142394706743,0.274650979984037,0.3765612019655522,0.5,4.5,4.5
16,3,Alexandra Raisman,0.0876950854384432,0.0639298958806738,23.0,Safe,Improved,0.47847142394706743,0.274650979984037,0.3765612019655522,0.5,4.5,4.5
16,3,Jacoby Jones,0.0915246238717002,0.0639298958806739,25.9998,Safe,Improved,0.8985605677280292,0.5157895083172662,0.7071750380226477,0.5,1.5,1.5
16,3,D. L. Hughley,0.0787589000151489,0.0639298958806739,16.0,Safe,Improved,-0.501801929765424,-0.28804309906541975,-0.3949225144154219,0.5,10.0,11.0
16,3,Andy Dick,0.0813120958503759,0.0639298958806742,18.0,Safe,Improved,-0.22172382870471222,-0.12727336219414326,-0.17449859544942775,0.5,9.0,10.0
16,3,Wynonna Judd,0.0359428697750975,0.8972548958806741,15.0,Eliminated,Improved,-0.64184098029578,-2.9840845936473257,-1.8129627869715528,0.5,12.0,12.0
16,3,Kellie Pickler,0.0902482812736702,0.0639298958806738,25.0,Safe,Improved,0.7585495250077793,0.4354207168553134,0.5969851209315463,0.5,3.0,3.0
16,3,Lisa Vanderpump,0.0851418896032163,0.0639298958806738,21.0,Safe,Improved,0.19839332288635556,0.11388124311276575,0.15613728299956064,0.5,7.0,8.0
16,3,Sean Lowe,0.0851418896032163,0.0639298958806733,21.0,Safe,Improved,0.19839332288635556,0.11388124311276575,0.15613728299956064,0.5,7.0,8.0
16,4,Ingo Rademacher,0.0891369047619047,0.1610142857142855,23.0,Safe,Improved,0.47009979616537934,0.25710953791562235,0.3636046670405009,0.5,5.0,5.0
16,4,Zendaya,0.0931547619047619,0.161014285714286,26.0,Safe,Improved,0.7955535012029498,0.43510844878028815,0.6153309749916189,0.5,2.5,2.5
16,4,Dorothy Hamill,0.0931880952380952,0.1610142857142856,0.0,Safe,Improved,-2.025045275789327,0.43658518048523737,-0.7942300476520447,0.5,10.5,6.5
16,4,Victor Ortiz,0.0824404761904761,0.1610142857142865,18.0,Safe,Improved,-0.07232304556390466,-0.039555313525482916,-0.05593917954469379,0.5,9.0,11.0
16,4,Alexandra Raisman,0.0944940476190476,0.1610142857142861,27.0,Safe,Improved,0.9040380695488066,0.4944414190685082,0.6992397443086574,0.5,1.0,1.0
16,4,Jacoby Jones,0.0904761904761904,0.1610142857142863,24.0,Safe,Improved,0.5785843645112362,0.31644250820384306,0.4475134363575396,0.5,4.0,4.0
16,4,D. L. Hughley,0.0864583333333333,0.1610142857142859,21.0,Safe,Improved,0.25313065947366575,0.1384435973391822,0.19578712840642398,0.5,6.5,8.5
16,4,Andy Dick,0.0864583333333333,0.1610142857142859,21.0,Safe,Improved,0.25313065947366575,0.1384435973391822,0.19578712840642398,0.5,6.5,8.5
16,4,Wynonna Judd,0.0931880952380952,0.1610142857142857,0.0,Safe,Improved,-2.025045275789327,0.43658518048523737,-0.7942300476520447,0.5,10.5,6.5
16,4,Kellie Pickler,0.0931547619047619,0.161014285714286,26.0,Safe,Improved,0.7955535012029498,0.43510844878028815,0.6153309749916189,0.5,2.5,2.5
16,4,Lisa Vanderpump,0.0127309523809523,0.9137821428571428,18.0,Eliminated,Improved,-0.07232304556390466,-3.127823231922872,-1.6000731387433882,0.5,12.0,12.0
16,4,Sean Lowe,0.0851190476190476,0.1610142857142851,20.0,Safe,Improved,0.14464609112780893,0.07911062705096153,0.11187835908938523,0.5,8.0,10.0
16,5,Ingo Rademacher,0.0884768740080404,0.2587732057416274,21.0,Safe,Improved,0.3250359390815304,0.19278839134548373,0.2589121652135071,0.5,6.5,6.5
16,5,Zendaya,0.0999601275965571,0.2587732057416269,29.0,Safe,Improved,1.050697570519366,0.6231996832457771,0.8369486268825715,0.5,1.0,1.0
16,5,Dorothy Hamill,0.0863487639456416,0.2587732057416265,0.0,Safe,Improved,-1.5798258434427879,0.11302331481882352,-0.7334012643119822,0.5,10.0,10.0
16,5,Victor Ortiz,0.0884768740080404,0.2587732057416266,21.0,Safe,Improved,0.3250359390815304,0.19278839134548373,0.2589121652135071,0.5,6.5,6.5
16,5,Alexandra Raisman,0.0942185008022988,0.2587732057416263,25.0,Safe,Improved,0.6878667548004481,0.407994037295632,0.5479303960480401,0.5,4.0,4.0
16,5,Jacoby Jones,0.0956539075008633,0.2587732057416269,26.0,Safe,Improved,0.7785744587301776,0.4617954487831658,0.6201849537566717,0.5,3.0,3.0
16,5,D. L. Hughley,0.000124362031766,0.9195494019138756,18.0,Eliminated,Improved,0.05291282729234206,-3.118809539433687,-1.5329483560706725,0.5,12.0,12.0
16,5,Andy Dick,0.0841706539123466,0.258773205741627,18.0,Safe,Improved,0.05291282729234206,0.03138415688287237,0.042148492087607216,0.5,8.0,8.0
16,5,Wynonna Judd,0.0863487639456416,0.2587732057416274,0.0,Safe,Improved,-1.5798258434427879,0.11302331481882352,-0.7334012643119822,0.5,10.0,10.0
16,5,Kellie Pickler,0.097089314199428,0.2587732057416272,27.0,Safe,Improved,0.869282162659907,0.5155968602707064,0.6924395114653067,0.5,2.0,2.0
16,5,Lisa Vanderpump,0.0863487639456416,0.2587732057416261,0.0,Safe,Improved,-1.5798258434427879,0.11302331481882352,-0.7334012643119822,0.5,10.0,10.0
16,5,Sean Lowe,0.0927830941037342,0.2587732057416262,24.0,Safe,Improved,0.5971590508707187,0.3541926258080951,0.4756758383394069,0.5,5.0,5.0
16,6,Ingo Rademacher,0.0804657824933686,0.4248031830238727,23.0,Safe,Improved,0.620150662216652,-0.09963941815778428,0.26025562202943386,0.5,4.5,6.5
16,6,Zendaya,0.0844445623342174,0.4248031830238715,25.5,Safe,Improved,0.8327737464052184,0.03861211788995399,0.4356929321475862,0.5,3.0,3.0
16,6,Dorothy Hamill,0.1062007957559681,0.4248031830238726,0.0,Safe,Improved,-1.335981712318159,0.7945807337680572,-0.2707004892750509,0.5,9.5,6.5
16,6,Victor Ortiz,0.0,0.939525795755968,20.0,Eliminated,Improved,0.3650029611903723,-2.8956016161109583,-1.265299327460293,0.5,12.0,12.0
16,6,Alexandra Raisman,0.0852403183023872,0.4248031830238724,26.0,Safe,Improved,0.8752983632429318,0.06626242509950261,0.4707803941712172,0.5,2.0,2.0
16,6,Jacoby Jones,0.0796700265251989,0.4248031830238724,22.5,Safe,Improved,0.5776260453789387,-0.12728972536732952,0.22516816000580459,0.5,6.0,10.0
16,6,D. L. Hughley,0.1062007957559681,0.424803183023873,0.0,Safe,Improved,-1.335981712318159,0.7945807337680572,-0.2707004892750509,0.5,9.5,6.5
16,6,Andy Dick,0.0780785145888594,0.4248031830238732,21.5,Safe,Improved,0.49257681170351214,-0.18259033978642436,0.1549932359585439,0.5,7.0,11.0
16,6,Wynonna Judd,0.1062007957559681,0.4248031830238731,0.0,Safe,Improved,-1.335981712318159,0.7945807337680572,-0.2707004892750509,0.5,9.5,6.5
16,6,Kellie Pickler,0.0868318302387267,0.4248031830238726,27.0,Safe,Improved,0.9603475969183582,0.12156303951859744,0.5409553182184779,0.5,1.0,1.0
16,6,Lisa Vanderpump,0.1062007957559681,0.4248031830238729,0.0,Safe,Improved,-1.335981712318159,0.7945807337680572,-0.2707004892750509,0.5,9.5,6.5
16,6,Sean Lowe,0.0804657824933686,0.4248031830238733,23.0,Safe,Improved,0.620150662216652,-0.09963941815778428,0.26025562202943386,0.5,4.5,6.5
16,7,Ingo Rademacher,0.0849710144927535,0.4624565217391301,25.0,Safe,Improved,0.6894111332472763,0.06180547698656056,0.37560830511691845,0.5,5.0,7.5
16,7,Zendaya,0.093123188405797,0.4624565217391312,30.0,Safe,Improved,1.0460030987200055,0.36946548410993846,0.707734291414972,0.5,2.0,2.0
16,7,Dorothy Hamill,0.0924913043478261,0.4624565217391313,0.0,Safe,Improved,-1.0935486941163695,0.3456184151133573,-0.3739651395015061,0.5,9.0,7.5
16,7,Victor Ortiz,0.0924913043478261,0.462456521739131,0.0,Safe,Improved,-1.0935486941163695,0.3456184151133573,-0.3739651395015061,0.5,9.0,7.5
16,7,Alexandra Raisman,0.0963840579710144,0.4624565217391306,32.0,Safe,Improved,1.1886398849090969,0.4925294869592896,0.8405846859341932,0.5,1.0,1.0
16,7,Jacoby Jones,0.0882318840579709,0.46245652173913,27.0,Safe,Improved,0.8320479194363679,0.18486947983591173,0.5084586996361398,0.5,4.0,4.0
16,7,D. L. Hughley,0.0924913043478261,0.462456521739131,0.0,Safe,Improved,-1.0935486941163695,0.3456184151133573,-0.3739651395015061,0.5,9.0,7.5
16,7,Andy Dick,0.0,0.9264743083003948,17.0,Eliminated,Improved,0.11886398849090966,-3.14496896170563,-1.51305248660736,0.5,12.0,12.0
16,7,Wynonna Judd,0.0924913043478261,0.4624565217391305,0.0,Safe,Improved,-1.0935486941163695,0.3456184151133573,-0.3739651395015061,0.5,9.0,7.5
16,7,Kellie Pickler,0.0914927536231883,0.4624565217391309,29.0,Safe,Improved,0.9746847056254596,0.3079334826852629,0.6413090941553612,0.5,3.0,3.0
16,7,Lisa Vanderpump,0.0924913043478261,0.4624565217391305,0.0,Safe,Improved,-1.0935486941163695,0.3456184151133573,-0.3739651395015061,0.5,9.0,7.5
16,7,Sean Lowe,0.0833405797101448,0.4624565217391306,24.0,Safe,Improved,0.6180927401527304,0.0002734755618849796,0.3091831078573077,0.5,6.0,11.0
16,8,Ingo Rademacher,0.0322272668810289,0.8108893890675263,24.0,Safe,Improved,0.8070094761244531,-0.9265447915186518,-0.05976765769709935,0.5,11.0,11.0
16,8,Zendaya,0.0418735691318327,0.8108893890675238,29.0,Safe,Improved,1.1724477294638278,-0.7516588781948746,0.21039442563447658,0.5,1.0,1.0
16,8,Dorothy Hamill,0.1351482315112541,0.8108893890675261,0.0,Safe,Improved,-0.9470941399045468,0.9393957970650479,-0.003849171419749442,0.5,5.5,3.5
16,8,Victor Ortiz,0.1351482315112541,0.8108893890675232,0.0,Safe,Improved,-0.9470941399045468,0.9393957970650479,-0.003849171419749442,0.5,5.5,3.5
16,8,Alexandra Raisman,0.039944308681672,0.8108893890675238,28.0,Safe,Improved,1.099360078795953,-0.7866360608596289,0.15636200896816205,0.5,2.0,2.0
16,8,Jacoby Jones,0.0360857877813504,0.8108893890675246,26.0,Safe,Improved,0.953184777460203,-0.8565904261891413,0.048297175635530876,0.5,4.0,8.0
16,8,D. L. Hughley,0.135148231511254,0.8108893890675244,0.0,Safe,Improved,-0.9470941399045468,0.939395797065046,-0.003849171419750441,0.5,7.5,6.5
16,8,Andy Dick,0.1351482315112539,0.810889389067524,0.0,Safe,Improved,-0.9470941399045468,0.9393957970650444,-0.0038491714197512183,0.5,9.5,9.5
16,8,Wynonna Judd,0.1351482315112539,0.8108893890675233,0.0,Safe,Improved,-0.9470941399045468,0.9393957970650444,-0.0038491714197512183,0.5,9.5,9.5
16,8,Kellie Pickler,0.0389796784565916,0.8108893890675244,27.5,Safe,Improved,1.0628162534620156,-0.804124652192007,0.12934580063500428,0.5,3.0,5.0
16,8,Lisa Vanderpump,0.135148231511254,0.8108893890675246,0.0,Safe,Improved,-0.9470941399045468,0.939395797065046,-0.003849171419750441,0.5,7.5,6.5
16,8,Sean Lowe,0.0,0.97396209807074,21.0,Eliminated,Improved,0.5877465241208281,-1.5108199734359733,-0.4615367246575726,0.5,12.0,12.0
17,2,Valerie Harper,0.0797619047619047,0.0038593984962378,19.0,Safe,Improved,-1.0416202175436253,-1.0152260499704235,-1.0284231337570244,0.5,10.0,10.0
17,2,Brant Daugherty,0.0842731829573934,0.0038593984962408,23.0,Safe,Improved,0.27411058356411144,0.2671647499922107,0.27063766677816103,0.5,7.0,7.0
17,2,Elizabeth Berkley Lauren,0.0865288220551378,0.0038593984962409,25.0,Safe,Improved,0.9319759841179798,0.9083601499735415,0.9201680670457606,0.5,2.5,2.5
17,2,Leah Remini,0.0854010025062656,0.0038593984962407,24.0,Safe,Improved,0.6030432838410456,0.5877624499828761,0.5954028669119609,0.5,5.0,5.0
17,2,Corbin Bleu,0.08765664160401,0.0038593984962408,26.0,Safe,Improved,1.260908684394914,1.2289578499642069,1.2449332671795603,0.5,1.0,1.0
17,2,Amber Riley,0.0854010025062656,0.0038593984962409,24.0,Safe,Improved,0.6030432838410456,0.5877624499828761,0.5954028669119609,0.5,5.0,5.0
17,2,Keyshawn Johnson,0.0761404761904761,0.9010941729323309,18.0,Eliminated,Improved,-1.3705529178205593,-2.044665264640439,-1.7076090912304993,0.5,12.0,12.0
17,2,Bill Engvall,0.0820175438596491,0.0038593984962438,21.0,Safe,Improved,-0.38375481698975694,-0.3740306499890926,-0.37889273348942476,0.5,8.0,8.0
17,2,Christina Milian,0.0865288220551378,0.0038593984962408,25.0,Safe,Improved,0.9319759841179798,0.9083601499735415,0.9201680670457606,0.5,2.5,2.5
17,2,"Nicole ""Snooki"" Polizzi",0.0808897243107769,0.0038593984962459,20.0,Safe,Improved,-0.7126875172666911,-0.694628349979758,-0.7036579336232245,0.5,9.0,9.0
17,2,Jack Osbourne,0.0854010025062656,0.0038593984962402,24.0,Safe,Improved,0.6030432838410456,0.5877624499828761,0.5954028669119609,0.5,5.0,5.0
17,2,Bill Nye,0.0799998746867167,0.00385939849624,17.0,Safe,Improved,-1.6994856180974935,-0.947579935272404,-1.3235327766849487,0.5,11.0,11.0
17,3,Valerie Harper,0.0771568627438853,0.0629450980392158,16.0,Safe,Improved,-0.6903061591208901,-0.39583494568147676,-0.5430705524011834,0.5,10.0,11.0
17,3,Brant Daugherty,0.0900980392144736,0.0629450980392157,27.0,Safe,Improved,0.7560496028466892,0.4335335117740183,0.5947915573103537,0.5,1.0,1.0
17,3,Elizabeth Berkley Lauren,0.087745098038003,0.0629450980392156,25.0,Safe,Improved,0.493075827943493,0.28273924678211015,0.3879075373628016,0.5,4.5,4.5
17,3,Leah Remini,0.0865686274497677,0.0629450980392154,24.0,Safe,Improved,0.36158894049189483,0.20734211428615656,0.2844655273890257,0.5,7.0,8.0
17,3,Corbin Bleu,0.0889215686262383,0.0629450980392158,26.0,Safe,Improved,0.6245627153950911,0.3581363792780647,0.4913495473365779,0.5,2.5,2.5
17,3,Amber Riley,0.0865686274497677,0.0629450980392156,24.0,Safe,Improved,0.36158894049189483,0.20734211428615656,0.2844655273890257,0.5,7.0,8.0
17,3,Keyshawn Johnson,0.0991676470648868,0.0629450980392151,0.0,Safe,Improved,-2.79409635834646,1.0147825728403725,-0.8896568927530438,0.5,11.0,6.0
17,3,Bill Engvall,0.0865686274497677,0.0629450980392155,24.0,Safe,Improved,0.36158894049189483,0.20734211428615656,0.2844655273890257,0.5,7.0,8.0
17,3,Christina Milian,0.0889215686262383,0.0629450980392155,26.0,Safe,Improved,0.6245627153950911,0.3581363792780647,0.4913495473365779,0.5,2.5,2.5
17,3,"Nicole ""Snooki"" Polizzi",0.087745098038003,0.0629450980392158,25.0,Safe,Improved,0.493075827943493,0.28273924678211015,0.3879075373628016,0.5,4.5,4.5
17,3,Jack Osbourne,0.0842156862732971,0.062945098039216,22.0,Safe,Improved,0.0986151655886986,0.05654784929424844,0.07758150744147352,0.5,9.0,10.0
17,3,Bill Nye,0.0363225490256711,0.8961700980392158,16.0,Eliminated,Improved,-0.6903061591208901,-3.012806583205982,-1.851556371163436,0.5,12.0,12.0
17,4,Valerie Harper,0.0152286919831223,0.909374367088608,18.0,Eliminated,Improved,-0.18206820559426318,-3.151225627816852,-1.6666469167055575,0.5,12.0,12.0
17,4,Brant Daugherty,0.084915611814346,0.1520987341772148,21.0,Safe,Improved,0.13004871828161654,0.07321257994841308,0.10163064911501482,0.5,8.5,10.5
17,4,Elizabeth Berkley Lauren,0.0925105485232067,0.1520987341772153,27.0,Safe,Improved,0.754282566033376,0.42463296370078524,0.5894577648670806,0.5,2.0,2.0
17,4,Leah Remini,0.0887130801687763,0.1520987341772151,24.0,Safe,Improved,0.44216564215749626,0.2489227718245969,0.3455442069910466,0.5,5.5,5.5
17,4,Corbin Bleu,0.0925105485232067,0.1520987341772148,27.0,Safe,Improved,0.754282566033376,0.42463296370078524,0.5894577648670806,0.5,2.0,2.0
17,4,Amber Riley,0.0925105485232067,0.1520987341772149,27.0,Safe,Improved,0.754282566033376,0.42463296370078524,0.5894577648670806,0.5,2.0,2.0
17,4,Keyshawn Johnson,0.0912780590717299,0.1520987341772147,0.0,Safe,Improved,-2.0547697488495413,0.3676052447596355,-0.843582252044953,0.5,10.5,8.5
17,4,Bill Engvall,0.084915611814346,0.1520987341772151,21.0,Safe,Improved,0.13004871828161654,0.07321257994841308,0.10163064911501482,0.5,8.5,10.5
17,4,Christina Milian,0.0887130801687763,0.1520987341772152,24.0,Safe,Improved,0.44216564215749626,0.2489227718245969,0.3455442069910466,0.5,5.5,5.5
17,4,"Nicole ""Snooki"" Polizzi",0.0887130801687763,0.1520987341772151,24.0,Safe,Improved,0.44216564215749626,0.2489227718245969,0.3455442069910466,0.5,5.5,5.5
17,4,Jack Osbourne,0.0887130801687763,0.1520987341772151,24.0,Safe,Improved,0.44216564215749626,0.2489227718245969,0.3455442069910466,0.5,5.5,5.5
17,4,Bill Nye,0.0912780590717299,0.1520987341772139,0.0,Safe,Improved,-2.0547697488495413,0.3676052447596355,-0.843582252044953,0.5,10.5,8.5
17,5,Valerie Harper,0.1192489361702127,0.4308872340425507,0.0,Safe,Improved,-1.6418646440498819,1.1392500020503151,-0.25130732099978337,0.5,10.0,6.0
17,5,Brant Daugherty,0.0817178191489361,0.430887234042553,27.0,Safe,Improved,0.6218125673210193,-0.05124442839636716,0.2852840694623261,0.5,3.0,3.0
17,5,Elizabeth Berkley Lauren,0.0804412234042553,0.4308872340425526,26.0,Safe,Improved,0.5379726706035785,-0.09173829707373289,0.2231171867649228,0.5,5.5,9.5
17,5,Leah Remini,0.0753348404255319,0.4308872340425538,22.0,Safe,Improved,0.20261308373381534,-0.25371377178320287,-0.025550344024693764,0.5,8.0,12.0
17,5,Corbin Bleu,0.082994414893617,0.4308872340425528,28.0,Safe,Improved,0.70565246403846,-0.010750559718997911,0.34745095215973104,0.5,1.0,1.0
17,5,Amber Riley,0.0804412234042553,0.430887234042553,26.0,Safe,Improved,0.5379726706035785,-0.09173829707373289,0.2231171867649228,0.5,5.5,9.5
17,5,Keyshawn Johnson,0.1192489361702127,0.4308872340425536,0.0,Safe,Improved,-1.6418646440498819,1.1392500020503151,-0.25130732099978337,0.5,10.0,6.0
17,5,Bill Engvall,0.0778880319148936,0.430887234042554,24.0,Safe,Improved,0.3702928771686969,-0.17272603442846787,0.09878342137011452,0.5,7.0,11.0
17,5,Christina Milian,5.551115123125783e-17,0.9525739361702128,28.0,Eliminated,Improved,0.70565246403846,-2.6433497608837104,-0.9688486484226252,0.5,12.0,8.0
17,5,"Nicole ""Snooki"" Polizzi",0.0817178191489361,0.4308872340425536,27.0,Safe,Improved,0.6218125673210193,-0.05124442839636716,0.2852840694623261,0.5,3.0,3.0
17,5,Jack Osbourne,0.0817178191489361,0.430887234042554,27.0,Safe,Improved,0.6218125673210193,-0.05124442839636716,0.2852840694623261,0.5,3.0,3.0
17,5,Bill Nye,0.1192489361702127,0.4308872340425528,0.0,Safe,Improved,-1.6418646440498819,1.1392500020503151,-0.25130732099978337,0.5,10.0,6.0
17,7,Valerie Harper,0.1219961625282167,0.4995713318284405,0.0,Safe,Improved,-1.3482580428371058,1.0962895682697444,-0.1259842372836807,0.5,9.0,6.0
17,7,Brant Daugherty,0.0741124798452112,0.4995713318284427,28.5,Safe,Improved,0.7334767230784257,-0.26145850420355954,0.23600910943743308,0.5,3.5,3.5
17,7,Elizabeth Berkley Lauren,0.0720808771364076,0.4995713318284426,27.0,Safe,Improved,0.6239117353986608,-0.31906486418573843,0.1524234356064612,0.5,5.0,8.5
17,7,Leah Remini,0.071403676233473,0.4995713318284424,26.5,Safe,Improved,0.5873900728387392,-0.3382669841797996,0.12456154432946981,0.5,6.0,10.0
17,7,Corbin Bleu,0.0754668816510802,0.4995713318284428,29.5,Safe,Improved,0.806520048198269,-0.22305426421544225,0.29173289199141333,0.5,1.5,1.5
17,7,Amber Riley,0.0754668816510802,0.4995713318284432,29.5,Safe,Improved,0.806520048198269,-0.22305426421544225,0.29173289199141333,0.5,1.5,1.5
17,7,Keyshawn Johnson,0.1219961625282166,0.4995713318284428,0.0,Safe,Improved,-1.3482580428371058,1.0962895682697418,-0.12598423728368202,0.5,11.0,8.5
17,7,Bill Engvall,0.0693720735246694,0.499571331828442,25.0,Safe,Improved,0.4778250851589744,-0.3958733441619785,0.04097587049849796,0.5,7.0,12.0
17,7,Christina Milian,0.1219961625282167,0.4995713318284425,0.0,Safe,Improved,-1.3482580428371058,1.0962895682697444,-0.1259842372836807,0.5,9.0,6.0
17,7,"Nicole ""Snooki"" Polizzi",0.0,0.9553211625282164,27.0,Eliminated,Improved,0.6239117353986608,-2.3629275437134534,-0.8695079041573963,0.5,12.0,11.0
17,7,Jack Osbourne,0.0741124798452112,0.4995713318284429,28.5,Safe,Improved,0.7334767230784257,-0.26145850420355954,0.23600910943743308,0.5,3.5,3.5
17,7,Bill Nye,0.1219961625282167,0.4995713318284429,0.0,Safe,Improved,-1.3482580428371058,1.0962895682697444,-0.1259842372836807,0.5,9.0,6.0
17,8,Valerie Harper,0.1407250000000001,0.7298666666666656,0.0,Safe,Improved,-1.124744155794024,1.0916967974966436,-0.01652367914869024,0.5,5.5,3.5
17,8,Brant Daugherty,5.551115123125783e-17,0.97405,27.0,Eliminated,Improved,0.7732616071083915,-1.5851557971491788,-0.4059470950203936,0.5,12.0,11.0
17,8,Elizabeth Berkley Lauren,0.0454895833333333,0.7298666666666673,25.0,Safe,Improved,0.6326685876341386,-0.7198588763803715,-0.04359514437311646,0.5,10.0,10.0
17,8,Leah Remini,0.0501770833333333,0.729866666666666,28.0,Safe,Improved,0.8435581168455181,-0.63069386279073,0.10643212702739402,0.5,3.5,5.5
17,8,Corbin Bleu,0.0533020833333333,0.7298666666666659,30.0,Safe,Improved,0.9841511363197711,-0.5712505203976358,0.20645030796106767,0.5,1.5,1.5
17,8,Amber Riley,0.0501770833333333,0.729866666666666,28.0,Safe,Improved,0.8435581168455181,-0.63069386279073,0.10643212702739402,0.5,3.5,5.5
17,8,Keyshawn Johnson,0.140725,0.7298666666666664,0.0,Safe,Improved,-1.124744155794024,1.0916967974966414,-0.01652367914869135,0.5,7.0,7.0
17,8,Bill Engvall,0.0439270833333333,0.7298666666666669,24.0,Safe,Improved,0.562372077897012,-0.7495805475769186,-0.09360423483995328,0.5,11.0,12.0
17,8,Christina Milian,0.1407249999999998,0.7298666666666664,0.0,Safe,Improved,-1.124744155794024,1.0916967974966378,-0.016523679148693127,0.5,8.0,8.0
17,8,"Nicole ""Snooki"" Polizzi",0.1407249999999997,0.7298666666666667,0.0,Safe,Improved,-1.124744155794024,1.091696797496636,-0.016523679148694015,0.5,9.0,9.0
17,8,Jack Osbourne,0.0533020833333333,0.7298666666666672,30.0,Safe,Improved,0.9841511363197711,-0.5712505203976358,0.20645030796106767,0.5,1.5,1.5
17,8,Bill Nye,0.1407250000000001,0.7298666666666671,0.0,Safe,Improved,-1.124744155794024,1.0916967974966436,-0.01652367914869024,0.5,5.5,3.5
18,2,Billy Dee Williams,0.076775956284153,0.1111557377049172,15.0,Safe,Improved,-0.7621404633061943,-0.33585556023006724,-0.5489980117681308,0.5,10.0,12.0
18,2,Danica McKellar,0.0878415300546448,0.1111557377049183,24.0,Safe,Improved,0.5239715685230089,0.23090069765817592,0.3774361330905924,0.5,4.5,4.5
18,2,James Maslow,0.0890710382513661,0.1111557377049184,25.0,Safe,Improved,0.6668729053929203,0.2938736152013133,0.4803732602971168,0.5,2.0,2.0
18,2,Candace Cameron Bure,0.0841530054644808,0.1111557377049176,21.0,Safe,Improved,0.09526755791327449,0.041981945028758225,0.06862475147101635,0.5,8.0,9.0
18,2,Sean Avery,0.0281603825136611,0.919490573770492,21.0,Eliminated,Improved,0.09526755791327449,-2.8258467018307822,-1.365289571958754,0.5,12.0,11.0
18,2,Diana Nyad,0.1143259562841529,0.1111557377049186,0.0,Eliminated,Improved,-2.9056605163548666,1.5873793234823947,-0.6591405964362359,0.5,11.0,6.5
18,2,Charlie White,0.0890710382513661,0.1111557377049181,25.0,Safe,Improved,0.6668729053929203,0.2938736152013133,0.4803732602971168,0.5,2.0,2.0
18,2,Amy Purdy,0.0878415300546448,0.1111557377049181,24.0,Safe,Improved,0.5239715685230089,0.23090069765817592,0.3774361330905924,0.5,4.5,4.5
18,2,Meryl Davis,0.0890710382513661,0.111155737704918,25.0,Safe,Improved,0.6668729053929203,0.2938736152013133,0.4803732602971168,0.5,2.0,2.0
18,2,Drew Carey,0.0841530054644808,0.1111557377049179,21.0,Safe,Improved,0.09526755791327449,0.041981945028758225,0.06862475147101635,0.5,8.0,9.0
18,2,Cody Simpson,0.0853825136612021,0.111155737704918,22.0,Safe,Improved,0.23816889478318595,0.10495486257189555,0.17156187867754075,0.5,6.0,6.5
18,2,NeNe Leakes,0.0841530054644808,0.1111557377049173,21.0,Safe,Improved,0.09526755791327449,0.041981945028758225,0.06862475147101635,0.5,8.0,9.0
18,5,Billy Dee Williams,0.1056900621118012,0.3358037267080743,0.0,Safe,Improved,-1.6314690080735657,0.8015821828408712,-0.4149434126163472,0.5,10.0,6.0
18,5,Danica McKellar,0.0881612577639751,0.3358037267080748,39.0,Safe,Improved,0.7397343949650329,0.17310127264378117,0.45641783380440704,0.5,2.0,2.0
18,5,James Maslow,0.0890929347826086,0.3358037267080753,40.0,Safe,Improved,0.8005344822224328,0.20650578838036726,0.5035201353014,0.5,1.0,1.0
18,5,Candace Cameron Bure,0.0844345496894409,0.3358037267080742,35.0,Safe,Improved,0.4965340459354331,0.03948320969743038,0.26800862781643175,0.5,7.0,10.0
18,5,Sean Avery,0.1056900621118012,0.3358037267080747,0.0,Safe,Improved,-1.6314690080735657,0.8015821828408712,-0.4149434126163472,0.5,10.0,6.0
18,5,Diana Nyad,0.1056900621118012,0.3358037267080744,0.0,Safe,Improved,-1.6314690080735657,0.8015821828408712,-0.4149434126163472,0.5,10.0,6.0
18,5,Charlie White,0.086297903726708,0.3358037267080743,37.0,Safe,Improved,0.618134220450233,0.10629224117060553,0.3622132308104193,0.5,3.5,3.5
18,5,Amy Purdy,0.086297903726708,0.3358037267080745,37.0,Safe,Improved,0.618134220450233,0.10629224117060553,0.3622132308104193,0.5,3.5,3.5
18,5,Meryl Davis,0.0853662267080745,0.335803726708075,36.0,Safe,Improved,0.5573341331928331,0.07288772543401995,0.31511092931342655,0.5,5.5,8.5
18,5,Drew Carey,0.0779128105590061,0.3358037267080744,28.0,Safe,Improved,0.07093343513363336,-0.19434840045868215,-0.0617074826625244,0.5,8.0,11.5
18,5,Cody Simpson,0.0,0.9390150621118012,34.0,Eliminated,Improved,0.4357339586780331,-2.987848351994761,-1.276057196658364,0.5,12.0,11.5
18,5,NeNe Leakes,0.0853662267080745,0.335803726708075,36.0,Safe,Improved,0.5573341331928331,0.07288772543401995,0.31511092931342655,0.5,5.5,8.5
18,6,Billy Dee Williams,0.1135751773049645,0.4544007092198571,0.0,Safe,Improved,-1.342408917863266,0.962632191203767,-0.18988836332974957,0.5,9.5,6.5
18,6,Danica McKellar,0.0782609929078014,0.4544007092198583,36.0,Safe,Improved,0.7140472967357798,-0.16145834833820308,0.2762944741987884,0.5,3.5,3.5
18,6,James Maslow,0.0771971631205673,0.4544007092198587,35.0,Safe,Improved,0.6569235129969175,-0.19532125696618385,0.23080112801536684,0.5,5.0,9.0
18,6,Candace Cameron Bure,0.0740056737588652,0.4544007092198586,32.0,Safe,Improved,0.48555216178033034,-0.29690998285012,0.09432108946510517,0.5,7.0,11.0
18,6,Sean Avery,0.1135751773049645,0.4544007092198587,0.0,Safe,Improved,-1.342408917863266,0.962632191203767,-0.18988836332974957,0.5,9.5,6.5
18,6,Diana Nyad,0.1135751773049645,0.4544007092198576,0.0,Safe,Improved,-1.342408917863266,0.962632191203767,-0.18988836332974957,0.5,9.5,6.5
18,6,Charlie White,0.0782609929078014,0.4544007092198586,36.0,Safe,Improved,0.7140472967357798,-0.16145834833820308,0.2762944741987884,0.5,3.5,3.5
18,6,Amy Purdy,0.0803886524822695,0.4544007092198588,38.0,Safe,Improved,0.8282948642135046,-0.09373253108224507,0.36728116656562976,0.5,2.0,2.0
18,6,Meryl Davis,0.0825163120567376,0.4544007092198586,40.0,Safe,Improved,0.9425424316912294,-0.026006713826286602,0.4582678589324714,0.5,1.0,1.0
18,6,Drew Carey,0.0,0.9469001773049648,32.0,Eliminated,Improved,0.48555216178033034,-2.652594509191684,-1.083521173705677,0.5,12.0,12.0
18,6,Cody Simpson,0.1135751773049645,0.4544007092198585,0.0,Safe,Improved,-1.342408917863266,0.962632191203767,-0.18988836332974957,0.5,9.5,6.5
18,6,NeNe Leakes,0.0750695035460993,0.4544007092198584,33.0,Safe,Improved,0.5426759455191927,-0.26304707422213924,0.13981443564852675,0.5,6.0,10.0
18,7,Billy Dee Williams,0.1305347826086955,0.652673913043478,0.0,Safe,Improved,-1.1295338686631804,1.0558297451632082,-0.03685206174998612,0.5,9.0,6.5
18,7,Danica McKellar,0.0570971673254282,0.652673913043478,36.0,Safe,Improved,0.7991563734810646,-0.5868659733006362,0.10614520009021422,0.5,4.0,6.5
18,7,James Maslow,0.0559113965744401,0.6526739130434794,35.0,Safe,Improved,0.7455816445326133,-0.6133899900216915,0.06609582725546093,0.5,6.0,11.0
18,7,Candace Cameron Bure,0.0582829380764163,0.6526739130434782,37.0,Safe,Improved,0.8527311024295158,-0.5603419565795809,0.14619457292496746,0.5,3.0,3.0
18,7,Sean Avery,0.1305347826086955,0.6526739130434783,0.0,Safe,Improved,-1.1295338686631804,1.0558297451632082,-0.03685206174998612,0.5,9.0,6.5
18,7,Diana Nyad,0.1305347826086955,0.6526739130434787,0.0,Safe,Improved,-1.1295338686631804,1.0558297451632082,-0.03685206174998612,0.5,9.0,6.5
18,7,Charlie White,0.0565042819499341,0.6526739130434781,35.5,Safe,Improved,0.7723690090068389,-0.600127981661165,0.08612051367283696,0.5,5.0,10.0
18,7,Amy Purdy,0.0588758234519104,0.6526739130434784,37.5,Safe,Improved,0.8795184669037415,-0.5470799482190521,0.16621925934234466,0.5,2.0,2.0
18,7,Meryl Davis,0.0606544795783926,0.6526739130434789,39.0,Safe,Improved,0.9598805603264183,-0.507293923137468,0.22629331859447516,0.5,1.0,1.0
18,7,Drew Carey,0.1305347826086955,0.6526739130434782,0.0,Safe,Improved,-1.1295338686631804,1.0558297451632082,-0.03685206174998612,0.5,9.0,6.5
18,7,Cody Simpson,0.1305347826086955,0.6526739130434783,0.0,Safe,Improved,-1.1295338686631804,1.0558297451632082,-0.03685206174998612,0.5,9.0,6.5
18,7,NeNe Leakes,6.938893903907227e-17,0.9638597826086956,33.0,Eliminated,Improved,0.6384321866357108,-1.8640489528964514,-0.6128083831303703,0.5,12.0,12.0
19,1,Antonio Sabato Jr.,0.0740074441687344,0.0054763440860214,25.0,Safe,Improved,-0.7751056200153705,-0.7456204321262915,-0.760363026070831,0.5,10.5,10.5
19,1,Jonathan Bennett,0.0780397022332506,0.0054763440860217,30.0,Safe,Improved,0.29684896085695,0.28555676123986007,0.29120286104840504,0.5,6.0,6.0
19,1,Lea Thompson,0.079652605459057,0.0054763440860217,32.0,Safe,Improved,0.7256307932058782,0.6980276385862993,0.7118292158960888,0.5,3.5,3.5
19,1,Janel Parrish,0.0772332506203474,0.0054763440860228,29.0,Safe,Improved,0.08245804468248591,0.07932132256664041,0.08088968362456317,0.5,7.5,7.5
19,1,Alfonso Ribeiro,0.0828784119106699,0.0054763440860217,36.0,Safe,Improved,1.5831944579037347,1.5229693932792028,1.5530819255914687,0.5,1.0,1.0
19,1,Lolo Jones,0.0680434656741108,0.9053859387923906,22.0,Eliminated,Improved,-1.4182783685387628,-2.270800246261006,-1.8445393073998844,0.5,13.0,12.5
19,1,Randy Couture,0.0788461538461538,0.0054763440860217,31.0,Safe,Improved,0.5112398770314142,0.4917921999130797,0.5015160384722469,0.5,5.0,5.0
19,1,Tommy Chong,0.0756203473945409,0.0054763440860143,27.0,Safe,Improved,-0.34632378766644234,-0.3331495547798237,-0.339736671223133,0.5,9.0,9.0
19,1,Betsey Johnson,0.0735198097601323,0.0054763440860213,20.0,Safe,Improved,-1.847060200887691,-0.8703241273773553,-1.3586921641325231,0.5,12.0,12.5
19,1,Michael Waltrip,0.0740074441687344,0.0054763440860253,25.0,Safe,Improved,-0.7751056200153705,-0.7456204321262915,-0.760363026070831,0.5,10.5,10.5
19,1,Tavis Smiley,0.0772332506203474,0.0054763440860203,29.0,Safe,Improved,0.08245804468248591,0.07932132256664041,0.08088968362456317,0.5,7.5,7.5
19,1,Bethany Mota,0.079652605459057,0.0054763440860216,32.0,Safe,Improved,0.7256307932058782,0.6980276385862993,0.7118292158960888,0.5,3.5,3.5
19,1,Sadie Robertson,0.0812655086848635,0.0054763440860202,34.0,Safe,Improved,1.1544126255548064,1.1104985159327636,1.132455570743785,0.5,2.0,2.0
19,2,Antonio Sabato Jr.,0.0795367615809604,0.0888977900552492,31.0,Safe,Improved,0.35489301338438733,0.15571752737496528,0.2553052703796763,0.5,5.5,5.5
19,2,Jonathan Bennett,0.0787080322991925,0.088897790055249,30.0,Safe,Improved,0.24236596036006938,0.10634367723168696,0.17435481879587816,0.5,7.0,8.0
19,2,Lea Thompson,0.0828516787080322,0.0888977900552487,35.0,Safe,Improved,0.8050012254816592,0.35321292794809006,0.5791070767148746,0.5,1.0,1.0
19,2,Janel Parrish,0.0820229494262643,0.088897790055249,34.0,Safe,Improved,0.6924741724573412,0.30383907780481173,0.4981566251310765,0.5,2.0,2.0
19,2,Alfonso Ribeiro,0.0803654908627284,0.0888977900552489,32.0,Safe,Improved,0.4674200664087053,0.20509137751824935,0.3362557219634773,0.5,4.0,4.0
19,2,Lolo Jones,0.1041723969400764,0.0888977900552487,0.0,Safe,Improved,-3.1334456303694695,1.6234539705842954,-0.7549958298925871,0.5,12.0,7.0
19,2,Randy Couture,0.0770505737356565,0.088897790055249,28.0,Safe,Improved,0.01731185431143347,0.007595976945118784,0.012453915628276128,0.5,9.0,10.0
19,2,Tommy Chong,0.0770505737356565,0.0888977900552486,28.0,Safe,Improved,0.01731185431143347,0.007595976945118784,0.012453915628276128,0.5,9.0,10.0
19,2,Betsey Johnson,0.0770505737356565,0.0888977900552483,28.0,Safe,Improved,0.01731185431143347,0.007595976945118784,0.012453915628276128,0.5,9.0,10.0
19,2,Michael Waltrip,0.0737356566085847,0.0888977900552483,24.0,Safe,Improved,-0.43279635778583836,-0.18989942362800682,-0.3113478907069226,0.5,11.0,13.0
19,2,Tavis Smiley,0.0267243306417339,0.9235942201444964,28.0,Eliminated,Improved,0.01731185431143347,-2.9907298207059383,-1.4867089831972524,0.5,13.0,12.0
19,2,Bethany Mota,0.0811942201444963,0.0888977900552486,33.0,Safe,Improved,0.5799471194330232,0.2544652276615277,0.41720617354727546,0.5,3.0,3.0
19,2,Sadie Robertson,0.0795367615809604,0.0888977900552481,31.0,Safe,Improved,0.35489301338438733,0.15571752737496528,0.2553052703796763,0.5,5.5,5.5
19,3,Antonio Sabato Jr.,0.0784920461974286,0.1475087818696884,29.0,Safe,Improved,0.14498445202729696,0.07922580568036672,0.11210512885383184,0.5,8.5,10.5
19,3,Jonathan Bennett,0.0810416212682501,0.1475087818696884,32.0,Safe,Improved,0.3805841865716544,0.20796773991095877,0.29427596324130656,0.5,5.0,5.0
19,3,Lea Thompson,0.0801917629113096,0.1475087818696886,31.0,Safe,Improved,0.30205094172353525,0.16505376183409476,0.233552351778815,0.5,7.0,8.0
19,3,Janel Parrish,0.0878404881237742,0.1475087818696886,40.0,Safe,Improved,1.0088501453566077,0.5512795645258758,0.7800648549412417,0.5,1.5,1.5
19,3,Alfonso Ribeiro,0.0810416212682501,0.1475087818696884,32.0,Safe,Improved,0.3805841865716544,0.20796773991095877,0.29427596324130656,0.5,5.0,5.0
19,3,Lolo Jones,0.0857963899179196,0.1475087818696886,0.0,Safe,Improved,-2.1324796485681587,0.4480619108114434,-0.8422088688783577,0.5,11.5,8.0
19,3,Randy Couture,0.0120419989830754,0.9199005447809984,26.0,Eliminated,Improved,-0.09061528251706052,-3.276199067270527,-1.6834071748937938,0.5,13.0,13.0
19,3,Tommy Chong,0.0827413379821311,0.1475087818696885,34.0,Safe,Improved,0.5376506762678928,0.2937956960646868,0.4157231861662898,0.5,3.0,3.0
19,3,Betsey Johnson,0.0784920461974286,0.1475087818696883,29.0,Safe,Improved,0.14498445202729696,0.07922580568036672,0.11210512885383184,0.5,8.5,10.5
19,3,Michael Waltrip,0.0776421878404881,0.1475087818696886,28.0,Safe,Improved,0.0664512071791778,0.0363118276035027,0.051381517391340246,0.5,10.0,12.0
19,3,Tavis Smiley,0.0857963899179196,0.1475087818696886,0.0,Safe,Improved,-2.1324796485681587,0.4480619108114434,-0.8422088688783577,0.5,11.5,8.0
19,3,Bethany Mota,0.0878404881237742,0.1475087818696888,40.0,Safe,Improved,1.0088501453566077,0.5512795645258758,0.7800648549412417,0.5,1.5,1.5
19,3,Sadie Robertson,0.0810416212682501,0.1475087818696872,32.0,Safe,Improved,0.3805841865716544,0.20796773991095877,0.29427596324130656,0.5,5.0,5.0
19,4,Antonio Sabato Jr.,0.0777444444444444,0.3038249999999989,29.0,Safe,Improved,0.29421665392511204,0.03428958068741485,0.16425311730626344,0.5,6.0,9.0
19,4,Jonathan Bennett,0.0730569444444444,0.3038250000000009,24.0,Safe,Improved,-0.041293565463173726,-0.1613992008761062,-0.10134638316963997,0.5,9.0,13.0
19,4,Lea Thompson,0.0871194444444444,0.3038250000000007,39.0,Safe,Improved,0.9652370927016836,0.4256671438144575,0.6954521182580705,0.5,2.0,2.0
19,4,Janel Parrish,0.0843069444444444,0.3038250000000004,36.0,Safe,Improved,0.7639309610687122,0.308253874876345,0.5360924179725286,0.5,4.0,4.0
19,4,Alfonso Ribeiro,0.0880569444444444,0.3038250000000002,40.0,Safe,Improved,1.0323391365793408,0.46480490012716147,0.7485720183532512,0.5,1.0,1.0
19,4,Lolo Jones,0.090725,0.3038250000000009,0.0,Safe,Improved,-1.6517426185269455,0.5761880555000596,-0.537777281513443,0.5,11.0,7.0
19,4,Randy Couture,0.090725,0.3038250000000002,0.0,Safe,Improved,-1.6517426185269455,0.5761880555000596,-0.537777281513443,0.5,11.0,7.0
19,4,Tommy Chong,0.0768069444444444,0.3038250000000004,28.0,Safe,Improved,0.2271146100474549,-0.00484817562528913,0.11113321721108288,0.5,7.0,10.0
19,4,Betsey Johnson,2.775557561562892e-17,0.936871153846154,29.0,Eliminated,Improved,0.29421665392511204,-3.211303082068037,-1.4585432140714625,0.5,13.0,11.0
19,4,Michael Waltrip,0.0739944444444444,0.3038250000000002,25.0,Safe,Improved,0.02580847841448343,-0.12226144456340164,-0.048226483074459106,0.5,8.0,12.0
19,4,Tavis Smiley,0.090725,0.3038250000000001,0.0,Safe,Improved,-1.6517426185269455,0.5761880555000596,-0.537777281513443,0.5,11.0,7.0
19,4,Bethany Mota,0.0814944444444444,0.3038250000000005,33.0,Safe,Improved,0.5626248294357407,0.1908406059382319,0.3767327176869863,0.5,5.0,5.0
19,4,Sadie Robertson,0.0852444444444444,0.3038249999999997,37.0,Safe,Improved,0.8310330049463693,0.347391631189049,0.5892123180677091,0.5,3.0,3.0
19,6,Antonio Sabato Jr.,0.0656069965870307,0.4717897610921505,28.0,Safe,Improved,0.3429558192089689,-0.3812189604426163,-0.01913157061682369,0.5,7.5,12.5
19,6,Jonathan Bennett,1.3877787807814457e-17,0.9554611709110004,32.0,Eliminated,Improved,0.5941347290521575,-2.591403962134534,-0.9986346165411882,0.5,13.0,11.0
19,6,Lea Thompson,0.0697025597269624,0.4717897610921505,32.0,Safe,Improved,0.5941347290521575,-0.24324659931873102,0.1754440648667132,0.5,5.0,9.0
19,6,Janel Parrish,0.0707264505119453,0.47178976109215,33.0,Safe,Improved,0.6569294565129545,-0.20875350903776066,0.22408797373759692,0.5,4.0,4.0
19,6,Alfonso Ribeiro,0.076869795221843,0.4717897610921485,39.0,Safe,Improved,1.0336978212777375,-0.0017949673519281138,0.5159514269629046,0.5,1.0,1.0
19,6,Lolo Jones,0.1093150170648464,0.4717897610921501,0.0,Safe,Improved,-1.415296549693351,1.0912278263198814,-0.1620343616867348,0.5,10.5,6.5
19,6,Randy Couture,0.1093150170648464,0.4717897610921506,0.0,Safe,Improved,-1.415296549693351,1.0912278263198814,-0.1620343616867348,0.5,10.5,6.5
19,6,Tommy Chong,0.0656069965870307,0.4717897610921504,28.0,Safe,Improved,0.3429558192089689,-0.3812189604426163,-0.01913157061682369,0.5,7.5,12.5
19,6,Betsey Johnson,0.1093150170648464,0.4717897610921502,0.0,Safe,Improved,-1.415296549693351,1.0912278263198814,-0.1620343616867348,0.5,10.5,6.5
19,6,Michael Waltrip,0.0676547781569965,0.4717897610921504,30.0,Safe,Improved,0.4685452741305632,-0.3122327798806755,0.07815624712494385,0.5,6.0,10.0
19,6,Tavis Smiley,0.1093150170648464,0.4717897610921497,0.0,Safe,Improved,-1.415296549693351,1.0912278263198814,-0.1620343616867348,0.5,10.5,6.5
19,6,Bethany Mota,0.0737981228668941,0.4717897610921504,36.0,Safe,Improved,0.8453136388953459,-0.10527423819484578,0.37001970035025006,0.5,2.0,2.0
19,6,Sadie Robertson,0.0727742320819112,0.4717897610921496,35.0,Safe,Improved,0.7825189114345489,-0.13976732847581663,0.3213757914793661,0.5,3.0,3.0
19,7,Antonio Sabato Jr.,6.938893903907227e-17,0.9603660764767148,29.5,Eliminated,Improved,0.581189239750254,-2.199898667736784,-0.8093547139932651,0.5,13.0,12.5
19,7,Jonathan Bennett,0.1142199226305608,0.5770023210831717,0.0,Safe,Improved,-1.2018993478035251,1.066640655374819,-0.06762934621435313,0.5,11.5,9.5
19,7,Lea Thompson,0.0639241503177673,0.5770023210831716,35.0,Safe,Improved,0.9136294848873994,-0.3717521771733749,0.2709386538570122,0.5,2.0,2.0
19,7,Janel Parrish,0.062183337938657,0.5770023210831726,33.5,Safe,Improved,0.8229639634863597,-0.42153711800997284,0.20071342273819343,0.5,4.0,5.5
19,7,Alfonso Ribeiro,0.0627636087316938,0.5770023210831722,34.0,Safe,Improved,0.853185803953373,-0.4049421377311058,0.22412183311113357,0.5,3.0,3.0
19,7,Lolo Jones,0.1142199226305609,0.5770023210831725,0.0,Safe,Improved,-1.2018993478035251,1.0666406553748216,-0.0676293462143518,0.5,9.0,5.5
19,7,Randy Couture,0.1142199226305609,0.5770023210831722,0.0,Safe,Improved,-1.2018993478035251,1.0666406553748216,-0.0676293462143518,0.5,9.0,5.5
19,7,Tommy Chong,0.0581214423873998,0.5770023210831716,30.0,Safe,Improved,0.6114110802172673,-0.5377019799620297,0.03685455012761879,0.5,6.0,11.0
19,7,Betsey Johnson,0.1142199226305608,0.5770023210831718,0.0,Safe,Improved,-1.2018993478035251,1.066640655374819,-0.06762934621435313,0.5,11.5,9.5
19,7,Michael Waltrip,0.0558003592152528,0.5770023210831721,28.0,Safe,Improved,0.49052371834921443,-0.6040819010774917,-0.05677909136413864,0.5,7.0,12.5
19,7,Tavis Smiley,0.1142199226305609,0.5770023210831727,0.0,Safe,Improved,-1.2018993478035251,1.0666406553748216,-0.0676293462143518,0.5,9.0,5.5
19,7,Bethany Mota,0.066825504282951,0.5770023210831724,37.5,Safe,Improved,1.0647386872224653,-0.28877727577904866,0.38798070572170834,0.5,1.0,1.0
19,7,Sadie Robertson,0.0592819839734734,0.5770023210831717,31.0,Safe,Improved,0.6718547611512937,-0.5045120194042959,0.08367137087349891,0.5,5.0,8.0
19,8,Antonio Sabato Jr.,0.1009064516129033,0.605438709677417,0.0,Safe,Improved,-1.0039416270880053,0.8171634994897298,-0.09338906379913775,0.5,6.0,3.0
19,8,Jonathan Bennett,0.1009064516129032,0.6054387096774204,0.0,Safe,Improved,-1.0039416270880053,0.817163499489726,-0.09338906379913964,0.5,9.0,8.0
19,8,Lea Thompson,0.0595102150537634,0.6054387096774204,32.0,Safe,Improved,0.680089489317681,-0.5932924505113708,0.04339851940315509,0.5,5.0,11.0
19,8,Janel Parrish,0.0728166666666666,0.6054387096774196,43.0,Safe,Improved,1.2589751855821356,-0.13991394534198673,0.5595306201200745,0.5,1.0,1.0
19,8,Alfonso Ribeiro,0.0703973118279569,0.6054387096774191,41.0,Safe,Improved,1.1537232408067801,-0.22234640082733015,0.465688419989725,0.5,2.0,2.0
19,8,Lolo Jones,0.1009064516129032,0.6054387096774194,0.0,Safe,Improved,-1.0039416270880053,0.817163499489726,-0.09338906379913964,0.5,9.0,8.0
19,8,Randy Couture,0.1009064516129032,0.6054387096774192,0.0,Safe,Improved,-1.0039416270880053,0.817163499489726,-0.09338906379913964,0.5,9.0,8.0
19,8,Tommy Chong,0.0558811827956989,0.6054387096774196,29.0,Safe,Improved,0.5222115721546479,-0.7169411337393845,-0.09736478079236832,0.5,12.0,12.0
19,8,Betsey Johnson,0.1009064516129032,0.6054387096774194,0.0,Safe,Improved,-1.0039416270880053,0.817163499489726,-0.09338906379913964,0.5,9.0,8.0
19,8,Michael Waltrip,0.0,0.9512537634408604,25.0,Eliminated,Improved,0.3117076826039371,-2.6209293538929477,-1.1546108356445053,0.5,13.0,13.0
19,8,Tavis Smiley,0.1009064516129032,0.6054387096774201,0.0,Safe,Improved,-1.0039416270880053,0.817163499489726,-0.09338906379913964,0.5,9.0,8.0
19,8,Bethany Mota,0.0691876344086021,0.6054387096774198,40.0,Safe,Improved,1.1010972684191025,-0.2635626285700004,0.4187673199245511,0.5,3.0,4.0
19,8,Sadie Robertson,0.0667682795698925,0.6054387096774206,38.0,Safe,Improved,0.9958453236437471,-0.3459950840553405,0.3249251197942033,0.5,4.0,5.0
20,2,Suzanne Somers,0.0825408261287223,0.0900371757925067,28.0,Safe,Improved,-0.2598242144963181,-0.11958545890049421,-0.18970483669840615,0.5,6.5,7.5
20,2,Willow Shields,0.0859990393852065,0.0900371757925073,32.0,Safe,Improved,0.8739541760330685,0.40224199811982586,0.6380980870764472,0.5,3.0,3.0
20,2,Riker Lynch,0.0859990393852065,0.0900371757925069,32.0,Safe,Improved,0.8739541760330685,0.40224199811982586,0.6380980870764472,0.5,3.0,3.0
20,2,Rumer Willis,0.0859990393852065,0.0900371757925071,32.0,Safe,Improved,0.8739541760330685,0.40224199811982586,0.6380980870764472,0.5,3.0,3.0
20,2,Nastia Liukin,0.0877281460134486,0.090037175792507,34.0,Safe,Improved,1.4408433712977617,0.6631557266299838,1.0519995489638727,0.5,1.0,1.0
20,2,Michael Sam,0.0825408261287223,0.0900371757925071,28.0,Safe,Improved,-0.2598242144963181,-0.11958545890049421,-0.18970483669840615,0.5,6.5,7.5
20,2,Robert Herjavec,0.0825408261287223,0.0900371757925069,28.0,Safe,Improved,-0.2598242144963181,-0.11958545890049421,-0.18970483669840615,0.5,6.5,7.5
20,2,Charlotte McKinney,0.0808450528338136,0.0900371757925068,26.0,Safe,Improved,-0.8267134097610114,-0.37546935053325203,-0.6010913801471317,0.5,11.0,12.0
20,2,Noah Galloway,0.0816762728146013,0.0900371757925068,27.0,Safe,Improved,-0.5432688121286647,-0.25004232315556585,-0.3966555676421153,0.5,10.0,11.0
20,2,Redfoo,0.0663358309317963,0.9227621757925072,31.0,Eliminated,Improved,0.5905095784007218,-2.5648399320833857,-0.9871651768413319,0.5,12.0,10.0
20,2,Patti LaBelle,0.0825408261287223,0.0900371757925072,28.0,Safe,Improved,-0.2598242144963181,-0.11958545890049421,-0.18970483669840615,0.5,6.5,7.5
20,2,Chris Soules,0.0952542747358309,0.0900371757925065,21.0,Safe,Improved,-2.2439363979227447,1.7988117203847107,-0.222562338769017,0.5,9.0,5.0
20,3,Suzanne Somers,0.0822949946751863,0.0704875399361025,25.0,Safe,Improved,-0.1162721524165712,-0.06153405206702189,-0.08890310224179654,0.5,8.0,9.0
20,3,Willow Shields,0.0890042598509052,0.0704875399361024,32.0,Safe,Improved,0.6350248324289666,0.33607059205834644,0.4855477122436565,0.5,4.0,4.0
20,3,Riker Lynch,0.0909211927582534,0.0704875399361029,34.0,Safe,Improved,0.8496811138134059,0.44967191895130604,0.649676516382356,0.5,1.5,1.5
20,3,Rumer Willis,0.0899627263045793,0.0704875399361024,33.0,Safe,Improved,0.7423529731211863,0.39287125550482627,0.5676121143130063,0.5,3.0,3.0
20,3,Nastia Liukin,0.0909211927582534,0.0704875399361024,34.0,Safe,Improved,0.8496811138134059,0.44967191895130604,0.649676516382356,0.5,1.5,1.5
20,3,Michael Sam,0.0813365282215122,0.0704875399361024,24.0,Safe,Improved,-0.2236002931087909,-0.11833471551350168,-0.1709675043111463,0.5,9.0,10.0
20,3,Robert Herjavec,0.0861288604898828,0.0704875399361024,29.0,Safe,Improved,0.31304041035230756,0.1656686017189022,0.23935450603560487,0.5,6.0,6.5
20,3,Charlotte McKinney,0.0336826943556975,0.9037125399361025,22.0,Eliminated,Improved,-0.43825657449323024,-2.9423974346318427,-1.6903270045625365,0.5,12.0,12.0
20,3,Noah Galloway,0.0870873269435569,0.0704875399361029,30.0,Safe,Improved,0.42036855104452725,0.22246926516538196,0.3214189081049546,0.5,5.0,5.0
20,3,Redfoo,0.1040702342917997,0.0704875399361023,0.0,Safe,Improved,-2.7994756697220633,1.2289107539963338,-0.7852824578628648,0.5,11.0,6.5
20,3,Patti LaBelle,0.079419595314164,0.0704875399361029,22.0,Safe,Improved,-0.43825657449323024,-0.23193604240646123,-0.3350963084498457,0.5,10.0,11.0
20,3,Chris Soules,0.0851703940362087,0.0704875399361016,28.0,Safe,Improved,0.20571226966008785,0.10886793827242239,0.15729010396625512,0.5,7.0,8.0
20,4,Suzanne Somers,0.0841794871794871,0.2004999999999996,28.0,Safe,Improved,0.06995220076948432,0.0340547464383076,0.052003473603895956,0.5,8.0,10.0
20,4,Willow Shields,0.0943333333333333,0.2005000000000003,39.0,Safe,Improved,0.909378610003295,0.4427117036980217,0.6760451568506584,0.5,1.0,1.0
20,4,Riker Lynch,0.0897179487179487,0.2005000000000002,34.0,Safe,Improved,0.5278211512606538,0.25695854130724427,0.392389846283949,0.5,4.5,4.5
20,4,Rumer Willis,0.0906410256410256,0.2004999999999998,35.0,Safe,Improved,0.604132643009182,0.2941091737853985,0.44912090839729024,0.5,3.0,3.0
20,4,Nastia Liukin,0.0915641025641025,0.2005000000000008,36.0,Safe,Improved,0.6804441347577103,0.33125980626355334,0.5058519705106318,0.5,2.0,2.0
20,4,Michael Sam,0.0059589743589743,0.9257326923076922,30.0,Eliminated,Improved,0.2225751842665408,-3.114048571280073,-1.4457366935067661,0.5,12.0,11.0
20,4,Robert Herjavec,0.0897179487179487,0.2005000000000004,34.0,Safe,Improved,0.5278211512606538,0.25695854130724427,0.392389846283949,0.5,4.5,4.5
20,4,Charlotte McKinney,0.0983666666666667,0.2004999999999999,0.0,Safe,Improved,-2.0667695681893066,0.6050393283872991,-0.7308651199010037,0.5,10.0,6.0
20,4,Noah Galloway,0.0878717948717948,0.2005000000000003,32.0,Safe,Improved,0.37519816776359727,0.18265727635093076,0.278927722057264,0.5,6.0,8.0
20,4,Redfoo,0.0983666666666666,0.2005000000000005,0.0,Safe,Improved,-2.0667695681893066,0.6050393283872952,-0.7308651199010057,0.5,11.0,7.0
20,4,Patti LaBelle,0.086025641025641,0.2004999999999999,30.0,Safe,Improved,0.2225751842665408,0.10835601139462113,0.16546559783058096,0.5,7.0,9.0
20,4,Chris Soules,0.0832564102564102,0.2004999999999994,27.0,Safe,Improved,-0.006359290979043929,-0.003095886039847212,-0.00472758850944557,0.5,9.0,12.0
20,5,Suzanne Somers,1.3877787807814457e-17,0.932364929328622,28.0,Eliminated,Improved,0.29338444593408675,-3.0643582783670795,-1.3854869162164964,0.5,12.0,11.0
20,5,Willow Shields,0.0901126766784452,0.3187212014134274,34.0,Safe,Improved,0.6919444479577517,0.24929204281783734,0.4706182453877945,0.5,4.0,4.0
20,5,Riker Lynch,0.0943529593639576,0.3187212014134274,38.0,Safe,Improved,0.9576511159735283,0.4052169870174354,0.6814340514954819,0.5,2.5,2.5
20,5,Rumer Willis,0.0954130300353356,0.3187212014134271,39.0,Safe,Improved,1.0240777829774725,0.4441982230673315,0.7341380030224021,0.5,1.0,1.0
20,5,Nastia Liukin,0.0943529593639576,0.3187212014134276,38.0,Safe,Improved,0.9576511159735283,0.4052169870174354,0.6814340514954819,0.5,2.5,2.5
20,5,Michael Sam,0.0990399293286219,0.3187212014134278,0.0,Safe,Improved,-1.5665622301763495,0.5775676495575586,-0.4944972903093955,0.5,9.5,5.5
20,5,Robert Herjavec,0.0795119699646643,0.3187212014134271,24.0,Safe,Improved,0.027677777918310144,-0.14052031768115503,-0.056421269881422445,0.5,8.0,12.0
20,5,Charlotte McKinney,0.0990399293286218,0.3187212014134276,0.0,Safe,Improved,-1.5665622301763495,0.5775676495575545,-0.49449729030939754,0.5,11.0,8.0
20,5,Noah Galloway,0.0837522526501766,0.3187212014134275,28.0,Safe,Improved,0.29338444593408675,0.015404626518439978,0.15439453622626337,0.5,5.0,7.0
20,5,Redfoo,0.0990399293286219,0.3187212014134277,0.0,Safe,Improved,-1.5665622301763495,0.5775676495575586,-0.4944972903093955,0.5,9.5,5.5
20,5,Patti LaBelle,0.0826921819787985,0.3187212014134269,27.0,Safe,Improved,0.2269577789301426,-0.023576609531459666,0.10169058469934147,0.5,6.5,9.5
20,5,Chris Soules,0.0826921819787985,0.3187212014134265,27.0,Safe,Improved,0.2269577789301426,-0.023576609531459666,0.10169058469934147,0.5,6.5,9.5
20,6,Suzanne Somers,0.1202413427561837,0.4829321554770316,0.0,Safe,Improved,-1.3505958104940723,1.073590293731982,-0.1385027583810452,0.5,9.5,6.5
20,6,Willow Shields,0.0751321554770317,0.4829321554770314,36.5,Safe,Improved,0.7397256205886262,-0.23855810923912624,0.25058375567475,0.5,3.0,3.0
20,6,Riker Lynch,0.0767222614840989,0.4829321554770314,38.0,Safe,Improved,0.8256292410440796,-0.19230466989391581,0.3166622855750819,0.5,1.0,1.0
20,6,Rumer Willis,0.0740720848056537,0.4829321554770314,35.5,Safe,Improved,0.6824565402849907,-0.2693937354692623,0.2065314024078642,0.5,4.0,4.0
20,6,Nastia Liukin,0.0751321554770318,0.4829321554770319,36.5,Safe,Improved,0.7397256205886262,-0.2385581092391234,0.25058375567475144,0.5,2.0,2.0
20,6,Michael Sam,0.1202413427561837,0.4829321554770318,0.0,Safe,Improved,-1.3505958104940723,1.073590293731982,-0.1385027583810452,0.5,9.5,6.5
20,6,Robert Herjavec,0.0719519434628975,0.4829321554770311,33.5,Safe,Improved,0.5679183796777195,-0.33106498792954103,0.11842669587408924,0.5,7.0,12.0
20,6,Charlotte McKinney,0.1202413427561837,0.482932155477032,0.0,Safe,Improved,-1.3505958104940723,1.073590293731982,-0.1385027583810452,0.5,9.5,6.5
20,6,Noah Galloway,0.0724819787985865,0.4829321554770314,34.0,Safe,Improved,0.5965529198295373,-0.31564717481447274,0.14045287250753227,0.5,6.0,10.0
20,6,Redfoo,0.1202413427561837,0.4829321554770316,0.0,Safe,Improved,-1.3505958104940723,1.073590293731982,-0.1385027583810452,0.5,9.5,6.5
20,6,Patti LaBelle,0.0,0.9535663427561838,34.0,Eliminated,Improved,0.5965529198295373,-2.424022839758151,-0.9137349599643068,0.5,12.0,11.0
20,6,Chris Soules,0.0735420494699646,0.4829321554770318,35.0,Safe,Improved,0.6538220001331729,-0.28481154858433383,0.18450522577441955,0.5,5.0,9.0
20,7,Suzanne Somers,0.1536433070866142,0.8513937007874017,0.0,Safe,Improved,-1.1198786282688524,1.1146829604885835,-0.00259783389013446,0.5,6.5,4.5
20,7,Willow Shields,1.3877787807814457e-17,0.9869683070866144,39.0,Eliminated,Improved,0.9435197891713952,-1.321153198454256,-0.18881670464143036,0.5,12.0,9.0
20,7,Riker Lynch,0.0400085301837269,0.8513937007874018,37.0,Safe,Improved,0.837704485712921,-0.6868644270420423,0.07542002933543934,0.5,3.5,7.5
20,7,Rumer Willis,0.0400085301837269,0.8513937007874002,37.0,Safe,Improved,0.837704485712921,-0.6868644270420423,0.07542002933543934,0.5,3.5,7.5
20,7,Nastia Liukin,0.0447329396325458,0.851393700787401,41.0,Safe,Improved,1.0493350926298695,-0.6119644031926671,0.21868534471860118,0.5,1.0,1.0
20,7,Michael Sam,0.1536433070866142,0.851393700787402,0.0,Safe,Improved,-1.1198786282688524,1.1146829604885835,-0.00259783389013446,0.5,6.5,4.5
20,7,Robert Herjavec,0.0329219160104986,0.8513937007874011,31.0,Safe,Improved,0.5202585753374983,-0.7992144628161045,-0.1394779437393031,0.5,10.5,11.5
20,7,Charlotte McKinney,0.1536433070866141,0.8513937007874008,0.0,Safe,Improved,-1.1198786282688524,1.1146829604885822,-0.002597833890135126,0.5,9.0,10.0
20,7,Noah Galloway,0.0411896325459316,0.8513937007874011,38.0,Safe,Improved,0.8906121374421582,-0.6681394210796989,0.11123635818122962,0.5,2.0,2.0
20,7,Redfoo,0.1536433070866142,0.8513937007874016,0.0,Safe,Improved,-1.1198786282688524,1.1146829604885835,-0.00259783389013446,0.5,6.5,4.5
20,7,Patti LaBelle,0.1536433070866142,0.8513937007874015,0.0,Safe,Improved,-1.1198786282688524,1.1146829604885835,-0.00259783389013446,0.5,6.5,4.5
20,7,Chris Soules,0.0329219160104986,0.8513937007873996,31.0,Safe,Improved,0.5202585753374983,-0.7992144628161045,-0.1394779437393031,0.5,10.5,11.5
20,8,Suzanne Somers,0.1466721040189125,0.8800326241134746,0.0,Safe,Improved,-0.9464618230380457,0.9514094194999418,0.0024737982309480655,0.5,6.5,6.5
20,8,Willow Shields,0.1466721040189125,0.8800326241134755,0.0,Safe,Improved,-0.9464618230380457,0.9514094194999418,0.0024737982309480655,0.5,6.5,6.5
20,8,Riker Lynch,0.0281069503546098,0.8800326241134755,39.0,Safe,Improved,1.1478366790035872,-0.8295535325700854,0.15914157321675093,0.5,2.0,2.0
20,8,Rumer Willis,0.0295253900709219,0.8800326241134744,40.0,Safe,Improved,1.2015366405943984,-0.8082472000902317,0.19664472025208335,0.5,1.0,1.0
20,8,Nastia Liukin,0.0266885106382978,0.8800326241134763,38.0,Safe,Improved,1.0941367174127763,-0.8508598650499374,0.12163842618141946,0.5,3.0,4.0
20,8,Michael Sam,0.1466721040189125,0.880032624113476,0.0,Safe,Improved,-0.9464618230380457,0.9514094194999418,0.0024737982309480655,0.5,6.5,6.5
20,8,Robert Herjavec,0.0,0.9859044917257684,31.0,Eliminated,Improved,0.7182369862770985,-1.251747033191362,-0.26675502345713176,0.5,12.0,12.0
20,8,Charlotte McKinney,0.1466721040189124,0.8800326241134735,0.0,Safe,Improved,-0.9464618230380457,0.9514094194999402,0.002473798230947233,0.5,9.0,10.0
20,8,Noah Galloway,0.0174686524822695,0.8800326241134752,31.5,Safe,Improved,0.745086967072504,-0.9893510261689807,-0.12213202954823837,0.5,11.0,11.0
20,8,Redfoo,0.1466721040189125,0.8800326241134748,0.0,Safe,Improved,-0.9464618230380457,0.9514094194999418,0.0024737982309480655,0.5,6.5,6.5
20,8,Patti LaBelle,0.1466721040189126,0.8800326241134754,0.0,Safe,Improved,-0.9464618230380457,0.9514094194999431,0.002473798230948676,0.5,4.0,3.0
20,8,Chris Soules,0.0181778723404256,0.880032624113475,32.0,Eliminated,Improved,0.7719369478679096,-0.9786978599290531,-0.10338045603057178,0.5,10.0,9.0
21,2,Gary Busey,0.0729799184795488,0.0207327171903883,16.5,Safe,Improved,-1.4242787256768659,-0.9357743650606402,-1.180026545368753,0.5,12.0,13.0
21,2,Alexa PenaVega,0.0793544717759135,0.0207327171903882,23.0,Safe,Improved,0.7248561371748341,0.5770087626986417,0.6509324499367379,0.5,3.0,3.0
21,2,Carlos PenaVega,0.0787999431252666,0.0207327171903883,22.5,Safe,Improved,0.5595380708016264,0.44541027296036534,0.5024741718809959,0.5,5.5,5.5
21,2,Victor Espinoza,0.0654862031375894,0.9146380207592782,18.5,Eliminated,Improved,-0.7630064601840352,-2.714152489220646,-1.7385794747023406,0.5,13.0,12.0
21,2,Alek Skarlatos,0.0787999431252666,0.0207327171903881,22.5,Safe,Improved,0.5595380708016264,0.44541027296036534,0.5024741718809959,0.5,5.5,5.5
21,2,Chaka Khan,0.0785252049860183,0.0207327171903881,15.0,Eliminated,Improved,-1.920232924796489,0.38021053232225116,-0.770011196237119,0.5,11.0,11.0
21,2,Andy Grammer,0.0782454144746196,0.0207327171903883,22.0,Safe,Improved,0.3942200044284187,0.313811783222066,0.35401589382524234,0.5,8.0,8.0
21,2,Tamar Braxton,0.0810180577278544,0.0207327171903882,24.5,Safe,Improved,1.2208103362944571,0.9718042319135232,1.09630728410399,0.5,1.0,1.0
21,2,Nick Carter,0.0787999431252666,0.0207327171903881,22.5,Safe,Improved,0.5595380708016264,0.44541027296036534,0.5024741718809959,0.5,5.5,5.5
21,2,Hayes Grier,0.0787999431252666,0.0207327171903883,22.5,Safe,Improved,0.5595380708016264,0.44541027296036534,0.5024741718809959,0.5,5.5,5.5
21,2,Bindi Irwin,0.0804635290772074,0.0207327171903882,24.0,Safe,Improved,1.0554922699212494,0.8402057421752206,0.947849006048235,0.5,2.0,2.0
21,2,Kim Zolciak-Biermann,0.074363713920091,0.0207327171903878,18.5,Safe,Improved,-0.7630064601840352,-0.607377644945947,-0.685192052564991,0.5,9.5,9.5
21,2,Paula Deen,0.074363713920091,0.0207327171903872,18.5,Safe,Improved,-0.7630064601840352,-0.607377644945947,-0.685192052564991,0.5,9.5,9.5
21,4,Gary Busey,0.0080084419867843,0.9140427640156458,16.0,Eliminated,Improved,-0.19677609034652985,-3.227696830663613,-1.7122364605050713,0.5,13.0,11.0
21,4,Alexa PenaVega,0.0805410690981523,0.203689830508475,21.0,Safe,Improved,0.26002554795791455,0.16945285841900004,0.2147392031884573,0.5,8.0,8.0
21,4,Carlos PenaVega,0.0856258148608642,0.2036898305084749,25.0,Safe,Improved,0.62546685860147,0.4076028217498272,0.5165348401756487,0.5,5.0,5.0
21,4,Victor Espinoza,0.0759050521562758,0.2036898305084752,0.0,Safe,Improved,-1.658541332920752,-0.04768037030709842,-0.8531108516139252,0.5,10.0,10.0
21,4,Alek Skarlatos,0.0843546284201862,0.2036898305084742,24.0,Safe,Improved,0.5341065309405811,0.3480653309171198,0.44108593092885046,0.5,6.0,6.0
21,4,Chaka Khan,0.0759050521562757,0.2036898305084741,0.0,Safe,Improved,-1.658541332920752,-0.047680370307102975,-0.8531108516139274,0.5,11.5,12.5
21,4,Andy Grammer,0.0830834419795083,0.2036898305084746,23.0,Safe,Improved,0.4427462032796923,0.28852784008441623,0.36563702168205425,0.5,7.0,7.0
21,4,Tamar Braxton,0.0881681877422201,0.2036898305084746,27.0,Safe,Improved,0.8081875139232478,0.5266778034152388,0.6674326586692434,0.5,3.0,3.0
21,4,Nick Carter,0.0881681877422201,0.2036898305084749,27.0,Safe,Improved,0.8081875139232478,0.5266778034152388,0.6674326586692434,0.5,3.0,3.0
21,4,Hayes Grier,0.0881681877422201,0.2036898305084744,27.0,Safe,Improved,0.8081875139232478,0.5266778034152388,0.6674326586692434,0.5,3.0,3.0
21,4,Bindi Irwin,0.0894393741828981,0.2036898305084744,28.0,Safe,Improved,0.8995478415841367,0.5862152942479469,0.7428815679160419,0.5,1.0,1.0
21,4,Kim Zolciak-Biermann,0.0759050521562757,0.2036898305084749,0.0,Safe,Improved,-1.658541332920752,-0.047680370307102975,-0.8531108516139274,0.5,11.5,12.5
21,4,Paula Deen,0.0767275097761184,0.2036898305084734,18.0,Safe,Improved,-0.014055435024752084,-0.009159614079119026,-0.011607524551935554,0.5,9.0,9.0
21,6,Gary Busey,0.0767773162939297,0.3071092651757193,0.0,Safe,Improved,-1.3845311366950563,-0.006120961836790659,-0.6953260492659235,0.5,10.5,11.0
21,6,Alexa PenaVega,0.0807407348242811,0.3071092651757189,30.0,Safe,Improved,0.34060350647130777,0.16031584424348783,0.25045967535739777,0.5,7.5,7.5
21,6,Carlos PenaVega,0.0884084664536741,0.3071092651757192,38.0,Safe,Improved,0.8006394113156715,0.4823087785006111,0.6414740949081413,0.5,5.0,5.0
21,6,Victor Espinoza,0.0767773162939297,0.307109265175719,0.0,Safe,Improved,-1.3845311366950563,-0.006120961836790659,-0.6953260492659235,0.5,10.5,11.0
21,6,Alek Skarlatos,0.0807407348242811,0.3071092651757192,30.0,Safe,Improved,0.34060350647130777,0.16031584424348783,0.25045967535739777,0.5,7.5,7.5
21,6,Chaka Khan,0.0767773162939297,0.3071092651757185,0.0,Safe,Improved,-1.3845311366950563,-0.006120961836790659,-0.6953260492659235,0.5,10.5,11.0
21,6,Andy Grammer,0.0903253993610223,0.3071092651757184,40.0,Safe,Improved,0.9156483875267625,0.5628070120648894,0.7392276997958259,0.5,2.0,2.0
21,6,Tamar Braxton,0.0903253993610223,0.3071092651757187,40.0,Safe,Improved,0.9156483875267625,0.5628070120648894,0.7392276997958259,0.5,2.0,2.0
21,6,Nick Carter,0.0893669329073482,0.3071092651757187,39.0,Safe,Improved,0.858143899421217,0.5225578952827505,0.6903508973519838,0.5,4.0,4.0
21,6,Hayes Grier,0.0826576677316293,0.307109265175719,32.0,Safe,Improved,0.45561248268239873,0.24081407780776676,0.34821328024508275,0.5,6.0,6.0
21,6,Bindi Irwin,0.0903253993610223,0.3071092651757193,40.0,Safe,Improved,0.9156483875267625,0.5628070120648894,0.7392276997958259,0.5,2.0,2.0
21,6,Kim Zolciak-Biermann,0.0767773162939297,0.3071092651757189,0.0,Safe,Improved,-1.3845311366950563,-0.006120961836790659,-0.6953260492659235,0.5,10.5,11.0
21,6,Paula Deen,0.0,0.9229234701400836,24.0,Eliminated,Improved,-0.00442342216196502,-3.230249628925611,-1.617336525543788,0.5,13.0,11.0
21,7,Gary Busey,0.1267968325791855,0.652683710407236,0.0,Safe,Improved,-1.2141566653758131,1.1489773128332696,-0.03258967627127174,0.5,9.5,5.5
21,7,Alexa PenaVega,0.0521910148674855,0.6526837104072409,27.5,Safe,Improved,0.7499202933203551,-0.5697701692529065,0.09007506203372434,0.5,4.0,8.0
21,7,Carlos PenaVega,0.0528697478991597,0.6526837104072409,28.0,Safe,Improved,0.7856307834784674,-0.5541337118695595,0.11574853580445393,0.5,2.5,2.5
21,7,Victor Espinoza,0.1267968325791855,0.6526837104072409,0.0,Safe,Improved,-1.2141566653758131,1.1489773128332696,-0.03258967627127174,0.5,9.5,5.5
21,7,Alek Skarlatos,0.050833548804137,0.6526837104072414,26.5,Safe,Improved,0.6784993130041309,-0.6010430840196027,0.0387281144922641,0.5,7.0,13.0
21,7,Chaka Khan,0.1267968325791854,0.65268371040724,0.0,Safe,Improved,-1.2141566653758131,1.1489773128332672,-0.03258967627127296,0.5,12.0,9.5
21,7,Andy Grammer,0.0528697478991597,0.65268371040724,28.0,Safe,Improved,0.7856307834784674,-0.5541337118695595,0.11574853580445393,0.5,2.5,2.5
21,7,Tamar Braxton,0.0515122818358112,0.65268371040724,27.0,Safe,Improved,0.714209803162243,-0.5854066266362558,0.06440158826299364,0.5,6.0,12.0
21,7,Nick Carter,0.0515122818358113,0.6526837104072403,27.0,Safe,Improved,0.714209803162243,-0.5854066266362534,0.0644015882629948,0.5,5.0,11.0
21,7,Hayes Grier,0.0,0.9729429864253392,28.0,Eliminated,Improved,0.7856307834784674,-1.772131836779342,-0.4932505266504373,0.5,13.0,9.5
21,7,Bindi Irwin,0.0542272139625081,0.6526837104072407,29.0,Safe,Improved,0.8570517637946916,-0.5228607971028657,0.16709548334591295,0.5,1.0,1.0
21,7,Kim Zolciak-Biermann,0.1267968325791855,0.6526837104072404,0.0,Safe,Improved,-1.2141566653758131,1.1489773128332696,-0.03258967627127174,0.5,9.5,5.5
21,7,Paula Deen,0.1267968325791855,0.6526837104072403,0.0,Safe,Improved,-1.2141566653758131,1.1489773128332696,-0.03258967627127174,0.5,9.5,5.5
21,8,Gary Busey,0.1238106918887377,0.742864151332423,0.0,Safe,Improved,-1.027159447955615,1.004303966185507,-0.011427740885053939,0.5,10.5,10.0
21,8,Alexa PenaVega,0.0407939065447281,0.7428641513324277,26.9998,Safe,Improved,0.8312498853611696,-0.7738646790317985,0.02869260316468558,0.5,5.0,10.0
21,8,Carlos PenaVega,0.0438866996152222,0.7428641513324283,28.9998,Safe,Improved,0.9689108556881191,-0.7076189476256882,0.13064595403121543,0.5,2.0,2.0
21,8,Victor Espinoza,0.1238106918887378,0.7428641513324272,0.0,Safe,Improved,-1.027159447955615,1.0043039661855095,-0.011427740885052717,0.5,7.5,5.5
21,8,Alek Skarlatos,0.0377014227535411,0.7428641513324257,25.0,Safe,Improved,0.6936026811312529,-0.8401037858647669,-0.07325055236675698,0.5,12.0,12.0
21,8,Chaka Khan,0.1238106918887378,0.7428641513324282,0.0,Safe,Improved,-1.027159447955615,1.0043039661855095,-0.011427740885052717,0.5,7.5,5.5
21,8,Andy Grammer,0.0,0.9713109934618356,23.9998,Eliminated,Improved,0.6247584298707455,-1.6476451468392626,-0.5114433584842586,0.5,13.0,13.0
21,8,Tamar Braxton,0.0423406123592822,0.7428641513324271,28.0,Safe,Improved,0.900094136621677,-0.7407351887556027,0.07967947393303715,0.5,3.5,5.5
21,8,Nick Carter,0.0500725950355173,0.7428641513324279,33.0,Safe,Improved,1.2442465624390506,-0.5751208602403304,0.3345628510993601,0.5,1.0,1.0
21,8,Hayes Grier,0.1238106918887378,0.742864151332427,0.0,Safe,Improved,-1.027159447955615,1.0043039661855095,-0.011427740885052717,0.5,7.5,5.5
21,8,Bindi Irwin,0.0423406123592822,0.742864151332427,28.0,Safe,Improved,0.900094136621677,-0.7407351887556027,0.07967947393303715,0.5,3.5,5.5
21,8,Kim Zolciak-Biermann,0.1238106918887378,0.7428641513324273,0.0,Safe,Improved,-1.027159447955615,1.0043039661855095,-0.011427740885052717,0.5,7.5,5.5
21,8,Paula Deen,0.1238106918887377,0.7428641513324259,0.0,Safe,Improved,-1.027159447955615,1.004303966185507,-0.011427740885053939,0.5,10.5,10.0
22,2,Mischa Barton,0.0774011299435028,4.440892098500626e-16,15.0,Safe,Improved,-1.4847555278580757,-1.4847555278580638,-1.4847555278580697,0.5,11.0,11.0
22,2,Kim Fields,0.0824858757062146,2.55351295663786e-15,19.0,Safe,Improved,-0.212107932551154,-0.21210793255116336,-0.21210793255115867,0.5,9.5,9.5
22,2,Jodie Sweetin,0.0850282485875706,0.0,21.0,Safe,Improved,0.42421586510230685,0.42421586510231285,0.42421586510230985,0.5,3.5,3.5
22,2,Doug Flutie,0.0837570621468926,0.0,20.0,Safe,Improved,0.10605396627557644,0.10605396627557474,0.10605396627557559,0.5,6.5,6.5
22,2,Von Miller,0.0837570621468926,1.1102230246251563e-16,20.0,Safe,Improved,0.10605396627557644,0.10605396627557474,0.10605396627557559,0.5,6.5,6.5
22,2,Antonio Brown,0.0824858757062146,1.4432899320127037e-15,19.0,Safe,Improved,-0.212107932551154,-0.21210793255116336,-0.21210793255115867,0.5,9.5,9.5
22,2,Paige VanZant,0.0888418079096045,0.0,24.0,Safe,Improved,1.3787015615824982,1.3787015615824993,1.3787015615824987,0.5,1.5,1.5
22,2,Geraldo Rivera,0.0748587570621468,0.8885097457627122,13.0,Eliminated,Improved,-2.1210793255115368,-2.12107932551154,-2.1210793255115385,0.5,12.0,12.0
22,2,Nyle DiMarco,0.0837570621468926,2.1094237467877974e-15,20.0,Safe,Improved,0.10605396627557644,0.10605396627557474,0.10605396627557559,0.5,6.5,6.5
22,2,Ginger Zee,0.0850282485875706,3.3306690738754696e-16,21.0,Safe,Improved,0.42421586510230685,0.42421586510231285,0.42421586510230985,0.5,3.5,3.5
22,2,Wanya Morris,0.0888418079096045,3.3306690738754696e-16,24.0,Safe,Improved,1.3787015615824982,1.3787015615824993,1.3787015615824987,0.5,1.5,1.5
22,2,Marla Maples,0.0837570621468926,1.7763568394002505e-14,20.0,Safe,Improved,0.10605396627557644,0.10605396627557474,0.10605396627557559,0.5,6.5,6.5
22,3,Mischa Barton,0.0317010548280674,0.909374367088608,18.0,Eliminated,Improved,-0.2682226804355914,-2.944430552135756,-1.6063266162856737,0.5,12.0,12.0
22,3,Kim Fields,0.0861814346040067,0.0760493670886082,22.0,Safe,Improved,0.3448577319886175,0.1624184839352407,0.2536381079619291,0.5,5.0,5.0
22,3,Jodie Sweetin,0.0874472573888168,0.0760493670886077,23.0,Safe,Improved,0.49812783509466974,0.23460447667240636,0.36636615588353805,0.5,4.0,4.0
22,3,Doug Flutie,0.0836497890343865,0.0760493670886079,20.0,Safe,Improved,0.03831752577651305,0.01804649846091017,0.02818201211871161,0.5,9.0,10.0
22,3,Von Miller,0.0836497890343865,0.0760493670886081,20.0,Safe,Improved,0.03831752577651305,0.01804649846091017,0.02818201211871161,0.5,9.0,10.0
22,3,Antonio Brown,0.0836497890343865,0.0760493670886081,20.0,Safe,Improved,0.03831752577651305,0.01804649846091017,0.02818201211871161,0.5,9.0,10.0
22,3,Paige VanZant,0.0874472573888169,0.0760493670886075,23.0,Safe,Improved,0.49812783509466974,0.2346044766724119,0.3663661558835408,0.5,3.0,3.0
22,3,Geraldo Rivera,0.107750421916675,0.0760493670886066,0.0,Safe,Improved,-3.0270845363445313,1.3924317055204922,-0.8173264154120196,0.5,11.0,6.0
22,3,Nyle DiMarco,0.0899789029584371,0.0760493670886083,25.0,Safe,Improved,0.8046680413067742,0.3789764621467424,0.5918222517267583,0.5,1.0,1.0
22,3,Ginger Zee,0.0849156118191966,0.0760493670886084,21.0,Safe,Improved,0.19158762888256528,0.09023249119807583,0.14091006004032056,0.5,6.5,7.5
22,3,Wanya Morris,0.088713080173627,0.0760493670886077,24.0,Safe,Improved,0.6513979382007219,0.30679046940957755,0.4790942038051497,0.5,2.0,2.0
22,3,Marla Maples,0.0849156118191966,0.0760493670886069,21.0,Safe,Improved,0.19158762888256528,0.09023249119807583,0.14091006004032056,0.5,6.5,7.5
22,4,Mischa Barton,0.0964021943428148,0.1916225705329158,0.0,Safe,Improved,-2.0471213037284195,0.5449573419594815,-0.751081980884469,0.5,10.5,6.5
22,4,Kim Fields,0.0884273772253313,0.1916225705329149,32.0,Safe,Improved,0.41712503054027367,0.21241611011044811,0.3147705703253609,0.5,6.5,8.5
22,4,Jodie Sweetin,0.0837251828679645,0.1916225705329154,27.0,Safe,Improved,0.03208654081079037,0.016339700964434548,0.02421312088761246,0.5,8.0,10.0
22,4,Doug Flutie,0.0809038662535444,0.1916225705329151,24.0,Safe,Improved,-0.1989365530268996,-0.10130614452317463,-0.15012134877503713,0.5,9.0,12.0
22,4,Von Miller,0.0884273772253313,0.1916225705329153,32.0,Safe,Improved,0.41712503054027367,0.21241611011044811,0.3147705703253609,0.5,6.5,8.5
22,4,Antonio Brown,0.0912486938397513,0.1916225705329156,35.0,Safe,Improved,0.6481481243779637,0.33006195559805324,0.48910503998800847,0.5,3.5,3.5
22,4,Paige VanZant,0.0921891327112247,0.1916225705329152,36.0,Safe,Improved,0.7251558223238603,0.3692772374272575,0.5472165298755589,0.5,1.5,1.5
22,4,Geraldo Rivera,0.0964021943428148,0.1916225705329143,0.0,Safe,Improved,-2.0471213037284195,0.5449573419594815,-0.751081980884469,0.5,10.5,6.5
22,4,Nyle DiMarco,0.090308254968278,0.1916225705329153,34.0,Safe,Improved,0.571140426432067,0.2908466737688531,0.43099355010046003,0.5,5.0,5.0
22,4,Ginger Zee,0.0921891327112247,0.1916225705329147,36.0,Safe,Improved,0.7251558223238603,0.3692772374272575,0.5472165298755589,0.5,1.5,1.5
22,4,Wanya Morris,0.0912486938397513,0.1916225705329149,35.0,Safe,Improved,0.6481481243779637,0.33006195559805324,0.48910503998800847,0.5,3.5,3.5
22,4,Marla Maples,0.0085278996719684,0.9211992946708464,28.0,Eliminated,Improved,0.10909423875668703,-3.1193055204005913,-1.505105640821952,0.5,12.0,11.0
22,6,Mischa Barton,0.092611013215859,0.2778330396475765,0.0,Safe,Improved,-1.6314324714395096,0.35213585284771687,-0.6396483092958964,0.5,9.5,6.5
22,6,Kim Fields,0.0879580947136564,0.2778330396475765,24.0,Safe,Improved,0.4384025584044496,0.17553357234760616,0.3069680653760279,0.5,7.0,10.0
22,6,Jodie Sweetin,0.0892796806167401,0.2778330396475776,25.0,Safe,Improved,0.5246456846479479,0.22569458080947707,0.37517013272871247,0.5,4.5,4.5
22,6,Doug Flutie,0.0,0.9259360132158592,21.0,Eliminated,Improved,0.17967317967395469,-3.1629302557901817,-1.4916285380581136,0.5,12.0,12.0
22,6,Von Miller,0.0879580947136564,0.2778330396475774,24.0,Safe,Improved,0.4384025584044496,0.17553357234760616,0.3069680653760279,0.5,7.0,10.0
22,6,Antonio Brown,0.0919228524229075,0.2778330396475771,27.0,Safe,Improved,0.6971319371349445,0.3260165977332184,0.5115742674340814,0.5,3.0,3.0
22,6,Paige VanZant,0.0932444383259912,0.2778330396475774,28.0,Safe,Improved,0.7833750633784428,0.3761776061950893,0.579776334786766,0.5,2.0,2.0
22,6,Geraldo Rivera,0.092611013215859,0.2778330396475772,0.0,Safe,Improved,-1.6314324714395096,0.35213585284771687,-0.6396483092958964,0.5,9.5,6.5
22,6,Nyle DiMarco,0.0892796806167401,0.2778330396475774,25.0,Safe,Improved,0.5246456846479479,0.22569458080947707,0.37517013272871247,0.5,4.5,4.5
22,6,Ginger Zee,0.0879580947136564,0.2778330396475775,24.0,Safe,Improved,0.4384025584044496,0.17553357234760616,0.3069680653760279,0.5,7.0,10.0
22,6,Wanya Morris,0.0945660242290749,0.2778330396475772,29.0,Safe,Improved,0.869618189621941,0.42633861465695966,0.6479784021394503,0.5,1.0,1.0
22,6,Marla Maples,0.0926110132158589,0.2778330396475772,0.0,Safe,Improved,-1.6314324714395096,0.35213585284771315,-0.6396483092958982,0.5,11.0,8.0
22,7,Mischa Barton,0.1215953271028037,0.489017757009344,0.0,Safe,Improved,-1.35170612469555,1.091937216836553,-0.12988445392949843,0.5,9.0,6.0
22,7,Kim Fields,0.0,0.9549203271028036,26.0,Eliminated,Improved,0.6190056085054388,-2.3782024694781665,-0.8795984304863638,0.5,12.0,11.0
22,7,Jodie Sweetin,0.071471562082777,0.4890177570093461,25.5,Safe,Improved,0.5811073059438814,-0.3385163241654976,0.12129549088919189,0.5,7.0,12.0
22,7,Doug Flutie,0.1215953271028036,0.4890177570093462,0.0,Safe,Improved,-1.35170612469555,1.0919372168365502,-0.12988445392949988,0.5,10.5,7.5
22,7,Von Miller,0.0721724966622163,0.4890177570093449,26.0,Eliminated,Improved,0.6190056085054388,-0.3185127519923153,0.15024642825656176,0.5,5.5,9.5
22,7,Antonio Brown,0.0721724966622163,0.4890177570093456,26.0,Safe,Improved,0.6190056085054388,-0.3185127519923153,0.15024642825656176,0.5,5.5,9.5
22,7,Paige VanZant,0.074275300400534,0.489017757009346,27.5,Safe,Improved,0.7327005161901112,-0.25850203547277445,0.2370992403586684,0.5,3.0,3.0
22,7,Geraldo Rivera,0.1215953271028036,0.4890177570093461,0.0,Safe,Improved,-1.35170612469555,1.0919372168365502,-0.12988445392949988,0.5,10.5,7.5
22,7,Nyle DiMarco,0.0749762349799733,0.4890177570093454,28.0,Safe,Improved,0.7705988187516688,-0.23849846329959215,0.26605017772603834,0.5,1.0,1.0
22,7,Ginger Zee,0.074275300400534,0.4890177570093461,27.5,Safe,Improved,0.7327005161901112,-0.25850203547277445,0.2370992403586684,0.5,3.0,3.0
22,7,Wanya Morris,0.074275300400534,0.4890177570093459,27.5,Safe,Improved,0.7327005161901112,-0.25850203547277445,0.2370992403586684,0.5,3.0,3.0
22,7,Marla Maples,0.1215953271028038,0.4890177570093459,0.0,Safe,Improved,-1.35170612469555,1.0919372168365558,-0.1298844539294971,0.5,8.0,5.0
23,2,Jake T. Austin,0.0705575174824694,0.9144279720279724,24.0,Eliminated,Improved,-1.0030345907667269,-2.2356434080086864,-1.6193389993877068,0.5,13.0,13.0
23,2,Maureen McCormick,0.0760052447552535,0.0059818181818183,26.0,Safe,Improved,-0.35106210676835437,-0.3223511546468026,-0.33670663070757845,0.5,8.5,8.5
23,2,Marilu Henner,0.0768575174825262,0.0059818181818184,27.0,Safe,Improved,-0.025075864769168087,-0.023025082471917185,-0.024050473620542634,0.5,7.0,7.0
23,2,Ryan Lochte,0.074300699300708,0.0059818181818174,24.0,Safe,Improved,-1.0030345907667269,-0.9210032989966075,-0.9620189448816672,0.5,11.5,11.5
23,2,Calvin Johnson Jr.,0.0777097902097989,0.0059818181818189,28.0,Safe,Improved,0.3009103772300182,0.27630098970296824,0.2886056834664932,0.5,6.0,6.0
23,2,Laurie Hernandez,0.0811188811188898,0.0059818181818188,32.0,Safe,Improved,1.6048553452267633,1.473605278402544,1.5392303118146535,0.5,1.0,1.0
23,2,Amber Rose,0.074300699300708,0.0059818181818198,24.0,Safe,Improved,-1.0030345907667269,-0.9210032989966075,-0.9620189448816672,0.5,11.5,11.5
23,2,Rick Perry,0.0763393356642875,0.0059818181818193,22.0,Safe,Improved,-1.6550070747650993,-0.20501533437423236,-0.9300112045696658,0.5,10.0,10.0
23,2,James Hinchcliffe,0.0785620629370716,0.0059818181818184,29.0,Safe,Improved,0.6268966192292045,0.5756270618778536,0.601261840553529,0.5,4.5,4.5
23,2,Babyface,0.0794143356643444,0.0059818181818183,30.0,Safe,Improved,0.9528828612283907,0.8749531340527732,0.913917997640582,0.5,3.0,3.0
23,2,Vanilla Ice,0.0760052447552535,0.0059818181818183,26.0,Safe,Improved,-0.35106210676835437,-0.3223511546468026,-0.33670663070757845,0.5,8.5,8.5
23,2,Jana Kramer,0.0785620629370716,0.0059818181818181,29.0,Safe,Improved,0.6268966192292045,0.5756270618778536,0.601261840553529,0.5,4.5,4.5
23,2,Terra Jole,0.0802666083916171,0.0059818181818166,31.0,Safe,Improved,1.278869103227577,1.1742792062276586,1.2265741547276177,0.5,2.0,2.0
23,3,Jake T. Austin,0.0998961538338407,0.0709692307692313,0.0,Safe,Improved,-3.104851498504155,1.4655137573617467,-0.8196688705712041,0.5,12.0,7.0
23,3,Maureen McCormick,0.0796923076945464,0.0709692307692307,28.0,Safe,Improved,0.37258217982049857,0.17665660584614817,0.2746193928333234,0.5,5.5,5.5
23,3,Marilu Henner,0.0796923076945464,0.0709692307692306,28.0,Safe,Improved,0.37258217982049857,0.17665660584614817,0.2746193928333234,0.5,5.5,5.5
23,3,Ryan Lochte,0.0769230769253156,0.0709692307692307,25.0,Safe,Improved,0.0,1.4281322308124304e-10,7.140661154062152e-11,0.5,9.0,10.0
23,3,Calvin Johnson Jr.,0.0833846153868541,0.0709692307692307,32.0,Safe,Improved,0.8693584195811633,0.41219874678392604,0.6407785831825447,0.5,1.0,1.0
23,3,Laurie Hernandez,0.0824615384637772,0.0709692307692306,31.0,Safe,Improved,0.7451643596409971,0.35331321154948314,0.5492387855952401,0.5,2.0,2.0
23,3,Amber Rose,0.0769230769253156,0.0709692307692309,25.0,Safe,Improved,0.0,1.4281322308124304e-10,7.140661154062152e-11,0.5,9.0,10.0
23,3,Rick Perry,0.0290269230646099,0.9170153846153846,23.0,Eliminated,Improved,-0.24838811988033238,-3.0554232102627163,-1.6519056650715243,0.5,13.0,13.0
23,3,James Hinchcliffe,0.0806153846176233,0.0709692307692306,29.0,Safe,Improved,0.49677623976066476,0.23554214108059107,0.36615919042062794,0.5,4.0,4.0
23,3,Babyface,0.0769230769253156,0.0709692307692306,25.0,Safe,Improved,0.0,1.4281322308124304e-10,7.140661154062152e-11,0.5,9.0,10.0
23,3,Vanilla Ice,0.0750769230791618,0.0709692307692306,23.0,Safe,Improved,-0.24838811988033238,-0.11777107032607173,-0.18307959510320204,0.5,11.0,12.0
23,3,Jana Kramer,0.0778461538483926,0.0709692307692306,26.0,Safe,Improved,0.12419405994016619,0.058885535377262335,0.09153979765871426,0.5,7.0,8.0
23,3,Terra Jole,0.0815384615407003,0.0709692307692294,30.0,Safe,Improved,0.620970299700831,0.2944276763150402,0.45769898800793557,0.5,3.0,3.0
23,4,Jake T. Austin,0.0837645446507515,0.1381310344827591,0.0,Safe,Improved,-2.1392723986674467,0.36179172369481566,-0.8887403374863155,0.5,11.5,8.0
23,4,Maureen McCormick,0.0814323607427055,0.1381310344827586,24.0,Safe,Improved,0.4180187445672023,0.23846075588915946,0.32823975022818086,0.5,4.5,4.5
23,4,Marilu Henner,0.0779840848806366,0.1381310344827588,21.0,Safe,Improved,0.09835735166287114,0.056108413150392576,0.07723288240663186,0.5,10.0,12.0
23,4,Ryan Lochte,0.0791335101679929,0.1381310344827588,22.0,Safe,Improved,0.2049111492976482,0.11689252739664821,0.16090183834714822,0.5,9.0,11.0
23,4,Calvin Johnson Jr.,0.0802829354553492,0.1381310344827592,23.0,Safe,Improved,0.3114649469324252,0.17767664164290384,0.24457079428766454,0.5,7.0,8.0
23,4,Laurie Hernandez,0.0883289124668435,0.1381310344827591,30.0,Safe,Improved,1.0573415303758644,0.6031654413667035,0.830253485871284,0.5,1.0,1.0
23,4,Amber Rose,0.0814323607427055,0.1381310344827591,24.0,Safe,Improved,0.4180187445672023,0.23846075588915946,0.32823975022818086,0.5,4.5,4.5
23,4,Rick Perry,0.0837645446507515,0.1381310344827588,0.0,Safe,Improved,-2.1392723986674467,0.36179172369481566,-0.8887403374863155,0.5,11.5,8.0
23,4,James Hinchcliffe,0.0860300618921308,0.1381310344827588,28.0,Safe,Improved,0.8442339351063104,0.4815972128741871,0.6629155739902488,0.5,2.0,2.0
23,4,Babyface,0.0146990274093722,0.9152116710875332,18.0,Eliminated,Improved,-0.22130404124145997,-3.2905433490200124,-1.7559236951307362,0.5,13.0,13.0
23,4,Vanilla Ice,0.0802829354553492,0.1381310344827587,23.0,Eliminated,Improved,0.3114649469324252,0.17767664164290384,0.24457079428766454,0.5,7.0,8.0
23,4,Jana Kramer,0.0802829354553492,0.1381310344827585,23.0,Safe,Improved,0.3114649469324252,0.17767664164290384,0.24457079428766454,0.5,7.0,8.0
23,4,Terra Jole,0.0825817860300618,0.1381310344827577,25.0,Safe,Improved,0.5245725422019794,0.2992448701354151,0.41190870616869724,0.5,3.0,3.0
23,6,Jake T. Austin,0.0919032786885246,0.3676131147540982,0.0,Safe,Improved,-1.4089826595969408,0.622229717425585,-0.3933764710856779,0.5,10.0,6.0
23,6,Maureen McCormick,0.0754827868852459,0.3676131147540987,31.0,Safe,Improved,0.452722297181968,-0.05982504623653132,0.19644862547271832,0.5,6.0,10.0
23,6,Marilu Henner,0.078433606557377,0.3676131147540988,34.0,Safe,Improved,0.6328872929992817,0.06274257464818749,0.3478149338237346,0.5,5.0,8.0
23,6,Ryan Lochte,0.0744991803278688,0.3676131147540992,30.0,Safe,Improved,0.3926672985761967,-0.10068091986477382,0.14599318935571143,0.5,7.5,11.5
23,6,Calvin Johnson Jr.,0.0813844262295082,0.3676131147540983,37.0,Safe,Improved,0.8130522888165954,0.18531019553291092,0.4991812421747532,0.5,3.5,3.5
23,6,Laurie Hernandez,0.0813844262295082,0.3676131147540975,37.0,Safe,Improved,0.8130522888165954,0.18531019553291092,0.4991812421747532,0.5,3.5,3.5
23,6,Amber Rose,0.0,0.9380494325346784,28.0,Eliminated,Improved,0.2725573013646542,-3.195138835029052,-1.461290766832199,0.5,13.0,13.0
23,6,Rick Perry,0.0919032786885246,0.3676131147540984,0.0,Safe,Improved,-1.4089826595969408,0.622229717425585,-0.3933764710856779,0.5,10.0,6.0
23,6,James Hinchcliffe,0.0823680327868852,0.3676131147540987,38.0,Safe,Improved,0.8731072874223668,0.22616606916114937,0.5496366782917581,0.5,2.0,2.0
23,6,Babyface,0.0919032786885245,0.3676131147540983,0.0,Safe,Improved,-1.4089826595969408,0.6222297174255809,-0.39337647108567997,0.5,12.0,9.0
23,6,Vanilla Ice,0.0919032786885246,0.3676131147540979,0.0,Safe,Improved,-1.4089826595969408,0.622229717425585,-0.3933764710856779,0.5,10.0,6.0
23,6,Jana Kramer,0.0843352459016393,0.3676131147540983,40.0,Safe,Improved,0.9932172846339092,0.30787781641762973,0.6505475505257695,0.5,1.0,1.0
23,6,Terra Jole,0.0744991803278688,0.3676131147540979,30.0,Safe,Improved,0.3926672985761967,-0.10068091986477382,0.14599318935571143,0.5,7.5,11.5
23,7,Jake T. Austin,0.1198822141560799,0.6032408348457368,0.0,Safe,Improved,-1.2114391845433472,1.1127642422772148,-0.04933747113306619,0.5,8.5,4.5
23,7,Maureen McCormick,0.0,0.9660283680022336,33.0,Eliminated,Improved,0.6749760973771463,-1.9925271995495328,-0.6587755510861932,0.5,13.0,12.0
23,7,Marilu Henner,0.0543491055224267,0.6032408348457355,32.0,Safe,Improved,0.6178119979250101,-0.5847302762294342,0.01654086084778794,0.5,7.0,13.0
23,7,Ryan Lochte,0.0554380347420274,0.6032408348457355,33.0,Safe,Improved,0.6749760973771463,-0.5565239020797318,0.05922609764870723,0.5,6.0,11.0
23,7,Calvin Johnson Jr.,0.0597937516204303,0.6032408348457358,37.0,Safe,Improved,0.9036324951856909,-0.44369840548091993,0.22996704485238548,0.5,2.0,2.0
23,7,Laurie Hernandez,0.0570714285714285,0.603240834845735,34.5,Safe,Improved,0.7607222465553505,-0.5142143408551769,0.12325395285008678,0.5,4.5,6.5
23,7,Amber Rose,0.1198822141560798,0.6032408348457348,0.0,Safe,Improved,-1.2114391845433472,1.1127642422772124,-0.04933747113306741,0.5,11.0,9.0
23,7,Rick Perry,0.1198822141560798,0.6032408348457351,0.0,Safe,Improved,-1.2114391845433472,1.1127642422772124,-0.04933747113306741,0.5,11.0,9.0
23,7,James Hinchcliffe,0.0597937516204304,0.6032408348457353,37.0,Safe,Improved,0.9036324951856909,-0.4436984054809172,0.22996704485238684,0.5,1.0,1.0
23,7,Babyface,0.1198822141560798,0.6032408348457354,0.0,Safe,Improved,-1.2114391845433472,1.1127642422772124,-0.04933747113306741,0.5,11.0,9.0
23,7,Vanilla Ice,0.1198822141560799,0.6032408348457357,0.0,Safe,Improved,-1.2114391845433472,1.1127642422772148,-0.04933747113306619,0.5,8.5,4.5
23,7,Jana Kramer,0.0570714285714285,0.6032408348457345,34.5,Safe,Improved,0.7607222465553505,-0.5142143408551769,0.12325395285008678,0.5,4.5,6.5
23,7,Terra Jole,0.0570714285714286,0.6032408348457343,34.5,Safe,Improved,0.7607222465553505,-0.5142143408551745,0.123253952850088,0.5,3.0,3.0
23,8,Jake T. Austin,0.1294533625406592,0.801795821886386,0.0,Safe,Improved,-1.01451165579816,1.014226270412051,-0.00014269269305444698,0.5,8.0,8.0
23,8,Maureen McCormick,0.1294533625406593,0.8017958218863903,0.0,Safe,Improved,-1.01451165579816,1.014226270412053,-0.00014269269305344778,0.5,5.0,3.0
23,8,Marilu Henner,0.0280093646195998,0.8017958218863918,23.0,Safe,Improved,0.4946390253649549,-0.9443994339326195,-0.2248802042838323,0.5,12.0,13.0
23,8,Ryan Lochte,0.0,0.9783813442962266,26.0,Eliminated,Improved,0.6914847663862308,-1.485189058065933,-0.3968521458398511,0.5,13.0,12.0
23,8,Calvin Johnson Jr.,0.0384571362094223,0.8017958218863898,30.0,Safe,Improved,0.9539457544145986,-0.7426795253297248,0.1056331145424369,0.5,3.5,4.5
23,8,Laurie Hernandez,0.0429347526050605,0.8017958218863912,33.0,Safe,Improved,1.1507914954358744,-0.6562281359284846,0.24728167975369492,0.5,2.0,2.0
23,8,Amber Rose,0.1294533625406592,0.8017958218863905,0.0,Safe,Improved,-1.01451165579816,1.014226270412051,-0.00014269269305444698,0.5,8.0,8.0
23,8,Rick Perry,0.1294533625406592,0.80179582188639,0.0,Safe,Improved,-1.01451165579816,1.014226270412051,-0.00014269269305444698,0.5,8.0,8.0
23,8,James Hinchcliffe,0.045919531694393,0.8017958218863909,34.9998,Safe,Improved,1.282008866400657,-0.5985996397536164,0.3417046133235203,0.5,1.0,1.0
23,8,Babyface,0.1294533625406592,0.8017958218863902,0.0,Safe,Improved,-1.01451165579816,1.014226270412051,-0.00014269269305444698,0.5,8.0,8.0
23,8,Vanilla Ice,0.1294533625406592,0.80179582188639,0.0,Safe,Improved,-1.01451165579816,1.014226270412051,-0.00014269269305444698,0.5,8.0,8.0
23,8,Jana Kramer,0.0384571362094223,0.8017958218863903,30.0,Safe,Improved,0.9539457544145986,-0.7426795253297248,0.1056331145424369,0.5,3.5,4.5
23,8,Terra Jole,0.029501903418146,0.8017958218863908,24.0,Safe,Improved,0.5602542723720468,-0.9155823041322034,-0.1776640158800783,0.5,11.0,11.0
24,2,Charo,0.0811991869918699,0.0001000000000062,25.0,Safe,Improved,-0.6987307333166038,-0.6987137112377367,-0.6987222222771703,0.5,9.5,9.5
24,2,Mr. T,0.0785052845528455,0.0001000000000002,22.0,Safe,Improved,-1.5970988190093807,-1.5806900473086931,-1.588894433159037,0.5,11.0,11.0
24,2,Heather Morris,0.0857723577235772,9.999999999821264e-05,30.0,Safe,Improved,0.7985494095046909,0.7985299557002759,0.7985396826024833,0.5,3.0,3.0
24,2,Nancy Kerrigan,0.0839430894308943,0.0001000000000035,28.0,Safe,Improved,0.19963735237617297,0.19963248892507804,0.1996349206506255,0.5,6.0,6.0
24,2,Bonner Bolton,0.0839430894308943,9.999999999532604e-05,28.0,Safe,Improved,0.19963735237617297,0.19963248892507804,0.1996349206506255,0.5,6.0,6.0
24,2,Simone Biles,0.0848577235772357,0.0001000000000037,29.0,Safe,Improved,0.49909338094043193,0.4990812223126587,0.49908730162654535,0.5,4.0,4.0
24,2,David Ross,0.0830284552845528,0.0001000000000015,27.0,Safe,Improved,-0.09981867618808596,-0.09981624446253902,-0.0998174603253125,0.5,8.0,8.0
24,2,Rashad Jennings,0.0876016260162601,0.0001000000000001,32.0,Safe,Improved,1.3974614666332088,1.3974274224754735,1.397444444554341,0.5,1.5,1.5
24,2,Chris Kattan,0.0784052845528455,0.9004981707317073,22.0,Eliminated,Improved,-1.5970988190093807,-1.6134297754924054,-1.605264297250893,0.5,12.0,12.0
24,2,Erika Jayne,0.0839430894308943,9.999999999865672e-05,28.0,Safe,Improved,0.19963735237617297,0.19963248892507804,0.1996349206506255,0.5,6.0,6.0
24,2,Normani,0.0876016260162601,0.0001000000000001,32.0,Safe,Improved,1.3974614666332088,1.3974274224754735,1.397444444554341,0.5,1.5,1.5
24,2,Nick Viall,0.0811991869918699,9.999999999732444e-05,25.0,Safe,Improved,-0.6987307333166038,-0.6987137112377367,-0.6987222222771703,0.5,9.5,9.5
24,3,Charo,0.03161666665454,0.9096154761904764,24.0,Eliminated,Improved,-0.24680069376852803,-2.9083923214363856,-1.5775965076024567,0.5,12.0,12.0
24,3,Mr. T,0.0811904761929015,0.0764904761904764,24.0,Safe,Improved,-0.24680069376852803,-0.1205079455695578,-0.18365431966904291,0.5,9.5,10.5
24,3,Heather Morris,0.08976190476433,0.0764904761904766,33.0,Safe,Improved,0.7404020813055842,0.36152383725424553,0.5509629592799148,0.5,2.5,2.5
24,3,Nancy Kerrigan,0.08976190476433,0.0764904761904762,33.0,Safe,Improved,0.7404020813055842,0.36152383725424553,0.5509629592799148,0.5,2.5,2.5
24,3,Bonner Bolton,0.0811904761929015,0.0764904761904762,24.0,Safe,Improved,-0.24680069376852803,-0.1205079455695578,-0.18365431966904291,0.5,9.5,10.5
24,3,Simone Biles,0.0888095238119491,0.0764904761904763,32.0,Safe,Improved,0.6307128840751272,0.3079647502738255,0.46933881717447634,0.5,4.0,4.0
24,3,David Ross,0.0878571428595681,0.0764904761904764,31.0,Safe,Improved,0.5210236868446703,0.2544056632933993,0.3877146750690348,0.5,5.0,5.0
24,3,Rashad Jennings,0.0850000000024253,0.0764904761904761,28.0,Safe,Improved,0.1919560951532996,0.09372840235213387,0.14284224875271673,0.5,6.0,6.5
24,3,Chris Kattan,0.1079071428450162,0.0764904761904762,0.0,Safe,Improved,-2.8793414272994937,1.3819583411303984,-0.7486915430845477,0.5,11.0,6.5
24,3,Erika Jayne,0.0830952380976634,0.0764904761904764,26.0,Safe,Improved,-0.027422299307614226,-0.013389771608712351,-0.020406035458163288,0.5,7.5,8.5
24,3,Normani,0.090714285716711,0.0764904761904761,34.0,Safe,Improved,0.850091278536041,0.41508292423467097,0.632587101385356,0.5,1.0,1.0
24,3,Nick Viall,0.0830952380976634,0.0764904761904763,26.0,Safe,Improved,-0.027422299307614226,-0.013389771608712351,-0.020406035458163288,0.5,7.5,8.5
24,4,Charo,0.095585480587149,0.1719791411042954,0.0,Safe,Improved,-2.084889358821465,0.5216369720212776,-0.7816261934000936,0.5,10.5,6.5
24,4,Mr. T,0.0095959100350018,0.9193145705521472,28.0,Eliminated,Improved,0.06395366131354178,-3.139381646104027,-1.5377139923952425,0.5,12.0,12.0
24,4,Heather Morris,0.0905419222855379,0.1719791411042945,35.0,Safe,Improved,0.6011644163472935,0.3069067352584239,0.4540355758028587,0.5,3.0,3.0
24,4,Nancy Kerrigan,0.0887014314879919,0.1719791411042948,33.0,Safe,Improved,0.447675629194793,0.2285475687567376,0.33811159897576526,0.5,4.0,4.0
24,4,Bonner Bolton,0.0877811860892189,0.1719791411042943,32.0,Safe,Improved,0.37093123561854274,0.18936798550589445,0.2801496105622186,0.5,5.5,6.5
24,4,Simone Biles,0.0914621676843109,0.1719791411042946,36.0,Safe,Improved,0.6779088099235437,0.3460863185092671,0.5119975642164054,0.5,2.0,2.0
24,4,David Ross,0.0868609406904458,0.171979141104295,31.0,Safe,Improved,0.2941868420422925,0.15018840225504718,0.22218762214866983,0.5,7.0,9.0
24,4,Rashad Jennings,0.0942229038806299,0.1719791411042944,39.0,Safe,Improved,0.9081419906522945,0.4636250682617965,0.6858835294570456,0.5,1.0,1.0
24,4,Chris Kattan,0.095585480587149,0.1719791411042944,0.0,Safe,Improved,-2.084889358821465,0.5216369720212776,-0.7816261934000936,0.5,10.5,6.5
24,4,Erika Jayne,0.0859406952916728,0.1719791411042948,30.0,Safe,Improved,0.21744244846604227,0.11100881900420403,0.16422563373512317,0.5,8.5,10.5
24,4,Normani,0.0877811860892189,0.1719791411042945,32.0,Safe,Improved,0.37093123561854274,0.18936798550589445,0.2801496105622186,0.5,5.5,6.5
24,4,Nick Viall,0.0859406952916728,0.1719791411042941,30.0,Safe,Improved,0.21744244846604227,0.11100881900420403,0.16422563373512317,0.5,8.5,10.5
24,5,Charo,0.1053631578947368,0.3328368421052626,0.0,Safe,Improved,-1.628896333620134,0.7913253786311543,-0.4187854774944899,0.5,10.0,7.0
24,5,Mr. T,0.1053631578947368,0.3328368421052631,0.0,Safe,Improved,-1.628896333620134,0.7913253786311543,-0.4187854774944899,0.5,10.0,7.0
24,5,Heather Morris,0.0854888157894736,0.3328368421052631,34.0,Safe,Improved,0.557254008870046,0.0774263075034393,0.3173401581867426,0.5,4.5,4.5
24,5,Nancy Kerrigan,0.0874624999999999,0.3328368421052627,36.0,Safe,Improved,0.6858510878400566,0.1483223058278834,0.41708669683397,0.5,3.0,3.0
24,5,Bonner Bolton,0.081541447368421,0.3328368421052631,30.0,Safe,Improved,0.3000598509300248,-0.06436568914544788,0.11784708089228846,0.5,7.0,10.0
24,5,Simone Biles,0.0894361842105263,0.3328368421052632,38.0,Safe,Improved,0.8144481668100672,0.21921830415233098,0.5168332354811991,0.5,2.0,2.0
24,5,David Ross,0.0805546052631578,0.3328368421052631,29.0,Safe,Improved,0.2357613114450195,-0.09981368830767166,0.06797381156867391,0.5,8.0,12.0
24,5,Rashad Jennings,0.0835151315789473,0.3328368421052632,32.0,Safe,Improved,0.4286569299000354,0.0065303091789957165,0.21759361953951556,0.5,6.0,9.0
24,5,Chris Kattan,0.1053631578947368,0.3328368421052631,0.0,Safe,Improved,-1.628896333620134,0.7913253786311543,-0.4187854774944899,0.5,10.0,7.0
24,5,Erika Jayne,2.775557561562892e-17,0.9386881578947366,32.0,Eliminated,Improved,0.4286569299000354,-2.993386595920981,-1.2823648330104729,0.5,12.0,11.0
24,5,Normani,0.0904230263157894,0.3328368421052631,39.0,Safe,Improved,0.8787467062950725,0.25466630331455076,0.5667065048048117,0.5,1.0,1.0
24,5,Nick Viall,0.0854888157894736,0.3328368421052642,34.0,Safe,Improved,0.557254008870046,0.0774263075034393,0.3173401581867426,0.5,4.5,4.5
24,6,Charo,0.1376464684014869,0.6516576208178396,0.0,Safe,Improved,-1.3449205297711557,1.2330928289516139,-0.05591385040977093,0.5,10.0,8.0
24,6,Mr. T,0.1376464684014869,0.6516576208178442,0.0,Safe,Improved,-1.3449205297711557,1.2330928289516139,-0.05591385040977093,0.5,10.0,8.0
24,6,Heather Morris,0.0,0.9709714684014868,37.0,Eliminated,Improved,0.8749483000369971,-1.8919499973077325,-0.5085008486353677,0.5,12.0,5.5
24,6,Nancy Kerrigan,0.0646003186404673,0.6516576208178452,33.5,Safe,Improved,0.6649607080281177,-0.42530312517280233,0.11982879142765768,0.5,4.0,5.5
24,6,Bonner Bolton,0.0623698353690918,0.6516576208178446,31.5,Safe,Improved,0.5449677983087581,-0.47594267900408815,0.03451255965233496,0.5,5.0,10.0
24,6,Simone Biles,0.065715560276155,0.6516576208178437,34.5,Safe,Improved,0.7249571628877975,-0.39998334825716053,0.1624869073153185,0.5,3.0,3.0
24,6,David Ross,0.061812214551248,0.6516576208178454,31.0,Safe,Improved,0.5149695708789183,-0.4886025674619078,0.01318350170850524,0.5,6.0,11.0
24,6,Rashad Jennings,0.0662731810939989,0.6516576208178451,35.0,Safe,Improved,0.7549553903176375,-0.38732345979933824,0.18381596525914962,0.5,2.0,2.0
24,6,Chris Kattan,0.1376464684014869,0.651657620817845,0.0,Safe,Improved,-1.3449205297711557,1.2330928289516139,-0.05591385040977093,0.5,10.0,8.0
24,6,Erika Jayne,0.137646468401487,0.6516576208178453,0.0,Safe,Improved,-1.3449205297711557,1.2330928289516165,-0.055913850409769594,0.5,8.0,4.0
24,6,Normani,0.0673884227296866,0.6516576208178446,36.0,Safe,Improved,0.8149518451773172,-0.36200368288369644,0.2264740811468104,0.5,1.0,1.0
24,6,Nick Viall,0.0612545937334041,0.6516576208178457,30.5,Safe,Improved,0.48497134344907833,-0.50126245591973,-0.008145556235325813,0.5,7.0,12.0
24,7,Charo,0.1423924901185771,0.7557407114624477,0.0,Safe,Improved,-1.1184264048645254,1.094792060729714,-0.011817172067405735,0.5,6.0,5.0
24,7,Mr. T,0.142392490118577,0.7557407114624499,0.0,Safe,Improved,-1.1184264048645254,1.0947920607297117,-0.011817172067406845,0.5,8.5,8.5
24,7,Heather Morris,0.142392490118577,0.755740711462451,0.0,Safe,Improved,-1.1184264048645254,1.0947920607297117,-0.011817172067406845,0.5,8.5,8.5
24,7,Nancy Kerrigan,0.0,0.9757174901185768,36.0,Eliminated,Improved,0.7912977330859687,-1.5447675973299873,-0.37673493212200926,0.5,12.0,10.5
24,7,Bonner Bolton,0.0418797760210803,0.7557407114624513,31.0,Safe,Improved,0.5260582694817334,-0.7684333455603601,-0.12118753803931337,0.5,11.0,12.0
24,7,Simone Biles,0.0513659420289854,0.7557407114624506,39.0,Safe,Improved,0.9504414112485099,-0.5925862830975004,0.17892756407550475,0.5,2.5,2.5
24,7,David Ross,0.0430655467720684,0.7557407114624514,32.0,Safe,Improved,0.5791061622025805,-0.7464524627525033,-0.08367315027496142,0.5,10.0,10.5
24,7,Rashad Jennings,0.0513659420289854,0.7557407114624504,39.0,Safe,Improved,0.9504414112485099,-0.5925862830975004,0.17892756407550475,0.5,2.5,2.5
24,7,Chris Kattan,0.1423924901185771,0.7557407114624506,0.0,Safe,Improved,-1.1184264048645254,1.094792060729714,-0.011817172067405735,0.5,6.0,5.0
24,7,Erika Jayne,0.1423924901185771,0.7557407114624503,0.0,Safe,Improved,-1.1184264048645254,1.094792060729714,-0.011817172067405735,0.5,6.0,5.0
24,7,Normani,0.0549232542819498,0.7557407114624508,42.0,Safe,Improved,1.109585089411051,-0.5266436346739284,0.29147072736856133,0.5,1.0,1.0
24,7,Nick Viall,0.0454370882740448,0.7557407114624514,34.0,Eliminated,Improved,0.6852019476442746,-0.7024906971367861,-0.00864437474625579,0.5,4.0,7.0
25,2,Sasha Pieterse,0.0785262269722964,0.0,22.5,Safe,Improved,0.6606448093740981,0.660644809374099,0.6606448093740985,0.5,4.5,4.5
25,2,Frankie Muniz,0.0801715651807059,0.0,24.0,Safe,Improved,1.338675008468568,1.3386750084685657,1.3386750084685668,0.5,1.5,1.5
25,2,Jordan Fisher,0.0801715651807059,0.0,24.0,Safe,Improved,1.338675008468568,1.3386750084685657,1.3386750084685668,0.5,1.5,1.5
25,2,Derek Fisher,0.0746871044860076,2.220446049250313e-16,19.0,Safe,Improved,-0.9214256551796649,-0.9214256551796489,-0.9214256551796569,0.5,11.5,11.5
25,2,Nikki Bella,0.0752355505554774,1.1768364061026661e-14,19.5,Safe,Improved,-0.6954155888148416,-0.6954155888148401,-0.6954155888148408,0.5,9.5,9.5
25,2,Terrell Owens,0.0752355505554774,2.3536728122053322e-14,19.5,Safe,Improved,-0.6954155888148416,-0.6954155888148401,-0.6954155888148408,0.5,9.5,9.5
25,2,Victoria Arlen,0.0779777809028266,0.0,22.0,Safe,Improved,0.4346347430092748,0.43463474300929006,0.4346347430092824,0.5,6.0,6.0
25,2,Barbara Corcoran,0.0724933202081282,0.9084033750527356,17.0,Eliminated,Improved,-1.825465920638958,-1.8254659206389703,-1.825465920638964,0.5,13.0,13.0
25,2,Lindsey Stirling,0.0785262269722964,0.0,22.5,Safe,Improved,0.6606448093740981,0.660644809374099,0.6606448093740985,0.5,4.5,4.5
25,2,Debbie Gibson,0.0763324426944171,0.0,20.5,Eliminated,Improved,-0.24339545608519503,-0.24339545608518232,-0.24339545608518867,0.5,7.5,7.5
25,2,Nick Lachey,0.0746871044860076,5.6621374255882976e-15,19.0,Safe,Improved,-0.9214256551796649,-0.9214256551796489,-0.9214256551796569,0.5,11.5,11.5
25,2,Drew Scott,0.0763324426944171,1.2212453270876722e-15,20.5,Safe,Improved,-0.24339545608519503,-0.24339545608518232,-0.24339545608518867,0.5,7.5,7.5
25,2,Vanessa Lachey,0.0796231191112361,1.3322676295501878e-15,23.5,Safe,Improved,1.1126649421037447,1.1126649421037567,1.1126649421037507,0.5,3.0,3.0
25,4,Sasha Pieterse,0.0804144195288106,0.1737317343173436,24.0,Safe,Improved,0.33466878878630674,0.16037455529796538,0.24752167204213604,0.5,6.5,8.5
25,4,Frankie Muniz,0.0804144195288106,0.1737317343173431,24.0,Safe,Improved,0.33466878878630674,0.16037455529796538,0.24752167204213604,0.5,6.5,8.5
25,4,Jordan Fisher,0.0859494748793641,0.173731734317343,29.0,Safe,Improved,0.8652412588133785,0.41462689906303224,0.6399340789382054,0.5,1.0,1.0
25,4,Derek Fisher,0.0056860062446778,0.9311170025546412,23.0,Eliminated,Improved,0.2285542947808924,-3.2722693877179525,-1.52185754646853,0.5,13.0,12.5
25,4,Nikki Bella,0.0804144195288106,0.1737317343173433,24.0,Safe,Improved,0.33466878878630674,0.16037455529796538,0.24752167204213604,0.5,6.5,8.5
25,4,Terrell Owens,0.0804144195288106,0.1737317343173432,24.0,Safe,Improved,0.33466878878630674,0.16037455529796538,0.24752167204213604,0.5,6.5,8.5
25,4,Victoria Arlen,0.0837354527391427,0.1737317343173431,27.0,Safe,Improved,0.6530122708025499,0.31292596155700547,0.48296911617977767,0.5,2.0,2.0
25,4,Barbara Corcoran,0.0906568549531649,0.1737317343173435,0.0,Safe,Improved,-2.212079067343638,0.6308600423570996,-0.7906095124932692,0.5,11.5,4.5
25,4,Lindsey Stirling,0.082628441669032,0.1737317343173431,26.0,Safe,Improved,0.5468977767971355,0.2620754928039921,0.4044866348005638,0.5,3.0,3.0
25,4,Debbie Gibson,0.0906568549531649,0.1737317343173432,0.0,Safe,Improved,-2.212079067343638,0.6308600423570996,-0.7906095124932692,0.5,11.5,4.5
25,4,Nick Lachey,0.0782003973885892,0.1737317343173431,22.0,Safe,Improved,0.12243980077547804,0.05867361779193865,0.09055670928370835,0.5,10.0,12.5
25,4,Drew Scott,0.0804144195288106,0.173731734317343,24.0,Safe,Improved,0.33466878878630674,0.16037455529796538,0.24752167204213604,0.5,6.5,8.5
25,4,Vanessa Lachey,0.0804144195288106,0.1737317343173424,24.0,Safe,Improved,0.33466878878630674,0.16037455529796538,0.24752167204213604,0.5,6.5,8.5
25,5,Sasha Pieterse,0.0,0.9382001768346596,24.0,Eliminated,Improved,0.33671864014350683,-3.235424420583085,-1.449352890219789,0.5,13.0,12.0
25,5,Frankie Muniz,0.083491570881226,0.2840249042145606,29.0,Safe,Improved,0.7658698481695448,0.27627425486242646,0.5210720515159857,0.5,2.0,2.0
25,5,Jordan Fisher,0.0846409961685823,0.2840249042145595,30.0,Safe,Improved,0.8517000897747525,0.32461967723895446,0.5881598835068536,0.5,1.0,1.0
25,5,Derek Fisher,0.0920540229885056,0.2840249042145595,0.0,Safe,Improved,-1.7232071583814759,0.6364154212859785,-0.5433958685477487,0.5,12.0,8.0
25,5,Nikki Bella,0.0811927203065134,0.2840249042145595,27.0,Safe,Improved,0.5942093649591297,0.1795834101093704,0.38689638753425004,0.5,4.5,4.5
25,5,Terrell Owens,0.0788938697318007,0.284024904214559,25.0,Safe,Improved,0.4225488817487144,0.08289256535631027,0.25272072355251235,0.5,6.5,9.5
25,5,Victoria Arlen,0.0811927203065134,0.284024904214559,27.0,Safe,Improved,0.5942093649591297,0.1795834101093704,0.38689638753425004,0.5,4.5,4.5
25,5,Barbara Corcoran,0.0920540229885057,0.2840249042145596,0.0,Safe,Improved,-1.7232071583814759,0.6364154212859825,-0.5433958685477467,0.5,10.5,6.5
25,5,Lindsey Stirling,0.0823421455938697,0.2840249042145594,28.0,Safe,Improved,0.6800396065643373,0.22792883248589843,0.45398421952511786,0.5,3.0,3.0
25,5,Debbie Gibson,0.0920540229885057,0.2840249042145598,0.0,Safe,Improved,-1.7232071583814759,0.6364154212859825,-0.5433958685477467,0.5,10.5,6.5
25,5,Nick Lachey,0.0754455938697317,0.2840249042145599,22.0,Safe,Improved,0.1650581569330916,-0.06214370177327788,0.05145722757990685,0.5,9.0,13.0
25,5,Drew Scott,0.0788938697318007,0.2840249042145594,25.0,Safe,Improved,0.4225488817487144,0.08289256535631027,0.25272072355251235,0.5,6.5,9.5
25,5,Vanessa Lachey,0.0777444444444444,0.2840249042145586,24.0,Safe,Improved,0.33671864014350683,0.03454714297978225,0.18563289156164453,0.5,8.0,11.0
25,6,Sasha Pieterse,0.0850673202614379,0.3402692810457509,0.0,Safe,Improved,-1.403099043303636,0.3491746463296312,-0.5269621984870024,0.5,10.5,7.5
25,6,Frankie Muniz,0.07854477124183,0.3402692810457517,31.0,Safe,Improved,0.44477322614527015,0.06952819515328314,0.25715071064927664,0.5,6.5,10.5
25,6,Jordan Fisher,0.086387908496732,0.3402692810457519,39.0,Safe,Improved,0.9216434892288589,0.4057932799888124,0.6637183846088357,0.5,2.0,2.0
25,6,Derek Fisher,0.0850673202614379,0.3402692810457524,0.0,Safe,Improved,-1.403099043303636,0.3491746463296312,-0.5269621984870024,0.5,10.5,7.5
25,6,Nikki Bella,0.0834467320261437,0.3402692810457521,36.0,Safe,Improved,0.7428171405725131,0.2796938731754865,0.5112555068739998,0.5,4.5,4.5
25,6,Terrell Owens,0.0844271241830065,0.3402692810457518,37.0,Safe,Improved,0.8024259234579617,0.32172700877993027,0.562076466118946,0.5,3.0,3.0
25,6,Victoria Arlen,0.07854477124183,0.3402692810457522,31.0,Safe,Improved,0.44477322614527015,0.06952819515328314,0.25715071064927664,0.5,6.5,10.5
25,6,Barbara Corcoran,0.0850673202614379,0.340269281045752,0.0,Safe,Improved,-1.403099043303636,0.3491746463296312,-0.5269621984870024,0.5,10.5,7.5
25,6,Lindsey Stirling,0.0873683006535947,0.3402692810457517,40.0,Safe,Improved,0.9812522721143074,0.4478264155932514,0.7145393438537795,0.5,1.0,1.0
25,6,Debbie Gibson,0.0850673202614379,0.3402692810457522,0.0,Safe,Improved,-1.403099043303636,0.3491746463296312,-0.5269621984870024,0.5,10.5,7.5
25,6,Nick Lachey,0.0,0.9312134741075918,26.0,Eliminated,Improved,0.1467293117180272,-3.2979844858869027,-1.5756275870844378,0.5,13.0,13.0
25,6,Drew Scott,0.0775643790849673,0.3402692810457519,30.0,Safe,Improved,0.3851644432598216,0.02749505954884413,0.20632975140433285,0.5,8.0,12.0
25,6,Vanessa Lachey,0.0834467320261437,0.3402692810457511,36.0,Safe,Improved,0.7428171405725131,0.2796938731754865,0.5112555068739998,0.5,4.5,4.5
25,7,Sasha Pieterse,0.1117279069767441,0.5586395348837211,0.0,Safe,Improved,-1.2069322555078155,1.0429966354310862,-0.08196781003836462,0.5,11.5,9.5
25,7,Frankie Muniz,0.0668388704318936,0.5586395348837205,30.0,Safe,Improved,0.9823867195993845,-0.30219350087555674,0.3400966093619139,0.5,1.0,1.0
25,7,Jordan Fisher,0.0626528239202657,0.5586395348837219,27.0,Safe,Improved,0.7634548220886644,-0.42763679195480486,0.1679090150669298,0.5,5.0,8.0
25,7,Derek Fisher,0.1117279069767441,0.5586395348837215,0.0,Safe,Improved,-1.2069322555078155,1.0429966354310862,-0.08196781003836462,0.5,11.5,9.5
25,7,Nikki Bella,4.163336342344337e-17,0.9578740608228984,24.0,Eliminated,Improved,0.5445229245779445,-2.3051544941913105,-0.8803157848066829,0.5,13.0,13.0
25,7,Terrell Owens,0.0591644518272425,0.5586395348837214,24.5,Safe,Improved,0.5810115741630645,-0.5321728678541766,0.024419353154443935,0.5,7.0,12.0
25,7,Victoria Arlen,0.0647458471760797,0.5586395348837211,28.5,Safe,Improved,0.8729207708440245,-0.36491514641517914,0.25400281221442267,0.5,2.5,2.5
25,7,Barbara Corcoran,0.1117279069767442,0.5586395348837216,0.0,Safe,Improved,-1.2069322555078155,1.0429966354310891,-0.08196781003836318,0.5,9.0,5.0
25,7,Lindsey Stirling,0.0605598006644518,0.558639534883721,25.5,Safe,Improved,0.6539888733333045,-0.4903584374944271,0.08181521791943869,0.5,6.0,11.0
25,7,Debbie Gibson,0.1117279069767442,0.5586395348837205,0.0,Safe,Improved,-1.2069322555078155,1.0429966354310891,-0.08196781003836318,0.5,9.0,5.0
25,7,Nick Lachey,0.1117279069767442,0.5586395348837209,0.0,Safe,Improved,-1.2069322555078155,1.0429966354310891,-0.08196781003836318,0.5,9.0,5.0
25,7,Drew Scott,0.0647458471760797,0.5586395348837206,28.5,Safe,Improved,0.8729207708440245,-0.36491514641517914,0.25400281221442267,0.5,2.5,2.5
25,7,Vanessa Lachey,0.0626528239202658,0.5586395348837195,27.0,Eliminated,Improved,0.7634548220886644,-0.42763679195480153,0.16790901506693146,0.5,4.0,7.0
26,1,Jamie Anderson,0.0908857142857142,0.89056619047619,19.0,Eliminated,Improved,-0.8017837257372732,-2.185578758794022,-1.4936812422656476,0.5,10.0,9.5
26,1,Johnny Damon,0.095747619047619,0.0144857142857148,18.0,Eliminated,Improved,-1.2026755886059097,-1.0197083759681553,-1.1111919822870324,0.5,9.0,9.5
26,1,Kareem Abdul-Jabbar,0.1005095238095238,0.0144857142857139,17.0,Safe,Improved,-1.6035674514745464,0.12218230260761961,-0.7406925744334634,0.5,8.0,7.5
26,1,Arike Ogunbowale,0.0985714285714285,0.0144857142857144,20.0,Safe,Improved,-0.4008918628686366,-0.34256720357273046,-0.37172953322068353,0.5,7.0,7.5
26,1,Jennie Finch Daigle,0.0999999999999999,0.0144857142857144,21.0,Safe,Improved,0.0,-9.983557418307315e-15,-4.9917787091536574e-15,0.5,5.5,5.5
26,1,Chris Mazdzer,0.0999999999999999,0.0144857142857147,21.0,Safe,Improved,0.0,-9.983557418307315e-15,-4.9917787091536574e-15,0.5,5.5,5.5
26,1,Mirai Nagasu,0.1028571428571428,0.0144857142857146,23.0,Safe,Improved,0.8017837257372732,0.6851344071454609,0.7434590664413671,0.5,3.5,3.5
26,1,Tonya Harding,0.1028571428571428,0.0144857142857147,23.0,Safe,Improved,0.8017837257372732,0.6851344071454609,0.7434590664413671,0.5,3.5,3.5
26,1,Josh Norman,0.1042857142857142,0.0144857142857142,24.0,Safe,Improved,1.2026755886059097,1.0277016107181849,1.1151885996620474,0.5,1.5,1.5
26,1,Adam Rippon,0.1042857142857142,0.0144857142857153,24.0,Safe,Improved,1.2026755886059097,1.0277016107181849,1.1151885996620474,0.5,1.5,1.5
26,2,Jamie Anderson,0.1178214953271028,0.2207607476635513,0.0,Safe,Improved,-1.8707742272911068,0.5426464025139183,-0.6640639123885943,0.5,8.0,4.0
26,2,Johnny Damon,0.1178214953271027,0.2207607476635515,0.0,Safe,Improved,-1.8707742272911068,0.5426464025139153,-0.6640639123885957,0.5,9.0,7.0
26,2,Kareem Abdul-Jabbar,0.0074411214953271,0.9103703738317755,29.5,Eliminated,Improved,0.192322584114039,-2.818323688298989,-1.313000552092475,0.5,10.0,10.0
26,2,Arike Ogunbowale,0.1092523364485981,0.2207607476635518,35.0,Eliminated,Improved,0.5769677523421171,0.2817242322559008,0.42934599229900894,0.5,3.0,3.0
26,2,Jennie Finch Daigle,0.1053271028037383,0.2207607476635511,31.5,Safe,Improved,0.33219355437879466,0.16220486099582201,0.24719920768730835,0.5,6.5,8.5
26,2,Chris Mazdzer,0.1070093457943925,0.2207607476635509,33.0,Safe,Improved,0.43709678207736136,0.213427448678713,0.3252621153780372,0.5,4.5,5.5
26,2,Mirai Nagasu,0.1114953271028037,0.2207607476635517,37.0,Safe,Improved,0.7168387226068726,0.3500210158330891,0.5334298692199808,0.5,1.5,1.5
26,2,Tonya Harding,0.1070093457943925,0.2207607476635515,33.0,Safe,Improved,0.43709678207736136,0.213427448678713,0.3252621153780372,0.5,4.5,5.5
26,2,Josh Norman,0.1053271028037383,0.2207607476635518,31.5,Safe,Improved,0.33219355437879466,0.16220486099582201,0.24719920768730835,0.5,6.5,8.5
26,2,Adam Rippon,0.1114953271028037,0.2207607476635525,37.0,Safe,Improved,0.7168387226068726,0.3500210158330891,0.5334298692199808,0.5,1.5,1.5
26,3,Jamie Anderson,0.1375407582938389,0.5501630331753555,0.0,Safe,Improved,-1.1456380267157107,0.8843054527995902,-0.13066628695806026,0.5,6.0,3.0
26,3,Johnny Damon,0.1375407582938388,0.5501630331753555,0.0,Safe,Improved,-1.1456380267157107,0.8843054527995876,-0.13066628695806154,0.5,8.0,7.0
26,3,Kareem Abdul-Jabbar,0.1375407582938388,0.5501630331753558,0.0,Safe,Improved,-1.1456380267157107,0.8843054527995876,-0.13066628695806154,0.5,8.0,7.0
26,3,Arike Ogunbowale,0.1375407582938388,0.5501630331753561,0.0,Safe,Improved,-1.1456380267157107,0.8843054527995876,-0.13066628695806154,0.5,8.0,7.0
26,3,Jennie Finch Daigle,0.0,0.937530758293839,29.0,Eliminated,Improved,0.4289355645049342,-2.3555876146079817,-0.9633260250515238,0.5,10.0,10.0
26,3,Chris Mazdzer,0.08513327014218,0.5501630331753558,33.0,Eliminated,Improved,0.6461181288112301,-0.35019884722803346,0.14795964079159832,0.5,5.0,9.0
26,3,Mirai Nagasu,0.0879768720379146,0.5501630331753553,35.0,Eliminated,Improved,0.7547094109643779,-0.2832153131633514,0.23574704890051326,0.5,3.5,4.5
26,3,Tonya Harding,0.0879768720379146,0.5501630331753553,35.0,Safe,Improved,0.7547094109643779,-0.2832153131633514,0.23574704890051326,0.5,3.5,4.5
26,3,Josh Norman,0.0922422748815165,0.5501630331753554,38.0,Safe,Improved,0.9175963341940998,-0.1827400120663284,0.3674281610638857,0.5,2.0,2.0
26,3,Adam Rippon,0.0965076777251184,0.5501630331753569,41.0,Safe,Improved,1.0804832574238217,-0.08226471096930534,0.4991092732272582,0.5,1.0,1.0
27,1,Juan Pablo Di Pace,0.0797285067873303,0.0138254901960784,22.0,Safe,Improved,0.9318831418112961,0.6944268628514101,0.8131550023313531,0.5,3.5,3.5
27,1,Evanna Lynch,0.0750226244343891,0.0138254901960788,18.0,Safe,Improved,-0.6312756767108789,-0.4704181974154671,-0.550846937063173,0.5,10.0,11.0
27,1,Nancy McKeon,0.076787330316742,0.0138254901960784,19.5,Safe,Improved,-0.045091119765063276,-0.033601299815402774,-0.039346209790233025,0.5,8.0,8.0
27,1,John Schneider,0.0750226244343891,0.0138254901960785,18.0,Safe,Improved,-0.6312756767108789,-0.4704181974154671,-0.550846937063173,0.5,10.0,11.0
27,1,Milo Manheim,0.0773755656108597,0.0138254901960783,20.0,Safe,Improved,0.1503037325502086,0.11200433271797147,0.13115403263409003,0.5,6.0,6.0
27,1,Danelle Umstead,0.0750226244343891,0.0138254901960785,18.0,Safe,Improved,-0.6312756767108789,-0.4704181974154671,-0.550846937063173,0.5,10.0,11.0
27,1,Mary Lou Retton,0.0773755656108597,0.0138254901960787,20.0,Safe,Improved,0.1503037325502086,0.11200433271797147,0.13115403263409003,0.5,6.0,6.0
27,1,DeMarcus Ware,0.0809049773755656,0.0138254901960785,23.0,Safe,Improved,1.3226728464418398,0.9856381279181277,1.1541554871799837,0.5,1.5,1.5
27,1,Nikki Glaser,0.0654628205128205,0.914873604826546,17.5,Eliminated,Improved,-0.8266705290261508,-2.8367524021367667,-1.8317114655814588,0.5,13.0,13.0
27,1,Bobby Bones,0.0773755656108597,0.0138254901960785,20.0,Safe,Improved,0.1503037325502086,0.11200433271797147,0.13115403263409003,0.5,6.0,6.0
27,1,Tinashe,0.0809049773755656,0.0138254901960779,23.0,Safe,Improved,1.3226728464418398,0.9856381279181277,1.1541554871799837,0.5,1.5,1.5
27,1,Alexis Ren,0.0797285067873303,0.0138254901960784,22.0,Safe,Improved,0.9318831418112961,0.6944268628514101,0.8131550023313531,0.5,3.5,3.5
27,1,Joe Amabile,0.0792883107088989,0.0138254901960875,14.0,Safe,Improved,-2.194434495233054,0.5854653145056052,-0.8044845903637243,0.5,12.0,9.0
27,2,Juan Pablo Di Pace,0.082681643682034,0.0722887245841032,26.0,Safe,Improved,0.7545255885157955,0.3747146051856542,0.5646200968507249,0.5,2.0,2.0
27,2,Evanna Lynch,0.0804635290794462,0.0722887245841042,24.0,Safe,Improved,0.46389350997637807,0.23038009065173853,0.3471368003140583,0.5,5.0,5.0
27,2,Nancy McKeon,0.0765818285249175,0.0722887245841034,20.5,Safe,Improved,-0.04471262746760253,-0.022205309782618147,-0.03345896862511034,0.5,9.0,10.0
27,2,John Schneider,0.0776908858262114,0.0722887245841035,21.5,Safe,Improved,0.1006034118021062,0.04996194748434013,0.07528267964322316,0.5,8.0,9.0
27,2,Milo Manheim,0.082681643682034,0.0722887245841032,26.0,Safe,Improved,0.7545255885157955,0.3747146051856542,0.5646200968507249,0.5,2.0,2.0
27,2,Danelle Umstead,0.0298590004142473,0.9146380207592784,18.5,Eliminated,Improved,-0.33534470600702,-3.0624975945624606,-1.6989211502847403,0.5,13.0,12.5
27,2,Mary Lou Retton,0.0793544717781523,0.0722887245841037,23.0,Safe,Improved,0.3185774707066693,0.15821283338478026,0.23839515204572478,0.5,7.0,8.0
27,2,DeMarcus Ware,0.0799090004287992,0.0722887245841036,23.5,Safe,Improved,0.39123549034152366,0.1942964620182558,0.29276597617988975,0.5,6.0,6.0
27,2,Nikki Glaser,0.0983508673273711,0.0722887245841034,0.0,Safe,Improved,-3.0236914324966317,1.3943236845968559,-0.814683873949888,0.5,12.0,7.0
27,2,Bobby Bones,0.0754727712236236,0.0722887245841035,19.5,Safe,Improved,-0.19002866673731128,-0.09437256704957643,-0.14220061689344385,0.5,10.0,11.0
27,2,Tinashe,0.082681643682034,0.0722887245841032,26.0,Safe,Improved,0.7545255885157955,0.3747146051856542,0.5646200968507249,0.5,2.0,2.0
27,2,Alexis Ren,0.0810180577300931,0.0722887245841031,24.5,Safe,Improved,0.5365515296112324,0.26646371928521406,0.40150762444822324,0.5,4.0,4.0
27,2,Joe Amabile,0.0732546566210358,0.0722887245841026,17.5,Safe,Improved,-0.48066074527672875,-0.238707081583493,-0.35968391343011086,0.5,11.0,12.5
27,3,Juan Pablo Di Pace,0.0870564859472361,0.1812118081180823,30.0,Safe,Improved,0.9376475691477724,0.4772286134795736,0.707438091313673,0.5,1.0,1.0
27,3,Evanna Lynch,0.083735452736904,0.1812118081180813,27.0,Safe,Improved,0.630351306990099,0.32082595860717655,0.4755886327986378,0.5,3.0,3.0
27,3,Nancy McKeon,0.0077770271623494,0.9274269656542724,22.0,Eliminated,Improved,0.11819087006064352,-3.256403977795575,-1.5691065538674658,0.5,13.0,12.0
27,3,John Schneider,0.0770933863162398,0.1812118081180819,21.0,Safe,Improved,0.01575878267475242,0.008020648862382362,0.01188971576856739,0.5,9.0,11.0
27,3,Milo Manheim,0.083735452736904,0.1812118081180813,27.0,Safe,Improved,0.630351306990099,0.32082595860717655,0.4755886327986378,0.5,3.0,3.0
27,3,Danelle Umstead,0.0890578389704675,0.1812118081180814,0.0,Safe,Improved,-2.1353150524289606,0.5714814879152942,-0.7819167822568331,0.5,11.5,7.5
27,3,Mary Lou Retton,0.0804144195265719,0.1812118081180814,24.0,Safe,Improved,0.32305504483242575,0.16442330373477945,0.2437391742836026,0.5,7.0,9.0
27,3,DeMarcus Ware,0.0826284416667933,0.1812118081180814,26.0,Safe,Improved,0.527919219604208,0.26869174031637755,0.39830547996029275,0.5,5.5,5.5
27,3,Nikki Glaser,0.0890578389704675,0.1812118081180809,0.0,Safe,Improved,-2.1353150524289606,0.5714814879152942,-0.7819167822568331,0.5,11.5,7.5
27,3,Bobby Bones,0.0793074084564612,0.1812118081180816,23.0,Safe,Improved,0.22062295744653462,0.11228908544398043,0.16645602144525753,0.5,8.0,10.0
27,3,Tinashe,0.083735452736904,0.1812118081180812,27.0,Safe,Improved,0.630351306990099,0.32082595860717655,0.4755886327986378,0.5,3.0,3.0
27,3,Alexis Ren,0.0826284416667933,0.1812118081180813,26.0,Safe,Improved,0.527919219604208,0.26869174031637755,0.39830547996029275,0.5,5.5,5.5
27,3,Joe Amabile,0.0737723531059077,0.1812118081180798,18.0,Safe,Improved,-0.29153747948292086,-0.14838200601001472,-0.2199597427464678,0.5,10.0,13.0
27,4,Juan Pablo Di Pace,0.0751582375478927,0.4709275862068935,24.0,Safe,Improved,0.5739130977233577,-0.0612838603451642,0.2563146186890968,0.5,4.0,4.0
27,4,Evanna Lynch,0.0751582375478926,0.4709275862068983,24.0,Safe,Improved,0.5739130977233577,-0.06128386034516805,0.25631461868909483,0.5,5.0,6.0
27,4,Nancy McKeon,0.1121689655172413,0.4709275862068974,0.0,Safe,Improved,-1.6643479833977377,1.2239097476622123,-0.22021911786776271,0.5,11.0,8.0
27,4,John Schneider,0.0712789272030651,0.4709275862068973,21.0,Safe,Improved,0.29413046258322084,-0.19599250111489838,0.04906898073416123,0.5,7.0,11.0
27,4,Milo Manheim,0.081623754789272,0.470927586206897,29.0,Safe,Improved,1.040217489623586,0.16323054093772432,0.6017240152806552,0.5,1.0,1.0
27,4,Danelle Umstead,0.1121689655172414,0.470927586206897,0.0,Safe,Improved,-1.6643479833977377,1.2239097476622156,-0.22021911786776105,0.5,9.5,6.0
27,4,Mary Lou Retton,0.0777444444444444,0.4709275862068962,26.0,Safe,Improved,0.760434854483449,0.028521900167990152,0.3944783773257196,0.5,2.0,2.0
27,4,DeMarcus Ware,0.0725720306513409,0.4709275862068968,22.0,Safe,Improved,0.38739134096326644,-0.1510896208583229,0.11815086005247177,0.5,6.0,10.0
27,4,Nikki Glaser,0.1121689655172414,0.470927586206896,0.0,Safe,Improved,-1.6643479833977377,1.2239097476622156,-0.22021911786776105,0.5,9.5,6.0
27,4,Bobby Bones,0.0699858237547892,0.4709275862068967,20.0,Safe,Improved,0.2008695842031752,-0.24089538137147723,-0.02001289858415102,0.5,8.0,12.0
27,4,Tinashe,1.3877787807814457e-17,0.9583151193633952,26.0,Eliminated,Improved,0.760434854483449,-2.67114569731437,-0.9553554214154605,0.5,13.0,9.0
27,4,Alexis Ren,0.0764513409961685,0.4709275862068967,25.0,Safe,Improved,0.6671739761034033,-0.01638098008858871,0.32539649800740733,0.5,3.0,3.0
27,4,Joe Amabile,0.0635203065134099,0.4709275862068972,15.0,Safe,Improved,-0.265434807697053,-0.4654097826543662,-0.3654222951757096,0.5,12.0,13.0
27,6,Juan Pablo Di Pace,0.0782796943231441,0.4592152838427928,30.0,Safe,Improved,0.9798359668390625,0.048442767402309954,0.5141393671206862,0.5,1.5,1.5
27,6,Evanna Lynch,0.0769696506550218,0.4592152838427956,29.0,Safe,Improved,0.9007187769700699,0.00166307793454067,0.45119092745230527,0.5,3.0,3.0
27,6,Nancy McKeon,0.1049034934497816,0.4592152838427957,0.0,Safe,Improved,-1.3936797292307166,0.9991385998408474,-0.1972705646949346,0.5,10.5,7.0
27,6,John Schneider,0.0638692139737991,0.4592152838427951,19.0,Safe,Improved,0.10954687828014355,-0.4661338167431398,-0.17829346923149814,0.5,8.0,13.0
27,6,Milo Manheim,0.0782796943231441,0.4592152838427956,30.0,Safe,Improved,0.9798359668390625,0.048442767402309954,0.5141393671206862,0.5,1.5,1.5
27,6,Danelle Umstead,0.1049034934497816,0.4592152838427952,0.0,Safe,Improved,-1.3936797292307166,0.9991385998408474,-0.1972705646949346,0.5,10.5,7.0
27,6,Mary Lou Retton,1.3877787807814457e-17,0.9510496472959358,24.0,Eliminated,Improved,0.5051328276251067,-2.7468074072099697,-1.1208372897924315,0.5,13.0,12.0
27,6,DeMarcus Ware,0.073039519650655,0.4592152838427952,26.0,Safe,Improved,0.663367207363092,-0.13867599046876322,0.26234560844716437,0.5,5.0,7.0
27,6,Nikki Glaser,0.1049034934497816,0.4592152838427952,0.0,Safe,Improved,-1.3936797292307166,0.9991385998408474,-0.1972705646949346,0.5,10.5,7.0
27,6,Bobby Bones,0.0677993449781659,0.4592152838427954,22.0,Safe,Improved,0.34689844788712143,-0.3257947483398359,0.010551849773642763,0.5,6.5,10.5
27,6,Tinashe,0.1049034934497816,0.4592152838427945,0.0,Safe,Improved,-1.3936797292307166,0.9991385998408474,-0.1972705646949346,0.5,10.5,7.0
27,6,Alexis Ren,0.0743495633187772,0.4592152838427953,27.0,Safe,Improved,0.7424843972320846,-0.09189630100099741,0.3252940481155436,0.5,4.0,4.0
27,6,Joe Amabile,0.0677993449781659,0.4592152838427938,22.0,Safe,Improved,0.34689844788712143,-0.3257947483398359,0.010551849773642763,0.5,6.5,10.5
27,7,Juan Pablo Di Pace,0.0551995073891625,0.6421793103448232,28.0,Safe,Improved,0.8142932037407249,-0.5218161818720292,0.14623851093434787,0.5,3.0,3.0
27,7,Evanna Lynch,0.0572684729064039,0.6421793103448286,29.5,Safe,Improved,0.9226803537266917,-0.4721181023300684,0.22528112569831163,0.5,1.0,1.0
27,7,Nancy McKeon,0.1242379310344827,0.6421793103448281,0.0,Safe,Improved,-1.2089335959973218,1.1365377351867008,-0.0361979304053105,0.5,9.0,7.0
27,7,John Schneider,0.0,0.9703840848806364,27.0,Eliminated,Improved,0.7420351037500804,-1.8477491111754496,-0.5528570037126845,0.5,13.0,12.0
27,7,Milo Manheim,0.0565788177339901,0.6421793103448272,29.0,Safe,Improved,0.8865513037313695,-0.48868412884405527,0.1989335874436571,0.5,2.0,2.0
27,7,Danelle Umstead,0.1242379310344827,0.6421793103448281,0.0,Safe,Improved,-1.2089335959973218,1.1365377351867008,-0.0361979304053105,0.5,9.0,7.0
27,7,Mary Lou Retton,0.1242379310344827,0.6421793103448277,0.0,Safe,Improved,-1.2089335959973218,1.1365377351867008,-0.0361979304053105,0.5,9.0,7.0
27,7,DeMarcus Ware,0.0531305418719211,0.6421793103448278,26.5,Eliminated,Improved,0.7059060537547581,-0.5715142614139901,0.06719589617038402,0.5,6.0,11.0
27,7,Nikki Glaser,0.1242379310344827,0.6421793103448274,0.0,Safe,Improved,-1.2089335959973218,1.1365377351867008,-0.0361979304053105,0.5,9.0,7.0
27,7,Bobby Bones,0.0531305418719212,0.6421793103448268,26.5,Safe,Improved,0.7059060537547581,-0.5715142614139878,0.06719589617038518,0.5,5.0,10.0
27,7,Tinashe,0.1242379310344827,0.642179310344827,0.0,Safe,Improved,-1.2089335959973218,1.1365377351867008,-0.0361979304053105,0.5,9.0,7.0
27,7,Alexis Ren,0.0545098522167487,0.6421793103448279,27.5,Safe,Improved,0.7781641537454026,-0.5383822083860162,0.11989097267969318,0.5,4.0,4.0
27,7,Joe Amabile,0.0489926108374384,0.6421793103448274,23.5,Safe,Improved,0.48913175378282453,-0.6709104204979095,-0.09088933335754248,0.5,12.0,13.0
28,2,Kate Flannery,0.1228582954490263,0.6444830889388531,21.0,Safe,Improved,0.8459263548616169,1.2256696779181462,1.0357980163898817,0.5,2.0,2.0
28,2,James Van Der Beek,0.1034881062037708,0.6874103076170959,20.0,Safe,Improved,0.5383167712755744,0.624999814049522,0.5816582926625482,0.5,4.0,4.0
28,2,Kel Mitchell,0.1147850851009218,0.652899489406237,20.0,Safe,Improved,0.5383167712755744,0.9753193019161932,0.7568180365958839,0.5,3.0,3.0
28,2,Ray Lewis,0.0597615727557841,0.6993688159656735,15.0,Safe,Improved,-0.9997311466546382,-0.7309606549522137,-0.865345900803426,0.5,10.0,10.0
28,2,Lamar Odom,0.0402636883231113,0.804434067965915,12.0,Safe,Improved,-1.9225598974127658,-1.3355903485298544,-1.62907512297131,0.5,12.0,12.0
28,2,Sailor Brinkley-Cook,0.0723183707137775,0.7471342269096286,18.0,Safe,Improved,-0.07690239589651063,-0.3415741587980183,-0.20923827734726447,0.5,8.0,8.0
28,2,Sean Spicer,0.0658195942283942,0.7304413274801359,16.0,Safe,Improved,-0.6921215630685957,-0.5431013167086696,-0.6176114398886327,0.5,9.0,9.0
28,2,Mary Wilson,0.0267871501567148,0.9140781786628424,15.0,Eliminated,Improved,-0.9997311466546382,-1.753498002571617,-1.3766145746131275,0.5,11.0,11.0
28,2,Lauren Alaina,0.0873023277048012,0.7005963891657451,19.0,Safe,Improved,0.2307071876895319,0.12307857598184836,0.17689288183569013,0.5,6.0,6.0
28,2,Ally Brooke,0.0971858120376719,0.6777002379831085,20.0,Safe,Improved,0.5383167712755744,0.4295655758560109,0.4839411735657927,0.5,5.0,5.0
28,2,Karamo Brown,0.0789932323379768,0.6985977515037268,19.0,Safe,Improved,0.2307071876895319,-0.1345865980475859,0.048060294820973,0.5,7.0,7.0
28,2,Hannah Brown,0.1304367649880488,0.6263150832716533,24.0,Safe,Improved,1.7687551056197446,1.4606781338862342,1.6147166197529894,0.5,1.0,1.0
28,4,Kate Flannery,0.073730293257046,0.7040878502741925,26.0,Safe,Improved,0.2130247355444794,-0.30398907881415554,-0.04548217163483807,0.5,8.0,8.0
28,4,James Van Der Beek,0.081318405659308,0.7256354376252157,28.0,Safe,Improved,0.3834445239800629,-0.0637835521499668,0.15983048591504806,0.5,7.0,7.0
28,4,Kel Mitchell,0.1282821835457985,0.5996001542361669,32.0,Safe,Improved,0.72428410085123,1.4228785323496795,1.0735813166004546,0.5,1.0,1.0
28,4,Ray Lewis,0.0427522857981472,0.7714524277033685,0.0,Safe,Improved,-2.0024325141181065,-1.284613534832201,-1.6435230244751537,0.5,12.0,12.0
28,4,Lamar Odom,0.0265972895246594,0.9168276626970544,20.0,Eliminated,Improved,-0.29823462976227116,-1.796008092848286,-1.0471213613052786,0.5,10.0,11.0
28,4,Sailor Brinkley-Cook,0.0948202648283123,0.7145097302626906,31.0,Safe,Improved,0.6390742066334382,0.3636246121873971,0.5013494094104176,0.5,5.0,5.0
28,4,Sean Spicer,0.0688589888248451,0.7058865481692587,21.0,Safe,Improved,-0.2130247355444794,-0.458192678424726,-0.3356087069846027,0.5,9.0,9.0
28,4,Mary Wilson,0.0554425077580705,0.7778800742839921,0.0,Safe,Improved,-2.0024325141181065,-0.8828981558586172,-1.4426653349883618,0.5,11.0,10.0
28,4,Lauren Alaina,0.1071487307885212,0.6767227112312177,32.0,Safe,Improved,0.72428410085123,0.7538884224665819,0.739086261658906,0.5,4.0,4.0
28,4,Ally Brooke,0.1146611893224585,0.6643138408500613,32.0,Safe,Improved,0.72428410085123,0.991699087757908,0.8579915943045691,0.5,3.0,3.0
28,4,Karamo Brown,0.0867936230829437,0.6149129412689889,28.0,Safe,Improved,0.3834445239800629,0.10953721790785487,0.24649087094395888,0.5,6.0,6.0
28,4,Hannah Brown,0.1195942376098887,0.7117755420679899,32.0,Safe,Improved,0.72428410085123,1.1478572202585304,0.9360706605548802,0.5,2.0,2.0
28,7,Kate Flannery,0.0612773531350387,0.8867618050788046,24.0,Safe,Improved,0.5714386056981113,-0.8582645016829125,-0.14341294799240056,0.5,7.0,8.0
28,7,James Van Der Beek,0.1009586581215506,0.8311064936423389,27.0,Safe,Improved,0.8106454638973207,0.6858543787379942,0.7482499213176574,0.5,2.0,2.0
28,7,Kel Mitchell,0.092274211619256,0.7844833420165145,25.5,Safe,Improved,0.6910420347977161,0.34791645520557685,0.5194792450016464,0.5,5.0,5.0
28,7,Ray Lewis,0.0568650969219165,0.8766191555139968,0.0,Safe,Improved,-1.3422162598955636,-1.0299586565564045,-1.186087458225984,0.5,12.0,12.0
28,7,Lamar Odom,0.080447036486031,0.8558508374870304,0.0,Safe,Improved,-1.3422162598955636,-0.11231448809291121,-0.7272653739942374,0.5,10.0,10.0
28,7,Sailor Brinkley-Cook,0.0801501579621875,0.8617381318377899,0.0,Safe,Improved,-1.3422162598955636,-0.12386692403255768,-0.7330415919640606,0.5,11.0,11.0
28,7,Sean Spicer,0.0849591489949383,0.8442073509629415,21.0,Safe,Improved,0.332231747498902,0.06326537547143811,0.19774856148517006,0.5,6.0,6.0
28,7,Mary Wilson,0.0853105143027068,0.8435219316605731,0.0,Safe,Improved,-1.3422162598955636,0.07693805599025316,-0.6326391019526552,0.5,8.0,7.0
28,7,Lauren Alaina,0.134309940998717,0.7714371887244188,27.0,Safe,Improved,0.8106454638973207,1.9836530674251724,1.3971492656612465,0.5,1.0,1.0
28,7,Ally Brooke,0.0931170225185039,0.8444718207526702,27.0,Safe,Improved,0.8106454638973207,0.38071276123925096,0.5956791125682859,0.5,4.0,3.0
28,7,Karamo Brown,0.0311997508766196,0.95,24.5,Eliminated,Improved,0.6113064153979796,-2.0286744350457906,-0.7086840098239056,0.5,9.0,9.0
28,7,Hannah Brown,0.0991311080625334,0.7907357694168677,26.0,Safe,Improved,0.7309098444975843,0.6147389113408912,0.6728243779192378,0.5,3.0,4.0
28,9,Kate Flannery,0.0762253545013642,0.8661017852948024,0.0,Safe,Improved,-0.9407130931190252,-0.2918457475659797,-0.6162794203425024,0.5,10.0,11.0
28,9,James Van Der Beek,0.0852356665922102,0.8368880730199744,36.0,Safe,Improved,1.00839029406284,0.07810769913375676,0.5432489965982984,0.5,4.0,4.0
28,9,Kel Mitchell,0.1145517393170175,0.7823212576959763,37.0,Safe,Improved,1.0625320548178918,1.2817932140074453,1.1721626344126685,0.5,2.0,2.0
28,9,Ray Lewis,0.076578472633114,0.9047119382350824,0.0,Safe,Improved,-0.9407130931190252,-0.2773471077168969,-0.609030100417961,0.5,9.0,10.0
28,9,Lamar Odom,0.0849784191251861,0.8360436478444904,0.0,Safe,Improved,-0.9407130931190252,0.06754540272040271,-0.43658384519931126,0.5,7.0,7.0
28,9,Sailor Brinkley-Cook,0.0827882812278782,0.8718920136471457,0.0,Safe,Improved,-0.9407130931190252,-0.022379236480490457,-0.4815461647997578,0.5,8.0,8.0
28,9,Sean Spicer,0.0296782961088223,0.95,25.0,Eliminated,Improved,0.41283092575727004,-2.2030164720017753,-0.8950927731222527,0.5,11.0,9.0
28,9,Mary Wilson,0.0857849077916608,0.7998680952793461,0.0,Safe,Improved,-0.9407130931190252,0.10065893517947387,-0.42002707896977565,0.5,6.0,6.0
28,9,Lauren Alaina,0.0785914086225297,0.8357537011115351,35.0,Safe,Improved,0.9542485333077881,-0.1946981828226251,0.37977517524258153,0.5,5.0,5.0
28,9,Ally Brooke,0.1268416718935644,0.7634444811862551,40.0,Safe,Improved,1.224957337083047,1.7864042497361754,1.5056807934096113,0.5,1.0,1.0
28,9,Karamo Brown,0.0618244195293108,0.8557891734513069,0.0,Safe,Improved,-0.9407130931190252,-0.8831322063360992,-0.9119226497275622,0.5,12.0,12.0
28,9,Hannah Brown,0.0969213626573413,0.8275736102822691,35.5,Safe,Improved,0.9813194136853141,0.5579094521466078,0.7696144329159609,0.5,3.0,3.0
29,2,Anne Heche,0.0655474137832163,0.7932678179080932,18.0,Safe,Improved,-0.09325048082403105,-0.04120842359371555,-0.0672294522088733,0.5,8.0,8.0
29,2,Jesse Metcalfe,0.0907590836460285,0.7384260067888944,20.0,Safe,Improved,0.8392543274162827,0.8870296775304715,0.8631420024733771,0.5,4.0,4.0
29,2,Chrishell Stause,0.0729014483982626,0.7380364600683027,18.0,Safe,Improved,-0.09325048082403105,0.229550917767527,0.06815021847174799,0.5,7.0,7.0
29,2,Skai Jackson,0.0325930232370903,0.8051864871673964,15.0,Safe,Improved,-1.4920076931845017,-1.254516430191133,-1.3732620616878173,0.5,14.0,14.0
29,2,Justina Machado,0.1028986640738826,0.6821134766035886,21.0,Safe,Improved,1.3055067315364395,1.3339822652056263,1.319744498371033,0.5,2.0,2.0
29,2,Charles Oakley,0.0178790424460835,0.9307249419991964,15.0,Eliminated,Improved,-1.4920076931845017,-1.7962527635534817,-1.6441302283689918,0.5,15.0,15.0
29,2,Veron Davis,0.0504173455774556,0.7830471164378185,18.0,Safe,Improved,-0.09325048082403105,-0.5982641782349589,-0.345757329529495,0.5,11.0,11.0
29,2,Johnny Weir,0.077991404266737,0.772560549928953,18.0,Safe,Improved,-0.09325048082403105,0.4169518712096318,0.16185069519280038,0.5,6.0,6.0
29,2,Nev Schulman,0.0966578574340811,0.7051629811738038,21.0,Safe,Improved,1.3055067315364395,1.1042095236008629,1.2048581275686512,0.5,3.0,3.0
29,2,AJ McLean,0.0840931256532264,0.732259768606068,19.0,Safe,Improved,0.3730019232961258,0.6416038004234945,0.5073028618598101,0.5,5.0,5.0
29,2,Nelly,0.0538980363316166,0.8201141074351876,18.0,Safe,Improved,-0.09325048082403105,-0.4701128184153308,-0.28168164961968095,0.5,10.0,10.0
29,2,Kaitlyn Bristowe,0.1091259233384821,0.6811392659784334,22.0,Safe,Improved,1.7717591356565965,1.563256222322844,1.66750767898972,0.5,1.0,1.0
29,2,Carole Baskin,0.0443941856357419,0.791229679980896,16.0,Safe,Improved,-1.0257552890643449,-0.8200236482536561,-0.9228894686590006,0.5,12.0,12.0
29,2,Monica Aldama,0.0388413822132456,0.826824996728091,16.0,Safe,Improved,-1.0257552890643449,-1.0244656282121751,-1.02511045863826,0.5,13.0,13.0
29,2,Jeannie Mai,0.0620020639648489,0.7746802677497326,18.0,Safe,Improved,-0.09325048082403105,-0.17174038760600538,-0.13249543421501822,0.5,9.0,9.0
29,3,Anne Heche,0.0411754245701306,0.8314087037837968,15.0,Safe,Improved,-0.6073797622702741,-0.9385162507992263,-0.7729480065347503,0.5,13.0,13.0
29,3,Jesse Metcalfe,0.062104576872172,0.777839484069496,20.0,Safe,Improved,0.2060752764845571,-0.16796338889741022,0.019055943793573435,0.5,9.0,9.0
29,3,Chrishell Stause,0.0895496018323658,0.6716649169192077,22.0,Safe,Improved,0.5314572919864896,0.8424856834227031,0.6869714877045964,0.5,4.0,4.0
29,3,Skai Jackson,0.0505107604607733,0.7744479048387465,18.0,Safe,Improved,-0.1193067390173754,-0.5948152884507493,-0.35706101373406235,0.5,11.0,11.0
29,3,Justina Machado,0.0555297624796447,0.799732270953578,19.0,Safe,Improved,0.043384268733590844,-0.4100296691519147,-0.18332270020916192,0.5,10.0,10.0
29,3,Charles Oakley,0.0268188504866369,0.8432386891604149,0.0,Safe,Improved,-3.047744878534768,-1.4670851621192746,-2.2574150203270213,0.5,15.0,14.5
29,3,Veron Davis,0.0846947310477205,0.742288825034608,22.0,Safe,Improved,0.5314572919864896,0.663742917194801,0.5976001045906454,0.5,5.0,5.0
29,3,Johnny Weir,0.1091120749113576,0.6872617816539508,24.0,Safe,Improved,0.8568393074884221,1.562721238086046,1.209780272787234,0.5,1.0,1.0
29,3,Nev Schulman,0.1016133710768651,0.7205262094616016,24.0,Safe,Improved,0.8568393074884221,1.2866399321241833,1.0717396198063027,0.5,2.0,2.0
29,3,AJ McLean,0.0748921451076612,0.7600128426780208,21.0,Safe,Improved,0.3687662842355233,0.3028391146354187,0.33580269943547103,0.5,7.0,7.0
29,3,Nelly,0.0447472247266076,0.805322507145674,18.0,Safe,Improved,-0.1193067390173754,-0.807012557147656,-0.4631596480825157,0.5,12.0,12.0
29,3,Kaitlyn Bristowe,0.095418542388071,0.7461875257422286,23.0,Safe,Improved,0.6941482997374558,1.0585636628967776,0.8763559813171167,0.5,3.0,3.0
29,3,Carole Baskin,0.0186858652434443,0.9359981533542432,12.0,Eliminated,Improved,-1.0954527855231728,-1.7665189358577376,-1.430985860690455,0.5,14.0,14.5
29,3,Monica Aldama,0.0668081486549008,0.7832720488009981,21.0,Safe,Improved,0.3687662842355233,0.00520897116940362,0.18698762770246347,0.5,8.0,8.0
29,3,Jeannie Mai,0.0783389201416481,0.7250760211125433,22.0,Safe,Improved,0.5314572919864896,0.4297397328946339,0.48059851244056173,0.5,6.0,6.0
29,4,Anne Heche,0.0177587297828262,0.928941678967271,21.0,Eliminated,Improved,0.11150158684669381,-1.844254763178528,-0.8663765881659171,0.5,13.0,13.0
29,4,Jesse Metcalfe,0.0497023111467355,0.8444023986560096,21.0,Safe,Improved,0.11150158684669381,-0.6397038081200336,-0.26410111063666986,0.5,11.0,11.0
29,4,Chrishell Stause,0.0660548658671019,0.8020550692391488,22.0,Safe,Improved,0.23096757275386573,-0.023070213356035874,0.10394867969891493,0.5,8.0,8.0
29,4,Skai Jackson,0.1101900153852964,0.7255157706618254,28.0,Safe,Improved,0.9477634881968972,1.641208938632089,1.294486213414493,0.5,1.0,1.0
29,4,Justina Machado,0.0923374970049492,0.7442817959806299,24.0,Safe,Improved,0.46989954456820954,0.9680136628655892,0.7189566037168994,0.5,4.0,4.0
29,4,Charles Oakley,0.04318916615208,0.8305828614217242,0.0,Safe,Improved,-2.3972841172039163,-0.8853060445871908,-1.6412950808955535,0.5,14.0,14.0
29,4,Veron Davis,0.059886034153982,0.7578642439430301,22.0,Safe,Improved,0.23096757275386573,-0.25568884327675817,-0.01236063526144622,0.5,9.0,9.0
29,4,Johnny Weir,0.0967264512436749,0.7794695982874605,24.0,Safe,Improved,0.46989954456820954,1.133515425480665,0.8017074850244372,0.5,3.0,3.0
29,4,Nev Schulman,0.0724726080035167,0.798914923968624,24.0,Safe,Improved,0.46989954456820954,0.21893450526551825,0.3444170249168639,0.5,7.0,7.0
29,4,AJ McLean,0.07681840776346,0.7216903398138484,24.0,Safe,Improved,0.46989954456820954,0.38280896854805496,0.42635425655813225,0.5,6.0,6.0
29,4,Nelly,0.0554552687077955,0.8279851525077371,21.0,Safe,Improved,0.11150158684669381,-0.4227672522078902,-0.1556328326805982,0.5,10.0,10.0
29,4,Kaitlyn Bristowe,0.0977758166854221,0.7377170251538849,25.0,Safe,Improved,0.5893655304753814,1.1730856330495032,0.8812255817624424,0.5,2.0,2.0
29,4,Carole Baskin,0.0336350405029373,0.8189136329782517,0.0,Safe,Improved,-2.3972841172039163,-1.2455797109715816,-1.821431914087749,0.5,15.0,15.0
29,4,Monica Aldama,0.0836955119053919,0.7750857311708198,24.0,Safe,Improved,0.46989954456820954,0.6421356316366241,0.5560175881024169,0.5,5.0,5.0
29,4,Jeannie Mai,0.04430227569483,0.8443313425515591,21.0,Safe,Improved,0.11150158684669381,-0.8433321297800332,-0.3659152714666697,0.5,12.0,12.0
29,5,Anne Heche,0.0408905118465507,0.8442370699381969,0.0,Safe,Improved,-1.8648555706396077,-0.9690553205318617,-1.4169554455857347,0.5,14.0,14.0
29,5,Jesse Metcalfe,0.0180764475036047,0.946049339268118,19.0,Eliminated,Improved,-0.012995509203063423,-1.8267507599321078,-0.9198731345675856,0.5,12.0,13.0
29,5,Chrishell Stause,0.0490521858698615,0.8135029520917025,19.0,Safe,Improved,-0.012995509203063423,-0.6622169386269048,-0.3376062239149841,0.5,11.0,11.0
29,5,Skai Jackson,0.0765750484858772,0.755612644548488,24.0,Safe,Improved,0.47433608591181664,0.3725059143528242,0.4234210001323204,0.5,6.0,6.0
29,5,Justina Machado,0.0731600484789078,0.7717001389103383,24.0,Safe,Improved,0.47433608591181664,0.24411888574189128,0.35922748582685393,0.5,7.0,7.0
29,5,Charles Oakley,0.0451292968873913,0.8041577392272365,0.0,Safe,Improved,-1.8648555706396077,-0.8096980686421488,-1.3372768196408782,0.5,13.0,12.0
29,5,Veron Davis,0.0566005987283877,0.7819163220111957,21.0,Safe,Improved,0.1819371288428886,-0.3784341287712861,-0.09824849996419877,0.5,10.0,10.0
29,5,Johnny Weir,0.1090665623639528,0.7257133604583031,29.0,Safe,Improved,0.9616676810266968,1.594025361897112,1.2778465214619044,0.5,1.0,1.0
29,5,Nev Schulman,0.096199214140173,0.7304482110775817,26.0,Safe,Improved,0.6692687239577687,1.11027701601664,0.8897728699872043,0.5,3.0,3.0
29,5,AJ McLean,0.0861048577772231,0.6976052726211188,24.0,Safe,Improved,0.47433608591181664,0.7307793830637477,0.6025577344877822,0.5,5.0,5.0
29,5,Nelly,0.0653452389209981,0.7724831564791937,24.0,Safe,Improved,0.47433608591181664,-0.04967911608907355,0.21232848491137155,0.5,8.0,8.0
29,5,Kaitlyn Bristowe,0.1004286281642524,0.7712403617857474,27.0,Safe,Improved,0.7667350429807447,1.269281964247618,1.0180085036141815,0.5,2.0,2.0
29,5,Carole Baskin,0.033146279330351,0.8406736978344413,0.0,Safe,Improved,-1.8648555706396077,-1.2601999763438505,-1.562527773491729,0.5,15.0,15.0
29,5,Monica Aldama,0.0894026013114409,0.7797541432543084,26.0,Safe,Improved,0.6692687239577687,0.8547581510330247,0.7620134374953966,0.5,4.0,4.0
29,5,Jeannie Mai,0.0608224801910266,0.7646486765949997,24.0,Safe,Improved,0.47433608591181664,-0.2197123674156226,0.12731185924809701,0.5,9.0,9.0
29,6,Anne Heche,0.0518451159625971,0.8770160757143028,0.0,Safe,Improved,-1.5628368858812711,-0.687000589062322,-1.1249187374717966,0.5,14.0,14.0
29,6,Jesse Metcalfe,0.0534355761485891,0.8858254165078332,0.0,Safe,Improved,-1.5628368858812711,-0.6132804293791208,-1.0880586576301958,0.5,13.0,12.0
29,6,Chrishell Stause,0.0650120549587607,0.8646549110703536,24.0,Safe,Improved,0.5364962444070034,-0.07669367670743721,0.2299012838497831,0.5,8.0,8.0
29,6,Skai Jackson,0.0517067099370524,0.7266322780229469,18.0,Safe,Improved,0.011662961834934817,-0.6934159111144795,-0.34087647463977233,0.5,10.0,11.0
29,6,Justina Machado,0.1003755153221011,0.6909285959097253,27.0,Safe,Improved,0.7989128856930378,1.5624545194544097,1.1806837025737238,0.5,1.0,1.0
29,6,Charles Oakley,0.055623043509987,0.7676690767322617,0.0,Safe,Improved,-1.5628368858812711,-0.5118881124859671,-1.0373624991836192,0.5,12.0,10.0
29,6,Veron Davis,0.0206428147652929,0.95,21.0,Eliminated,Improved,0.27407960312096913,-2.1332729616800084,-0.9295966792795196,0.5,11.0,13.0
29,6,Johnny Weir,0.0553210781855353,0.8255749641706194,22.0,Safe,Improved,0.36155181688298055,-0.5258846476607755,-0.08216641538889746,0.5,9.0,9.0
29,6,Nev Schulman,0.0820415750534409,0.7989163119980784,26.0,Safe,Improved,0.7114406719310263,0.7126495283380165,0.7120451001345214,0.5,5.0,5.0
29,6,AJ McLean,0.0846396631213858,0.8111058487066107,27.0,Safe,Improved,0.7989128856930378,0.8330747165488467,0.8159938011209422,0.5,4.0,4.0
29,6,Nelly,0.0694830484099149,0.8165333562217252,24.0,Safe,Improved,0.5364962444070034,0.13054341986663204,0.3335198321368177,0.5,7.0,7.0
29,6,Kaitlyn Bristowe,0.0942748014577227,0.7825019131536097,27.0,Safe,Improved,0.7989128856930378,1.2796774941477485,1.039295189920393,0.5,2.0,2.0
29,6,Carole Baskin,0.0492755659140301,0.8744496419853605,0.0,Safe,Improved,-1.5628368858812711,-0.806102998266101,-1.1844699420736862,0.5,15.0,15.0
29,6,Monica Aldama,0.0934979547510333,0.7985803989227063,27.0,Safe,Improved,0.7989128856930378,1.2436695111935623,1.0212911984433,0.5,3.0,3.0
29,6,Jeannie Mai,0.0728254825025562,0.8238477292396545,25.0,Safe,Improved,0.6239684581690149,0.28547013680699124,0.4547192974880031,0.5,6.0,6.0
29,7,Anne Heche,0.0536182429791831,0.8300855306268998,0.0,Safe,Improved,-1.3542926298004365,-0.541457632727166,-0.9478751312638012,0.5,12.0,11.0
29,7,Jesse Metcalfe,0.0445149400002575,0.891314522494792,0.0,Safe,Improved,-1.3542926298004365,-0.9192084629439472,-1.1367505463721919,0.5,15.0,15.0
29,7,Chrishell Stause,0.0623097573555029,0.8439664633753712,26.0,Safe,Improved,0.6771463149002185,-0.18079439004517972,0.24817596242751938,0.5,7.0,7.0
29,7,Skai Jackson,0.1016528129234605,0.8114856596569762,27.0,Safe,Improved,0.7552785820040898,1.4517857776660985,1.103532179835094,0.5,2.0,2.0
29,7,Justina Machado,0.0871693630281567,0.8415040878285311,26.0,Safe,Improved,0.6771463149002185,0.8507802706517773,0.7639632927759978,0.5,4.0,5.0
29,7,Charles Oakley,0.0449382959733355,0.8397522008800775,0.0,Safe,Improved,-1.3542926298004365,-0.9016408755882726,-1.1279667526943546,0.5,14.0,14.0
29,7,Veron Davis,0.059723307322913,0.8466487717582294,0.0,Safe,Improved,-1.3542926298004365,-0.28812176884240476,-0.8212071993214206,0.5,11.0,10.0
29,7,Johnny Weir,0.0848604734950812,0.8180422862504331,27.0,Safe,Improved,0.7552785820040898,0.7549705475197189,0.7551245647619044,0.5,5.0,4.0
29,7,Nev Schulman,0.1022998690661359,0.8164229134040901,30.0,Safe,Improved,0.9896753833157038,1.478636031432051,1.2341557073738774,0.5,1.0,1.0
29,7,AJ McLean,0.0792135659478861,0.7894352905204529,26.0,Safe,Improved,0.6771463149002185,0.5206463666099329,0.5988963407550757,0.5,6.0,6.0
29,7,Nelly,0.0932513185795075,0.7458933535502734,27.0,Safe,Improved,0.7552785820040898,1.1031572116569286,0.9292178968305091,0.5,3.0,3.0
29,7,Kaitlyn Bristowe,0.058021148570059,0.8201238226462241,24.0,Safe,Improved,0.5208817806924757,-0.35875458020108436,0.08106360024569567,0.5,9.0,9.0
29,7,Carole Baskin,0.0458342874558343,0.8574187175411778,0.0,Safe,Improved,-1.3542926298004365,-0.8644607963176347,-1.1093767130590355,0.5,13.0,12.5
29,7,Monica Aldama,0.0186595742382568,0.95,22.0,Eliminated,Improved,0.36461724648473304,-1.9921032028822874,-0.8137429781987772,0.5,10.0,12.5
29,7,Jeannie Mai,0.0639330430644294,0.8568033578451901,25.0,Safe,Improved,0.599014047796347,-0.11343449598852885,0.2427897759039091,0.5,8.0,8.0
30,2,Martin Kove,0.0177287295558572,0.9381649088127292,15.0,Eliminated,Improved,-2.569118199718579,-1.8071803924454701,-2.188149296082025,0.5,15.0,15.0
30,2,Brian Austin Green,0.0387761573629263,0.826458999002866,23.0,Safe,Improved,-0.642279549929645,-1.0299408705134083,-0.8361102102215267,0.5,13.0,13.0
30,2,Melora Hardin,0.0792732568129285,0.762126554835691,27.0,Safe,Improved,0.32113977496482204,0.4655362255326559,0.393338000248739,0.5,6.0,6.0
30,2,Matt James,0.032296877132869,0.7898631496768007,22.0,Safe,Improved,-0.8831343811532617,-1.269207764056675,-1.0761710726049682,0.5,14.0,14.0
30,2,"Mike ""The Miz"" Mizanin",0.0665266961049201,0.7779412918491104,26.0,Safe,Improved,0.0802849437412053,-0.005168833621555643,0.03755805505982483,0.5,8.0,8.0
30,2,Suni Lee,0.0907094253402656,0.7285215524249169,28.0,Safe,Improved,0.5619946061884389,0.8878511155229944,0.7249228608557167,0.5,4.0,4.0
30,2,Iman Shumpert,0.0607917187096453,0.7797433199709751,25.0,Safe,Improved,-0.16056988748241147,-0.21695010826726127,-0.18875999787483638,0.5,9.0,9.0
30,2,Cody Rigsby,0.0438396752699821,0.8106423887836427,24.0,Safe,Improved,-0.40142471870602825,-0.8429552552900286,-0.6221899869980284,0.5,12.0,12.0
30,2,Melanie C,0.0975767760120755,0.7309149925879954,30.0,Safe,Improved,1.0437042686356723,1.1414486763282459,1.092576472481959,0.5,3.0,3.0
30,2,Jimmie Allen,0.0838738551513429,0.6909657413616339,27.0,Safe,Improved,0.32113977496482204,0.6354271445526828,0.4782834597587524,0.5,5.0,5.0
30,2,Olivia Jade,0.0728008020500872,0.7306279134379428,27.0,Safe,Improved,0.32113977496482204,0.2265213828777233,0.27383057892127266,0.5,7.0,7.0
30,2,JoJo Siwa,0.1024490637576822,0.7329847906725002,31.0,Safe,Improved,1.284559099859289,1.3213725431695376,1.3029658215144133,0.5,2.0,2.0
30,2,Christine Chiu,0.0561332790186654,0.8007420033095638,24.0,Safe,Improved,-0.40142471870602825,-0.3889769930512769,-0.3952008558786526,0.5,10.0,10.0
30,2,Kenya Moore,0.0498557241903689,0.7968047940779113,24.0,Safe,Improved,-0.40142471870602825,-0.6207945699244346,-0.5111096443152314,0.5,11.0,11.0
30,2,Amanda Kloots,0.1073679635303832,0.6965623511922616,32.0,Safe,Improved,1.5254139310829058,1.503017699186264,1.5142158151345848,0.5,1.0,1.0
30,3,Martin Kove,0.0396823318619356,0.9118506693863708,0.0,Safe,Improved,-3.4152464675608805,-1.1147447272639432,-2.264995597412412,0.5,15.0,15.0
30,3,Brian Austin Green,0.054826515668116,0.8645494904675458,19.0,Safe,Improved,-0.1489872620076895,-0.48912622790794735,-0.31905674495781844,0.5,13.0,14.0
30,3,Melora Hardin,0.0682407570342941,0.8856033736977202,23.0,Safe,Improved,0.538646254950877,0.06502694805143171,0.3018366015011544,0.5,6.0,5.0
30,3,Matt James,0.0641984064346102,0.8453184753964205,20.0,Safe,Improved,0.022921117231952136,-0.10196582940105602,-0.03952235608455194,0.5,7.0,8.0
30,3,"Mike ""The Miz"" Mizanin",0.0725648397213866,0.8864606700167563,22.0,Safe,Improved,0.3667378757112354,0.24365830622908669,0.30519809097016104,0.5,5.0,6.0
30,3,Suni Lee,0.0561508433969549,0.8868991804520509,21.0,Safe,Improved,0.19482949647159375,-0.4344171767649202,-0.11979384014666322,0.5,9.0,9.0
30,3,Iman Shumpert,0.0587668964626464,0.9218113963739532,19.0,Safe,Improved,-0.1489872620076895,-0.3263459056987538,-0.23766658385322165,0.5,11.0,10.5
30,3,Cody Rigsby,0.0596146508107633,0.8650914883527889,18.0,Safe,Improved,-0.3208956412473311,-0.2913244869231199,-0.3061100640852255,0.5,12.0,12.5
30,3,Melanie C,0.0789777782141261,0.8514232152707881,22.0,Safe,Improved,0.3667378757112354,0.5085819896469187,0.43765993267907705,0.5,4.0,4.0
30,3,Jimmie Allen,0.0549255657224942,0.9006882858398013,20.0,Safe,Improved,0.022921117231952136,-0.48503438993408904,-0.23105663635106846,0.5,10.0,10.5
30,3,Olivia Jade,0.1213316511780072,0.7526241346980351,24.0,Safe,Improved,0.7105546341905187,2.258254787118124,1.4844047106543212,0.5,1.0,1.0
30,3,JoJo Siwa,0.0960793622121609,0.8192652531091053,24.0,Safe,Improved,0.7105546341905187,1.2150622763623184,0.9628084552764186,0.5,2.0,2.0
30,3,Christine Chiu,0.0205740973736652,0.95,21.0,Eliminated,Improved,0.19482949647159375,-1.9041213710561005,-0.8546459372922534,0.5,14.0,12.5
30,3,Kenya Moore,0.0599032347292651,0.8646995907218242,21.0,Safe,Improved,0.19482949647159375,-0.2794028515057205,-0.04228667751706336,0.5,8.0,7.0
30,3,Amanda Kloots,0.0941630691795735,0.8273662568615923,24.0,Safe,Improved,0.7105546341905187,1.1358986590477678,0.9232266466191432,0.5,3.0,3.0
30,4,Martin Kove,0.0389982267051437,0.806680047357897,0.0,Safe,Improved,-2.3895474885116292,-1.0311886144560418,-1.7103680514838355,0.5,14.0,13.0
30,4,Brian Austin Green,0.0188096573915781,0.943653001250222,26.0,Eliminated,Improved,-0.15471890213384656,-1.783606273249104,-0.9691625876914753,0.5,13.0,14.0
30,4,Melora Hardin,0.1085301442328073,0.7453456919679409,36.5,Safe,Improved,0.7478080269802581,1.5602304100908226,1.1540192185355402,0.5,1.0,1.0
30,4,Matt James,0.0458677470681266,0.8318583138119952,28.5,Eliminated,Improved,0.06016846194094025,-0.7751651019293888,-0.35749831999422427,0.5,12.0,12.0
30,4,"Mike ""The Miz"" Mizanin",0.0744520279526762,0.7664542745137849,32.5,Safe,Improved,0.40398824446059917,0.2901564355895857,0.34707234002509246,0.5,7.0,7.0
30,4,Suni Lee,0.0900984979310989,0.7429120572931174,34.0,Safe,Improved,0.5329206629054712,0.8732923738866176,0.7031065183960444,0.5,4.0,4.0
30,4,Iman Shumpert,0.0604644287990601,0.7738202882005275,31.5,Safe,Improved,0.31803329883068443,-0.23115423500992793,0.04343953191037825,0.5,9.0,9.0
30,4,Cody Rigsby,0.0501401799676925,0.7625030036876859,29.0,Safe,Improved,0.10314593475589762,-0.6159337116454939,-0.25639388844479816,0.5,11.0,11.0
30,4,Melanie C,0.0786558539350521,0.7823450235692214,33.0,Safe,Improved,0.4469657172755565,0.44683088113869823,0.44689829920712737,0.5,6.0,6.0
30,4,Jimmie Allen,0.0678869480536444,0.7904868320098656,32.5,Safe,Improved,0.40398824446059917,0.04547926353759122,0.2247337539990952,0.5,8.0,8.0
30,4,Olivia Jade,0.0946810462340261,0.704097450694064,35.0,Safe,Improved,0.6188756085353859,1.0440816067362053,0.8314786076357956,0.5,3.0,3.0
30,4,JoJo Siwa,0.1025789328629827,0.7215991567842919,35.0,Safe,Improved,0.6188756085353859,1.338431804339337,0.9786537064373615,0.5,2.0,2.0
30,4,Christine Chiu,0.0301811827248769,0.8539545538214105,0.0,Safe,Improved,-2.3895474885116292,-1.3597953367090179,-1.8746714126103234,0.5,15.0,15.0
30,4,Kenya Moore,0.0560653577954523,0.6689280406011162,29.5,Safe,Improved,0.14612340757085499,-0.39510536269954266,-0.12449097756434384,0.5,10.0,10.0
30,4,Amanda Kloots,0.0825897683457812,0.7537963025431953,34.0,Safe,Improved,0.5329206629054712,0.593445860379657,0.563183261642564,0.5,5.0,5.0
30,6,Martin Kove,0.0507903060064391,0.8586541236508636,0.0,Safe,Improved,-1.3567094289921486,-0.6166471580296855,-0.9866782935109171,0.5,13.0,12.5
30,6,Brian Austin Green,0.0527424099634683,0.8809394532634488,0.0,Safe,Improved,-1.3567094289921486,-0.5408262956140222,-0.9487678623030854,0.5,12.0,11.0
30,6,Melora Hardin,0.0609372656480028,0.819408577914004,34.0,Safe,Improved,0.5441746610792685,-0.22253329531761842,0.16082068288082502,0.5,8.0,8.0
30,6,Matt James,0.0457171486853386,0.8881439002692609,0.0,Safe,Improved,-1.3567094289921486,-0.8136915633089798,-1.0852004961505641,0.5,14.0,14.0
30,6,"Mike ""The Miz"" Mizanin",0.0572988758063975,0.864800974320903,34.0,Safe,Improved,0.5441746610792685,-0.36385049033766603,0.09016208537080123,0.5,9.0,9.0
30,6,Suni Lee,0.0725056344210363,0.8011634101089469,36.0,Safe,Improved,0.6559913722599401,0.22678893158297886,0.4413901519214595,0.5,6.0,6.0
30,6,Iman Shumpert,0.1088238919757935,0.7842554818232426,40.0,Safe,Improved,0.8796247946212833,1.6374113522385592,1.2585180734299213,0.5,1.0,1.0
30,6,Cody Rigsby,0.0671858982072654,0.842310946328972,36.0,Safe,Improved,0.6559913722599401,0.020167257517127838,0.338079314888534,0.5,7.0,7.0
30,6,Melanie C,0.0541849463504417,0.8071012391833337,0.0,Safe,Improved,-1.3567094289921486,-0.48479733643259165,-0.9207533827123702,0.5,11.0,10.0
30,6,Jimmie Allen,0.0951003275426765,0.7445688905704619,38.0,Safe,Improved,0.7678080834406117,1.1043800620815623,0.9360940727610869,0.5,3.0,3.0
30,6,Olivia Jade,0.0822929325297927,0.8317997252211585,36.0,Safe,Improved,0.6559913722599401,0.606933329453281,0.6314623508566106,0.5,5.0,5.0
30,6,JoJo Siwa,0.1075299586451338,0.7852630723840999,40.0,Safe,Improved,0.8796247946212833,1.5871542229060143,1.2333895087636488,0.5,2.0,2.0
30,6,Christine Chiu,0.0390570021281356,0.8886087136458072,0.0,Safe,Improved,-1.3567094289921486,-1.0723755611378354,-1.214542495064992,0.5,15.0,15.0
30,6,Kenya Moore,0.0179559559630513,0.95,32.0,Eliminated,Improved,0.4323579498985969,-1.8919525679608808,-0.729797309031142,0.5,10.0,12.5
30,6,Amanda Kloots,0.0878774461270263,0.8057927924597259,38.0,Safe,Improved,0.7678080834406117,0.8238391123597578,0.7958235979001848,0.5,4.0,4.0
30,7,Martin Kove,0.054934836281434,0.9276333559038884,0.0,Safe,Improved,-1.1733810594472907,-0.4593818978809003,-0.8163814786640955,0.5,12.0,11.0
30,7,Brian Austin Green,0.0580751962775391,0.8939815439271604,0.0,Safe,Improved,-1.1733810594472907,-0.3364151921180969,-0.7548981257826938,0.5,10.0,9.0
30,7,Melora Hardin,0.1029789602276625,0.8398875288697385,38.0,Safe,Improved,0.8719620716993628,1.4218761936292619,1.1469191326643124,0.5,2.0,2.0
30,7,Matt James,0.04638801227874,0.9374869187745836,0.0,Safe,Improved,-1.1733810594472907,-0.7940488767142931,-0.983714968080792,0.5,13.0,13.0
30,7,"Mike ""The Miz"" Mizanin",0.017358194085289,0.95,32.0,Eliminated,Improved,0.5490131562551543,-1.9307660418065657,-0.6908764427757057,0.5,9.0,12.0
30,7,Suni Lee,0.0668619806676441,0.8788386198461261,34.0,Safe,Improved,0.6566627947365571,0.00764788728659779,0.33215534101157745,0.5,7.0,7.0
30,7,Iman Shumpert,0.0577432889440333,0.8947174915498316,34.0,Safe,Improved,0.6566627947365571,-0.3494116484066575,0.1536255731649498,0.5,8.0,8.0
30,7,Cody Rigsby,0.0894844778300122,0.8789642592275902,36.0,Safe,Improved,0.7643124332179599,0.8934743389147493,0.8288933860663545,0.5,5.0,5.0
30,7,Melanie C,0.0432827028082471,0.9398407235839604,0.0,Safe,Improved,-1.1733810594472907,-0.9156431131821329,-1.0445120863147117,0.5,14.0,14.0
30,7,Jimmie Allen,0.0914578703144898,0.9102193046558764,38.0,Safe,Improved,0.8719620716993628,0.9707462355426044,0.9213541536209836,0.5,4.0,4.0
30,7,Olivia Jade,0.0995530330809512,0.8671781111872163,42.0,Safe,Improved,1.0872613486621683,1.2877275686509333,1.1874944586565508,0.5,1.0,1.0
30,7,JoJo Siwa,0.0928483051112735,0.8462304675748391,39.0,Safe,Improved,0.9257868909400642,1.0251913267902708,0.9754891088651675,0.5,3.0,3.0
30,7,Christine Chiu,0.0577676000632476,0.8960535253251215,0.0,Safe,Improved,-1.1733810594472907,-0.34845970078062205,-0.7609203801139564,0.5,11.0,10.0
30,7,Kenya Moore,0.0374212372511013,0.9240513065362792,0.0,Safe,Improved,-1.1733810594472907,-1.145159828271581,-1.1592704438594357,0.5,15.0,15.0
30,7,Amanda Kloots,0.0838443047783346,0.8369126166419587,34.0,Safe,Improved,0.6566627947365571,0.6726227483464297,0.6646427715414933,0.5,6.0,6.0
31,1,Jason Lewis,0.0171276898029674,0.9414001059770792,18.0,Eliminated,Improved,-1.3098750232889733,-1.7871090472895044,-1.5484920352892388,0.5,16.0,15.5
31,1,Cheryl Ladd,0.0502848719076109,0.831790686309915,21.0,Safe,Improved,-0.6410026709711997,-0.481125290577255,-0.5610639807742274,0.5,11.0,11.0
31,1,Selma Blair,0.0861978457791547,0.7456097994641369,28.0,Safe,Improved,0.9196994844369387,0.9334026504114115,0.926551067424175,0.5,4.0,4.0
31,1,Joseph Baena,0.0611441330575583,0.7586078237219838,23.0,Safe,Improved,-0.1950877694260173,-0.05340442373852652,-0.12424609658227191,0.5,9.0,9.0
31,1,Trevor Donovan,0.0551833319090522,0.7970831423327784,21.0,Safe,Improved,-0.6410026709711997,-0.28818642217169504,-0.4645945465714474,0.5,10.0,10.0
31,1,Daniel Durant,0.0743516207899404,0.7852048011747943,27.0,Safe,Improved,0.6967420336643475,0.46680758918315407,0.5817748114237508,0.5,6.0,6.0
31,1,Wayne Brady,0.0982642290519336,0.7725942066444185,29.0,Safe,Improved,1.14265693520953,1.4086692308699102,1.2756630830397202,0.5,2.0,2.0
31,1,Sam Champion,0.0448163808935539,0.8461766365370287,20.0,Safe,Improved,-0.8639601217437909,-0.6965163456900225,-0.7802382337169067,0.5,12.0,12.0
31,1,Jessie James Decker,0.0373597642983141,0.7895083923095811,20.0,Safe,Improved,-0.8639601217437909,-0.990215011719015,-0.9270875667314029,0.5,14.0,14.0
31,1,Jordin Sparks,0.0715897365008421,0.7415522431448256,26.0,Safe,Improved,0.4737845828917563,0.3580234347246245,0.4159040088081904,0.5,7.0,7.0
31,1,Heidi D'Amelio,0.0665573905186315,0.7878768455856674,24.0,Safe,Improved,0.0278696813465739,0.1598111110663124,0.09384039620644315,0.5,8.0,8.0
31,1,Charli D'Amelio,0.1008147397496441,0.7292654188126163,32.0,Safe,Improved,1.8115292875273035,1.5091278745513421,1.6603285810393227,0.5,1.0,1.0
31,1,Teresa Giudice,0.0410450017109575,0.809441678628036,20.0,Safe,Improved,-0.8639601217437909,-0.8450621400017728,-0.8545111308727819,0.5,13.0,13.0
31,1,Vinny Guadagnino,0.0251921679211588,0.8535107317288952,17.0,Safe,Improved,-1.5328324740615644,-1.4694681393414077,-1.501150306701486,0.5,15.0,15.5
31,1,Shangela,0.0803097291094094,0.740434868178713,28.0,Safe,Improved,0.9196994844369387,0.7014835233865286,0.8105915039117337,0.5,5.0,5.0
31,1,Gabby Windey,0.08976136699927,0.7361500443938278,28.0,Safe,Improved,0.9196994844369387,1.0737614063359158,0.9967304453864272,0.5,3.0,3.0
31,2,Jason Lewis,0.0262582181548303,0.8258905373360771,0.0,Safe,Improved,-3.398766172930677,-1.4108851334118324,-2.4048256531712546,0.5,16.0,16.0
31,2,Cheryl Ladd,0.0349936997304699,0.8365527424377545,21.0,Safe,Improved,-0.6269568668512899,-1.070814627471586,-0.8488857471614379,0.5,14.0,14.0
31,2,Selma Blair,0.0650970885269843,0.7547567706973031,28.0,Safe,Improved,0.29697956850850576,0.10110412364741418,0.19904184607795997,0.5,8.0,8.0
31,2,Joseph Baena,0.0416215971259146,0.7962797347999847,24.0,Safe,Improved,-0.2309841088399489,-0.8127919413641074,-0.5218880251020281,0.5,13.0,13.0
31,2,Trevor Donovan,0.0882219795373053,0.750356995348138,30.0,Safe,Improved,0.5609614071827331,1.0013513873613349,0.781156397272034,0.5,4.0,4.0
31,2,Daniel Durant,0.080185686971914,0.7955145002200401,29.0,Safe,Improved,0.4289704878456194,0.6885001661742121,0.5587353270099158,0.5,5.0,5.0
31,2,Wayne Brady,0.1021793788546767,0.7547570709723234,32.0,Safe,Improved,0.8249432458569604,1.5447100798809297,1.184826662868945,0.5,1.0,1.0
31,2,Sam Champion,0.0504394080835618,0.7979950260786439,26.0,Safe,Improved,0.032997729834278414,-0.4695163694694951,-0.21825931981760835,0.5,11.0,11.0
31,2,Jessie James Decker,0.0456378037165957,0.8307665794087215,25.0,Safe,Improved,-0.09899318950283525,-0.6564418425828079,-0.37771751604282156,0.5,12.0,12.0
31,2,Jordin Sparks,0.0551138868407685,0.8242811481665121,27.0,Safe,Improved,0.16498864917139208,-0.2875398702684396,-0.06127561054852375,0.5,10.0,10.0
31,2,Heidi D'Amelio,0.0711034076323973,0.8105133720390175,28.0,Safe,Improved,0.29697956850850576,0.33492889442049095,0.31595423146449836,0.5,7.0,7.0
31,2,Charli D'Amelio,0.0980741120313637,0.7549239775707213,32.0,Safe,Improved,0.8249432458569604,1.3848928845110746,1.1049180651840176,0.5,2.0,2.0
31,2,Teresa Giudice,0.0166840543894855,0.9465658025040902,23.0,Eliminated,Improved,-0.36297502817706256,-1.7836053649689791,-1.0732901965730208,0.5,15.0,15.0
31,2,Vinny Guadagnino,0.0596371953980915,0.7725602284246877,27.0,Safe,Improved,0.16498864917139208,-0.11144839594121544,0.02677012661508832,0.5,9.0,9.0
31,2,Shangela,0.0748048118988517,0.7833589877167696,28.0,Safe,Improved,0.29697956850850576,0.4790238032910844,0.3880016858997951,0.5,6.0,6.0
31,2,Gabby Windey,0.0899476711067885,0.756296057136776,32.0,Safe,Improved,0.8249432458569604,1.0685322061919214,0.946737726024441,0.5,3.0,3.0
31,3,Jason Lewis,0.0392474602687653,0.8521309755365549,0.0,Safe,Improved,-2.436913664414153,-0.9165092336934051,-1.6767114490537791,0.5,15.0,15.0
31,3,Cheryl Ladd,0.0165182390171571,0.95,24.0,Eliminated,Improved,-0.11489171122548117,-1.8123916358972685,-0.9636416735613749,0.5,14.0,14.0
31,3,Selma Blair,0.0597582486662454,0.7694806590340869,28.0,Safe,Improved,0.2721119476392975,-0.10806735276756978,0.08202229743586387,0.5,9.0,9.0
31,3,Joseph Baena,0.0705311022952401,0.8117903207097515,29.0,Safe,Improved,0.36886286235549215,0.3165494821383559,0.342706172246924,0.5,7.0,7.0
31,3,Trevor Donovan,0.0540625430378011,0.8412410083412983,27.0,Safe,Improved,0.17536103292310284,-0.3325661327376801,-0.07860254990728863,0.5,10.0,10.0
31,3,Daniel Durant,0.081548520814016,0.8047414645765569,31.0,Safe,Improved,0.5623646917878815,0.7508059513514365,0.656585321569659,0.5,5.0,5.0
31,3,Wayne Brady,0.102029622098342,0.7494035013970743,33.0,Safe,Improved,0.7558665212202709,1.5580777014596523,1.1569721113399616,0.5,1.0,1.0
31,3,Sam Champion,0.0447504931109747,0.8224411206720081,25.0,Safe,Improved,-0.0181407965092865,-0.699604737603972,-0.35887276705662924,0.5,12.0,12.0
31,3,Jessie James Decker,0.0498073376750729,0.8171844396002921,26.0,Safe,Improved,0.07861011820690816,-0.5002869516795949,-0.21083841673634338,0.5,11.0,11.0
31,3,Jordin Sparks,0.0649282065899722,0.8145657434874087,29.0,Safe,Improved,0.36886286235549215,0.09570884672160322,0.2322858545385477,0.5,8.0,8.0
31,3,Heidi D'Amelio,0.0855200270539159,0.74298484750539,32.0,Safe,Improved,0.6591156065040762,0.9073446427206977,0.783230124612387,0.5,4.0,4.0
31,3,Charli D'Amelio,0.0997018298002472,0.7882773819202358,33.0,Safe,Improved,0.7558665212202709,1.4663267288784305,1.1110966250493508,0.5,2.0,2.0
31,3,Teresa Giudice,0.0288207742649234,0.8644476245924724,0.0,Safe,Improved,-2.436913664414153,-1.3274817171209379,-1.8821976907675455,0.5,16.0,16.0
31,3,Vinny Guadagnino,0.0399715482709914,0.8323036526163873,23.0,Safe,Improved,-0.21164262594167582,-0.887968981844899,-0.5498058038932874,0.5,13.0,13.0
31,3,Shangela,0.0719375745097326,0.7886365599334195,30.0,Safe,Improved,0.46561377707168683,0.37198621233708073,0.4187999947043838,0.5,6.0,6.0
31,3,Gabby Windey,0.0908664725266022,0.7821073390532903,33.0,Safe,Improved,0.7558665212202709,1.1180771777380718,0.9369718494791713,0.5,3.0,3.0
31,4,Jason Lewis,0.0391817010239963,0.8423028928226982,0.0,Safe,Improved,-1.9547404760671159,-0.9210009027138597,-1.4378706893904878,0.5,14.0,13.0
31,4,Cheryl Ladd,0.0365589561129172,0.8474291953917192,0.0,Safe,Improved,-1.9547404760671159,-1.0245912389205367,-1.4896658574938262,0.5,15.0,14.5
31,4,Selma Blair,0.0772715816321763,0.7935910882356556,32.0,Safe,Improved,0.4863012891679166,0.5834319232181616,0.5348666061930392,0.5,6.0,6.0
31,4,Joseph Baena,0.0499303432366073,0.8212471220864408,28.0,Safe,Improved,0.18117106851353756,-0.4964626809957833,-0.15764580624112284,0.5,11.0,11.0
31,4,Trevor Donovan,0.0445230903179729,0.8405858065987211,28.0,Safe,Improved,0.18117106851353756,-0.7100324968897013,-0.26443071418808184,0.5,12.0,12.0
31,4,Daniel Durant,0.0551730637040843,0.8091364661733843,29.0,Safe,Improved,0.2574536236771323,-0.28939138955245364,-0.01596888293766066,0.5,10.0,10.0
31,4,Wayne Brady,0.103960675392304,0.7293340328783586,36.0,Safe,Improved,0.7914315098222957,1.6375688253561729,1.2145001675892342,0.5,1.0,1.0
31,4,Sam Champion,0.0163847264229865,0.95,25.0,Eliminated,Improved,-0.04767659697724673,-1.821411100227903,-0.9345438486025749,0.5,13.0,14.5
31,4,Jessie James Decker,0.0658359652342012,0.7366983001406304,31.0,Safe,Improved,0.41001873400432187,0.13176033960638264,0.27088953680535227,0.5,8.0,8.0
31,4,Jordin Sparks,0.0823439654870399,0.7646815864380696,34.0,Safe,Improved,0.6388663994951062,0.783775443731733,0.7113209216134195,0.5,5.0,5.0
31,4,Heidi D'Amelio,0.0836055347316615,0.8063692484562457,34.0,Safe,Improved,0.6388663994951062,0.8336035385824009,0.7362349690387535,0.5,4.0,4.0
31,4,Charli D'Amelio,0.0938684276815099,0.7922283893385896,36.0,Safe,Improved,0.7914315098222957,1.2389561623305163,1.015193836076406,0.5,2.0,2.0
31,4,Teresa Giudice,0.0307123644078894,0.8684286154220076,0.0,Safe,Improved,-1.9547404760671159,-1.2555135820842154,-1.6051270290756656,0.5,16.0,16.0
31,4,Vinny Guadagnino,0.0600918593912883,0.7931329638265461,29.0,Safe,Improved,0.2574536236771323,-0.09511412804028811,0.0811697478184221,0.5,9.0,9.0
31,4,Shangela,0.0676843081384823,0.7926452667434412,32.0,Safe,Improved,0.4863012891679166,0.20476418457464016,0.3455327368712784,0.5,7.0,7.0
31,4,Gabby Windey,0.0928734370848819,0.7651440121063462,36.0,Safe,Improved,0.7914315098222957,1.1996571020247357,0.9955443059235157,0.5,3.0,3.0
31,5,Jason Lewis,0.05628390476366,0.8764098526460795,0.0,Safe,Improved,-1.6521905493548543,-0.26463420819401035,-0.9584123787744323,0.5,13.0,11.0
31,5,Cheryl Ladd,0.0448202977092294,0.924601919596842,0.0,Safe,Improved,-1.6521905493548543,-0.7526676858925817,-1.202429117623718,0.5,15.0,15.0
31,5,Selma Blair,0.0821355100376354,0.8783579027767984,40.0,Safe,Improved,0.7054503683421507,0.835931151909883,0.7706907601260169,0.5,4.0,4.0
31,5,Joseph Baena,0.017649463873519,0.95,35.0,Eliminated,Improved,0.4107452536300251,-1.9093957964995099,-0.7493252714347424,0.5,12.0,13.0
31,5,Trevor Donovan,0.0701492740438777,0.8427075536459441,36.0,Safe,Improved,0.4696862765724502,0.325648096256078,0.39766718641426413,0.5,7.0,7.0
31,5,Daniel Durant,0.0392271604354649,0.9315614043101946,33.5,Safe,Improved,0.3223337192163874,-0.9907810669601761,-0.33422367387189433,0.5,11.0,12.0
31,5,Wayne Brady,0.0984698422104833,0.8272200644726635,41.0,Safe,Improved,0.7643913912845759,1.5313231780276673,1.1478572846561215,0.5,2.0,2.0
31,5,Sam Champion,0.0477251649910552,0.886318772413585,0.0,Safe,Improved,-1.6521905493548543,-0.6290004601170507,-1.1405955047359524,0.5,14.0,14.0
31,5,Jessie James Decker,0.0578097582909749,0.8855968286055187,36.0,Safe,Improved,0.4696862765724502,-0.19967493317190338,0.13500567170027342,0.5,8.0,8.0
31,5,Jordin Sparks,0.0530784906708229,0.8811335923039293,35.5,Safe,Improved,0.44021576510123767,-0.4010964386040007,0.019559663248618492,0.5,9.0,9.0
31,5,Heidi D'Amelio,0.0757041111006567,0.8676907299446164,39.0,Safe,Improved,0.6465093453997256,0.5621309444553266,0.6043201449275262,0.5,5.0,5.0
31,5,Charli D'Amelio,0.0998176804097492,0.8308199799900781,42.0,Safe,Improved,0.823332414227001,1.5887039099944427,1.2060181621107218,0.5,1.0,1.0
31,5,Teresa Giudice,0.0365918684575336,0.8885735793659271,0.0,Safe,Improved,-1.6521905493548543,-1.1029718200655771,-1.3775811847102157,0.5,16.0,16.0
31,5,Vinny Guadagnino,0.0541515695366782,0.8408456202471524,31.0,Safe,Improved,0.17498116186032459,-0.35541287598172877,-0.09021585706070209,0.5,10.0,10.0
31,5,Shangela,0.0748076412467124,0.8342899046071066,38.5,Safe,Improved,0.617038833928513,0.5239660546091351,0.570502444268824,0.5,6.0,6.0
31,5,Gabby Windey,0.0915782622219465,0.8293495850817986,41.0,Safe,Improved,0.7643913912845759,1.2379319502340038,1.0011616707592899,0.5,3.0,3.0
32,1,Jamie Lynn Spears,0.0554536353444439,0.7492593704619955,15.0,Safe,Improved,-0.42823542583175445,-0.5611325921100138,-0.4946840089708841,0.5,10.0,10.0
32,1,Mira Sorvino,0.0776201310907831,0.7539150013172424,17.0,Safe,Improved,0.14274514194391816,0.21748355700231323,0.1801143494731157,0.5,7.0,7.0
32,1,Barry Williams,0.0675642657375966,0.7623253709776511,16.0,Safe,Improved,-0.14274514194391816,-0.13573687291535727,-0.13924100742963771,0.5,8.0,8.0
32,1,Alyson Hannigan,0.0515954813579764,0.7799883866017685,13.0,Safe,Improved,-0.9992159936074271,-0.6966533814130236,-0.8479346875102254,0.5,11.0,11.0
32,1,Xochitl Gomez,0.0798076316794979,0.7764912433980178,18.0,Safe,Improved,0.42823542583175445,0.2943212901314823,0.36127835798161834,0.5,6.0,6.0
32,1,Adrian Peterson,0.0875482437770066,0.7081555597444806,18.0,Safe,Improved,0.42823542583175445,0.5662165708336592,0.4972259983327068,0.5,5.0,5.0
32,1,Matt Walsh,0.021007150171305,0.9330979604908765,12.0,Eliminated,Improved,-1.2847062774952633,-1.7710933338927424,-1.5278998056940027,0.5,14.0,14.0
32,1,Tyson Beckford,0.0435645239231367,0.8214871879524795,12.0,Safe,Improved,-1.2847062774952633,-0.9787472776768291,-1.1317267775860462,0.5,12.0,12.0
32,1,Jason Mraz,0.107658115578729,0.6870522381133576,21.0,Safe,Improved,1.2847062774952633,1.2725921351348215,1.2786492063150425,0.5,2.0,2.0
32,1,Lele Pons,0.0959012035891763,0.7105273208382793,19.0,Safe,Improved,0.7137257097195907,0.8596210618757624,0.7866733857976765,0.5,4.0,4.0
32,1,Harry Jowsey,0.0335885879594991,0.8318175397092329,12.0,Safe,Improved,-1.2847062774952633,-1.3291601229314278,-1.3069332002133456,0.5,13.0,13.0
32,1,Mauricio Umansky,0.0630028256256258,0.8023858986203003,15.0,Safe,Improved,-0.42823542583175445,-0.2959611580270782,-0.36209829192941634,0.5,9.0,9.0
32,1,Charity Lawson,0.1155653701252538,0.6988380630496788,22.0,Safe,Improved,1.5701965613830997,1.5503408670733312,1.5602687142282154,0.5,1.0,1.0
32,1,Ariana Madix,0.1001228340399694,0.6938794466488691,21.0,Safe,Improved,1.2847062774952633,1.007909256915103,1.1463077672051831,0.5,3.0,3.0
32,2,Jamie Lynn Spears,0.0208816355677712,0.95,16.0,Eliminated,Improved,-0.16595894938615371,-2.038833084631293,-1.1023960170087233,0.5,13.0,12.0
32,2,Mira Sorvino,0.0677304503682221,0.8395057349287927,18.0,Safe,Improved,0.16595894938615371,-0.1491653537531065,0.00839679781652361,0.5,8.0,8.0
32,2,Barry Williams,0.0614430465608251,0.8460581997185631,15.0,Safe,Improved,-0.33191789877230743,-0.4027705759224496,-0.36734423734737853,0.5,9.0,9.0
32,2,Alyson Hannigan,0.0715806090694998,0.840825918842118,19.0,Safe,Improved,0.33191789877230743,0.006132505702973129,0.16902520223764028,0.5,6.0,6.0
32,2,Xochitl Gomez,0.103901389025683,0.7600364794283279,24.0,Safe,Improved,1.161712645703076,1.309805505332967,1.2357590755180214,0.5,2.0,2.0
32,2,Adrian Peterson,0.0595072942876994,0.8805186615934729,15.0,Safe,Improved,-0.33191789877230743,-0.48085000271436346,-0.40638395074333544,0.5,10.0,10.0
32,2,Matt Walsh,0.0468563432396262,0.854904565254655,0.0,Safe,Improved,-2.8213021395646134,-0.9911317262177168,-1.9062169328911651,0.5,14.0,14.0
32,2,Tyson Beckford,0.0679836626245657,0.8227218189332655,18.0,Safe,Improved,0.16595894938615371,-0.13895192504816614,0.013503512168993786,0.5,7.0,7.0
32,2,Jason Mraz,0.1078063326301454,0.824006248822996,24.0,Safe,Improved,1.161712645703076,1.4673131381659907,1.3145128919345335,0.5,1.0,1.0
32,2,Lele Pons,0.105229676584669,0.7830610843895738,21.0,Safe,Improved,0.6638357975446149,1.3633825733598544,1.0136091854522347,0.5,3.0,3.0
32,2,Harry Jowsey,0.0521388465563619,0.8938549614599458,15.0,Safe,Improved,-0.33191789877230743,-0.778059611193873,-0.5549887549830902,0.5,11.0,12.0
32,2,Mauricio Umansky,0.0599531651070796,0.8342437959357418,12.0,Safe,Improved,-0.8297947469307686,-0.46286560539050914,-0.6463301761606388,0.5,12.0,12.0
32,2,Charity Lawson,0.0909535384726843,0.8397498508551926,21.0,Safe,Improved,0.6638357975446149,0.7875482085699452,0.72569200305728,0.5,4.0,4.0
32,2,Ariana Madix,0.0840340099051665,0.8070244946281496,20.0,Safe,Improved,0.49787684815846117,0.5084459537397487,0.5031614009491049,0.5,5.0,5.0
32,3,Jamie Lynn Spears,0.0323409579580027,0.8277578274355246,0.0,Safe,Improved,-2.1457394824389207,-1.3723517699473269,-1.7590456261931238,0.5,14.0,14.0
32,3,Mira Sorvino,0.0813379789079469,0.7395669888370047,26.0,Safe,Improved,0.2723694079876028,0.3479156614074153,0.3101425346975091,0.5,6.0,6.0
32,3,Barry Williams,0.0765694829000835,0.7736590839330797,25.0,Safe,Improved,0.17936521989427495,0.18049551585912033,0.17993036787669764,0.5,7.0,7.0
32,3,Alyson Hannigan,0.0683623753657541,0.7348008777264283,24.0,Safe,Improved,0.08636103180094713,-0.1076530189539758,-0.010645993576514336,0.5,8.0,8.0
32,3,Xochitl Gomez,0.1016428829022441,0.7539167318667589,32.0,Safe,Improved,0.8303945365475698,1.0608133919420728,0.9456039642448213,0.5,3.0,3.0
32,3,Adrian Peterson,0.0526306198075326,0.7706710865051422,22.0,Safe,Improved,-0.09964734438570853,-0.6599891855239803,-0.37981826495484444,0.5,11.0,11.0
32,3,Matt Walsh,0.0446422436870739,0.7806464524081291,0.0,Safe,Improved,-2.1457394824389207,-0.940458140636091,-1.5430988115375057,0.5,13.0,12.0
32,3,Tyson Beckford,0.0203261695669926,0.936560445188898,20.0,Eliminated,Improved,-0.2856557205723642,-1.7941865828186851,-1.0399211516955247,0.5,12.0,13.0
32,3,Jason Mraz,0.1075297039376133,0.7262657909185687,34.0,Safe,Improved,1.0164029127342256,1.2674975189567614,1.1419502158454935,0.5,2.0,2.0
32,3,Lele Pons,0.0886860473194762,0.7540293929938258,27.0,Safe,Improved,0.3653735960809306,0.6059036477512018,0.4856386219160662,0.5,5.0,5.0
32,3,Harry Jowsey,0.062349837624421,0.781807591029419,24.0,Safe,Improved,0.08636103180094713,-0.3187510133968055,-0.11619499079792919,0.5,9.0,9.0
32,3,Mauricio Umansky,0.0552099981688037,0.7866821914841948,23.0,Safe,Improved,-0.006643156292380701,-0.569428157485787,-0.28803565688908384,0.5,10.0,10.0
32,3,Charity Lawson,0.094278339677175,0.7222456330127267,32.0,Safe,Improved,0.8303945365475698,0.8022469809385682,0.816320758743069,0.5,4.0,4.0
32,3,Ariana Madix,0.1140933621768797,0.7247195172004757,34.0,Safe,Improved,1.0164029127342256,1.4979451519075164,1.2571740323208709,0.5,1.0,1.0
32,5,Jamie Lynn Spears,0.0679478756694017,0.8402998153766417,0.0,Safe,Improved,-1.4835963740378315,-0.13372056177008437,-0.8086584679039579,0.5,11.0,8.0
32,5,Mira Sorvino,0.020741919784595,0.95,22.0,Eliminated,Improved,0.42035230597738565,-1.9472680179591317,-0.763457855990873,0.5,10.0,13.0
32,5,Barry Williams,0.1116308592434063,0.850645789093459,24.0,Safe,Improved,0.5934385496151326,1.5444821619010909,1.0689603557581118,0.5,2.0,3.0
32,5,Alyson Hannigan,0.0512843938758568,0.889861920146817,21.0,Safe,Improved,0.33380918415851213,-0.7738943375470136,-0.22004257669425076,0.5,9.0,11.0
32,5,Xochitl Gomez,0.1007899952594253,0.8421990544441436,28.0,Safe,Improved,0.9396110368906267,1.1280003656418198,1.0338057012662234,0.5,3.0,2.0
32,5,Adrian Peterson,0.0632772212739351,0.8903138625820864,0.0,Safe,Improved,-1.4835963740378315,-0.31315667822764504,-0.8983765261327383,0.5,12.0,10.0
32,5,Matt Walsh,0.0463562456904156,0.8678096620505774,0.0,Safe,Improved,-1.4835963740378315,-0.9632227906608313,-1.2234095823493314,0.5,14.0,14.0
32,5,Tyson Beckford,0.0608334206676353,0.9108038059494674,0.0,Safe,Improved,-1.4835963740378315,-0.4070420426889267,-0.9453192083633791,0.5,13.0,12.0
32,5,Jason Mraz,0.095340950910495,0.8262413754451643,27.0,Safe,Improved,0.8530679150717532,0.9186602446244974,0.8858640798481252,0.5,4.0,4.0
32,5,Lele Pons,0.0900874165293868,0.822215465578303,24.0,Safe,Improved,0.5934385496151326,0.7168311801710661,0.6551348648930994,0.5,5.0,5.0
32,5,Harry Jowsey,0.0593677295916928,0.9066227469862164,18.0,Safe,Improved,0.07417981870189162,-0.46335062224233897,-0.19458540177022368,0.5,8.0,9.0
32,5,Mauricio Umansky,0.0733748687806569,0.8019319833708005,24.0,Safe,Improved,0.5934385496151326,0.07477239991655799,0.3341054747658453,0.5,6.0,6.0
32,5,Charity Lawson,0.1053329646317248,0.8336438685831158,28.0,Safe,Improved,0.9396110368906267,1.3025311085163693,1.121071072703498,0.5,1.0,1.0
32,5,Ariana Madix,0.0536341380913721,0.8794950384521827,24.0,Safe,Improved,0.5934385496151326,-0.6836224096754243,-0.04509193003014583,0.5,7.0,7.0
33,2,Tori Spelling,0.0223193401966181,0.9469987063378272,19.0,Eliminated,Improved,-0.3061071714498207,-1.9107533202452271,-1.108430245847524,0.5,11.0,11.5
33,2,Eric Roberts,0.0454774096850606,0.838357334857289,15.0,Safe,Improved,-1.753159254667154,-1.1003809754516567,-1.4267701150594054,0.5,13.0,13.0
33,2,Reginald VelJohnson,0.0592890662231048,0.7949890486265182,15.0,Safe,Improved,-1.753159254667154,-0.6170684739582049,-1.1851138643126795,0.5,12.0,11.5
33,2,Chandler Kinney,0.1185270422242357,0.7450763141732533,24.0,Safe,Improved,1.5027079325718458,1.4558511852914349,1.4792795589316403,0.5,1.0,1.0
33,2,Dwight Howard ,0.1133415054591424,0.7309701246055715,22.0,Safe,Improved,0.7791818909631792,1.2743932451363142,1.0267875680497467,0.5,2.0,2.0
33,2,Danny Amendola,0.0781129483160698,0.7603168481531452,21.0,Safe,Improved,0.41741887015884593,0.04163727340155411,0.22952807178020002,0.5,6.0,6.0
33,2,Stephen Nedoroscik,0.1098400111329605,0.7547339497864439,22.0,Safe,Improved,0.7791818909631792,1.1518651488800384,0.9655235199216088,0.5,3.0,3.0
33,2,Ilona Maher,0.0921251026501074,0.7080349120799542,21.0,Safe,Improved,0.41741887015884593,0.5319658117518866,0.4746923409553663,0.5,5.0,5.0
33,2,Anna Delvey,0.0622084929116115,0.8203805797774933,17.0,Eliminated,Improved,-1.0296332130584873,-0.5149087212983895,-0.7722709671784385,0.5,10.0,9.0
33,2,Brooks Nader,0.0718571511307979,0.7277433033646941,20.0,Safe,Improved,0.05565584935451262,-0.17727238295438086,-0.06080826679993412,0.5,8.0,8.0
33,2,Phaedra Parks,0.0720104071057033,0.7829766772384668,21.0,Safe,Improved,0.41741887015884593,-0.17190948326191277,0.12275469344846658,0.5,7.0,7.0
33,2,Jenn Tran,0.0564894309933104,0.7674756572460476,19.0,Safe,Improved,-0.3061071714498207,-0.7150363536585158,-0.5105717625541683,0.5,9.0,10.0
33,2,Joey Graziadei,0.098402091971277,0.7562037178793266,22.0,Safe,Improved,0.7791818909631792,0.7516170463670617,0.7653994686651204,0.5,4.0,4.0
33,3,Tori Spelling,0.0537242755983042,0.8120663906944782,0.0,Safe,Improved,-2.1166258871108736,-0.786089111984336,-1.4513574995476048,0.5,12.0,12.0
33,3,Eric Roberts,0.0232708108182043,0.9332397949475476,23.0,Eliminated,Improved,-0.12646506872675017,-1.8180017850012704,-0.9722334268640103,0.5,11.0,11.0
33,3,Reginald VelJohnson,0.0544576141408584,0.7823953624515274,21.0,Eliminated,Improved,-0.2995225311949348,-0.7612400072556041,-0.5303812692252695,0.5,10.0,10.0
33,3,Chandler Kinney,0.1152184268674449,0.6572445015645169,34.5,Safe,Improved,0.8686153404653116,1.2976341841744972,1.0831247623199043,0.5,2.0,2.0
33,3,Dwight Howard ,0.0636369760675685,0.7754054599370879,26.0,Safe,Improved,0.1331211249755268,-0.45019822692684947,-0.15853855097566133,0.5,9.0,9.0
33,3,Danny Amendola,0.0837053814466851,0.729643744373849,30.0,Safe,Improved,0.4792360499118961,0.22981772487000543,0.3545268873909508,0.5,6.0,6.0
33,3,Stephen Nedoroscik,0.0991642813694929,0.714962578007097,31.0,Safe,Improved,0.5657647811459885,0.7536410354993436,0.659702908322666,0.5,4.0,4.0
33,3,Ilona Maher,0.070278389118139,0.7710628445138203,28.0,Safe,Improved,0.30617858744371146,-0.22515459582901332,0.04051199580734907,0.5,8.0,8.0
33,3,Anna Delvey,0.0417780767256999,0.8417555754060656,0.0,Safe,Improved,-2.1166258871108736,-1.1908848913820376,-1.6537553892464556,0.5,13.0,13.0
33,3,Brooks Nader,0.0898004210483526,0.7348185969149749,30.5,Safe,Improved,0.5225004155289423,0.43634754513567026,0.47942398033230627,0.5,5.0,5.0
33,3,Phaedra Parks,0.0767341010757095,0.7348467254519123,28.0,Safe,Improved,0.30617858744371146,-0.006403428089402656,0.1498875796771544,0.5,7.0,7.0
33,3,Jenn Tran,0.105920038358938,0.7010865243768636,31.0,Safe,Improved,0.5657647811459885,0.9825591997729411,0.7741619904594648,0.5,3.0,3.0
33,3,Joey Graziadei,0.1223112073646022,0.6902053533711449,35.0,Safe,Improved,0.9118797060823578,1.5379723570160557,1.2249260315492068,0.5,1.0,1.0
33,4,Tori Spelling,0.0694889221859939,0.861772980212701,0.0,Safe,Improved,-1.431975744952414,-0.26600106394937356,-0.8489884044508937,0.5,11.0,11.0
33,4,Eric Roberts,0.0652502252325047,0.8956362866649168,0.0,Safe,Improved,-1.431975744952414,-0.41766563635367415,-0.9248206906530441,0.5,12.0,12.0
33,4,Reginald VelJohnson,0.0721787896023238,0.92422085947844,0.0,Safe,Improved,-1.431975744952414,-0.16975507231599804,-0.800865408634206,0.5,10.0,9.0
33,4,Chandler Kinney,0.0852696594023529,0.8390697390764922,32.0,Safe,Improved,0.5942212274972601,0.2986485886221674,0.44643490805971375,0.5,4.0,4.0
33,4,Dwight Howard ,0.0717078379686335,0.8686778777312248,29.0,Safe,Improved,0.40426526133010315,-0.18660616568985866,0.10882954782012225,0.5,7.0,7.5
33,4,Danny Amendola,0.1437893543559322,0.7830387802135828,36.0,Safe,Improved,0.8474958490534694,2.392538434901159,1.6200171419773142,0.5,1.0,1.0
33,4,Stephen Nedoroscik,0.0926613332640926,0.8577394308712314,33.0,Safe,Improved,0.6575398828863124,0.5631296468091584,0.6103347648477354,0.5,3.0,3.0
33,4,Ilona Maher,0.0596239149259315,0.8532745418676458,32.0,Safe,Improved,0.5942212274972601,-0.6189803224998279,-0.012379547501283894,0.5,8.0,7.5
33,4,Anna Delvey,0.0562470501415157,0.8469131380280289,0.0,Safe,Improved,-1.431975744952414,-0.7398077275290958,-1.085891736240755,0.5,13.0,13.0
33,4,Brooks Nader,0.0251150399694849,0.95,32.0,Eliminated,Improved,0.5942212274972601,-1.85374039661049,-0.6297595845566148,0.5,9.0,10.0
33,4,Phaedra Parks,0.0766108571412064,0.7803386728912957,32.0,Safe,Improved,0.5942212274972601,-0.011171518094627577,0.2915248547013163,0.5,5.0,5.0
33,4,Jenn Tran,0.0746816721034441,0.7846053320914388,32.0,Safe,Improved,0.5942212274972601,-0.08019957720136334,0.2570108251479484,0.5,6.0,6.0
33,4,Joey Graziadei,0.107375343706583,0.8295657733764877,36.0,Safe,Improved,0.8474958490534694,1.0896108099118256,0.9685533294826475,0.5,2.0,2.0
34,2,Corey Feldman,0.0197641256567325,0.917902339580436,15.0,Eliminated,Improved,-2.0974502196446974,-1.8001689839584092,-1.9488096018015533,0.5,14.0,14.0
34,2,Danielle Fishel,0.0567817174184056,0.7505216223605647,19.0,Safe,Improved,-0.37013827405494676,-0.5103473366986,-0.4402428053767734,0.5,10.0,10.0
34,2,Elaine Hendrix,0.0745981095897085,0.7521971750048415,21.0,Safe,Improved,0.4935176987399285,0.11043773345308514,0.3019777160965068,0.5,7.0,7.0
34,2,Baron Davis,0.0491617548281317,0.7372502121681236,18.0,Eliminated,Improved,-0.8019662604523844,-0.7758533362115457,-0.7889097983319651,0.5,11.0,11.0
34,2,Jordan Chiles,0.1082047127852238,0.6912801104737392,22.0,Safe,Improved,0.9253456851373661,1.2814086753641685,1.1033771802507673,0.5,2.0,2.0
34,2,Andy Richter,0.035793718125243,0.7720880535714422,16.0,Safe,Improved,-1.6656222332472597,-1.2416422300909615,-1.4536322316691106,0.5,13.0,13.0
34,2,Robert Irwin,0.1158876618942678,0.6834277049735835,22.0,Safe,Improved,0.9253456851373661,1.5491093442634498,1.237227514700408,0.5,1.0,1.0
34,2,Hilaria Baldwin,0.0692477262642908,0.7597906641698814,21.0,Safe,Improved,0.4935176987399285,-0.0759882306855872,0.20876473402717066,0.5,8.0,8.0
34,2,Lauren Jauregui,0.0886971231397651,0.7331101074251372,21.0,Safe,Improved,0.4935176987399285,0.6016964030864999,0.5476070509132142,0.5,5.0,5.0
34,2,Scott Hoying,0.0428302395600483,0.7852276156103967,18.0,Safe,Improved,-0.8019662604523844,-0.9964653496917241,-0.8992158050720542,0.5,12.0,12.0
34,2,Alix Earle,0.0817893942594892,0.7559713985791804,21.0,Safe,Improved,0.4935176987399285,0.3610071032383529,0.4272624009891407,0.5,6.0,6.0
34,2,Jen Affleck,0.0943249583665155,0.712200314703151,22.0,Safe,Improved,0.9253456851373661,0.797789756468543,0.8615677208029546,0.5,4.0,4.0
34,2,Whitney Leavitt,0.1010248220542689,0.6957721124511256,22.0,Safe,Improved,0.9253456851373661,1.0312363100366644,0.9782909975870153,0.5,3.0,3.0
34,2,Dylan Efron,0.0618939360579081,0.7719225687151172,20.0,Safe,Improved,0.06168971234249087,-0.33221985857392927,-0.1352650731157192,0.5,9.0,9.0
34,3,Corey Feldman,0.0425085002368074,0.7827399340767267,0.0,Safe,Improved,-2.290223184387014,-1.0215782033828653,-1.6559006938849397,0.5,13.0,12.5
34,3,Danielle Fishel,0.0689420223307116,0.7028762374207345,21.0,Safe,Improved,0.32972084755766345,-0.08783534256092375,0.12094275249836986,0.5,8.0,8.0
34,3,Elaine Hendrix,0.0619680331301499,0.7793166455668538,21.0,Safe,Improved,0.32972084755766345,-0.3341858895799877,-0.002232521011162114,0.5,9.0,9.0
34,3,Baron Davis,0.0342505345781073,0.7806998128442466,0.0,Safe,Improved,-2.290223184387014,-1.3132841838167841,-1.8017536841018993,0.5,14.0,14.0
34,3,Jordan Chiles,0.1141558286605408,0.7132921586288656,24.0,Safe,Improved,0.7039985664069031,1.509305920759403,1.1066522435831532,0.5,1.0,1.0
34,3,Andy Richter,0.051591215222508,0.7684042573019423,18.0,Safe,Improved,-0.04455687129157621,-0.7007386177744771,-0.3726477445330267,0.5,11.0,11.0
34,3,Robert Irwin,0.0801074945043658,0.7641876670979331,22.0,Safe,Improved,0.4544800871740767,0.3065759618736035,0.38052802452384005,0.5,6.0,6.0
34,3,Hilaria Baldwin,0.0777050400570742,0.7711235050659101,22.0,Safe,Improved,0.4544800871740767,0.22171119505822032,0.3380956411161485,0.5,7.0,7.0
34,3,Lauren Jauregui,0.0205469785364265,0.928919622646136,18.0,Eliminated,Improved,-0.04455687129157621,-1.797351255027987,-0.9209540631597817,0.5,12.0,12.5
34,3,Scott Hoying,0.0864364587128802,0.7401055986993903,22.0,Safe,Improved,0.4544800871740767,0.5301415209808673,0.49231080407747196,0.5,5.0,5.0
34,3,Alix Earle,0.1014584140657,0.7029895849568408,23.0,Safe,Improved,0.5792393267904898,1.060779985142104,0.8200096559662969,0.5,3.0,3.0
34,3,Jen Affleck,0.0582727469241584,0.757483234453702,19.0,Safe,Improved,0.080202368324837,-0.46471889616461,-0.19225826391988649,0.5,10.0,10.0
34,3,Whitney Leavitt,0.109056211987349,0.6384284414019479,24.0,Safe,Improved,0.7039985664069031,1.3291660724030052,1.0165823194049541,0.5,2.0,2.0
34,3,Dylan Efron,0.0930005210532205,0.6961653574348106,23.0,Safe,Improved,0.5792393267904898,0.7620117320904326,0.6706255294404613,0.5,4.0,4.0
34,6,Corey Feldman,0.0666810615900742,0.8172802092319472,0.0,Safe,Improved,-1.488868168355402,-0.2079404255665155,-0.8484042969609588,0.5,10.0,9.0
34,6,Danielle Fishel,0.0866070089833815,0.8292915660064772,36.0,Safe,Improved,0.7181599400302527,0.6648139491968045,0.6914869446135286,0.5,4.0,4.0
34,6,Elaine Hendrix,0.0849176454773165,0.8210397009529631,36.0,Safe,Improved,0.7181599400302527,0.5908200074593619,0.6544899737448073,0.5,5.0,5.0
34,6,Baron Davis,0.0609496124000825,0.8792965950472386,0.0,Safe,Improved,-1.488868168355402,-0.4589772899907914,-0.9739227291730966,0.5,13.0,13.0
34,6,Jordan Chiles,0.1149162157681211,0.8073496900932482,39.0,Safe,Improved,0.9020789490623906,1.9047541929294305,1.4034165709959106,0.5,1.0,1.0
34,6,Andy Richter,0.0596423516214745,0.8473255030051374,27.0,Safe,Improved,0.1664029129338391,-0.5162351729394259,-0.17491613000279338,0.5,9.0,11.0
34,6,Robert Irwin,0.0911627872887554,0.8263826791947794,36.0,Safe,Improved,0.7181599400302527,0.8643565540218265,0.7912582470260396,0.5,3.0,3.0
34,6,Hilaria Baldwin,0.066352608724038,0.8394423328094468,0.0,Safe,Improved,-1.488868168355402,-0.2223266261359761,-0.855597397245689,0.5,11.0,10.0
34,6,Lauren Jauregui,0.0482123108650708,0.8792062160161129,0.0,Safe,Improved,-1.488868168355402,-1.0168697413727927,-1.2528689548640974,0.5,14.0,14.0
34,6,Scott Hoying,0.0225353098566188,0.95,28.0,Eliminated,Improved,0.22770924927788505,-2.1415196522952518,-0.9569052015086834,0.5,12.0,12.0
34,6,Alix Earle,0.0689176819720621,0.8099209771342388,35.0,Safe,Improved,0.6568536036862068,-0.10997669091767286,0.273438456384267,0.5,6.0,6.0
34,6,Jen Affleck,0.0660578511833709,0.854698747418161,32.0,Safe,Improved,0.4729345946540689,-0.2352369750410472,0.11884880980651084,0.5,7.0,7.0
34,6,Whitney Leavitt,0.0991003002305429,0.7657546265467716,39.0,Safe,Improved,0.9020789490623906,1.2120187759452021,1.0570488625037964,0.5,2.0,2.0
34,6,Dylan Efron,0.0639472540390902,0.8399641272475773,32.0,Safe,Improved,0.4729345946540689,-0.32768090529314925,0.07262684468045982,0.5,8.0,8.0
