Season,Week,Contestant,Est_Fan_Votes,Certainty,Judge Score,Official Result,Model
1,2,John O'Hurley,0.22090671313137356,0.5534590775576801,26.0,Safe,Improved
1,2,Kelly Monaco,0.16549785397507463,0.6281418929984339,17.0,Safe,Improved
1,2,Evander Holyfield,0.18541721111548615,0.6833190227500274,14.0,Safe,Improved
1,2,Rachel Hunter,0.18409705256442552,0.5647135625328652,24.0,Safe,Improved
1,2,Joey McIntyre,0.18277387610161286,0.5611526547507213,21.0,Safe,Improved
1,2,Trista Sutter,0.061307293112027275,0.8617873254749235,19.0,Eliminated,Improved
1,3,John O'Hurley,0.20717133732266835,0.5750668428331998,24.0,Safe,Improved
1,3,Kelly Monaco,0.16560257133657852,0.602853728023917,21.0,Safe,Improved
1,3,Evander Holyfield,0.06435684142787328,0.8331672947321281,13.0,Eliminated,Improved
1,3,Rachel Hunter,0.22760928579957326,0.5531663466942609,26.0,Safe,Improved
1,3,Joey McIntyre,0.17536837829453175,0.5988315801427897,22.0,Safe,Improved
1,3,Trista Sutter,0.15989158581877516,0.6616542593698451,0.0,Safe,Improved
1,4,John O'Hurley,0.12065545641317338,0.6787855021744438,21.0,Safe,Improved
1,4,Kelly Monaco,0.20122554344137739,0.5841981582443287,26.0,Safe,Improved
1,4,Evander Holyfield,0.19350540382546894,0.7659563547661603,0.0,Safe,Improved
1,4,Rachel Hunter,0.06032422961908402,0.9241669482868254,25.0,Eliminated,Improved
1,4,Joey McIntyre,0.14376559003620093,0.759985375404787,20.0,Safe,Improved
1,4,Trista Sutter,0.28052377666469536,0.7358110418648105,0.0,Safe,Improved
2,1,Tatum O'Neal,0.14306253018104484,0.7281917252016483,23.0,Safe,Improved
2,1,Tia Carrere,0.09308183913454787,0.7854350605254165,20.0,Safe,Improved
2,1,George Hamilton,0.07949193590216251,0.8021667179263615,18.0,Safe,Improved
2,1,Lisa Rinna,0.08492068785827325,0.7911203012075432,19.0,Safe,Improved
2,1,Stacy Keibler,0.12349245653361511,0.76039893879891,22.0,Safe,Improved
2,1,Jerry Rice,0.10177829109735793,0.7838693860006023,21.0,Safe,Improved
2,1,Giselle Fernandez,0.1264406314360333,0.7463210661080267,23.0,Safe,Improved
2,1,Master P,0.07135716316105946,0.8377035627665792,12.0,Safe,Improved
2,1,Drew Lachey,0.14829622508365792,0.725813917798464,24.0,Safe,Improved
2,1,Kenny Mayne,0.028078239612247907,0.9252155845668358,13.0,Eliminated,Improved
2,2,Tatum O'Neal,0.027522451587937466,0.9321179433408054,17.0,Eliminated,Improved
2,2,Tia Carrere,0.09080640672793085,0.7799860863529023,22.0,Safe,Improved
2,2,George Hamilton,0.10147928084807384,0.7708839497611604,22.0,Safe,Improved
2,2,Lisa Rinna,0.08500338743028202,0.7964177704490559,20.0,Safe,Improved
2,2,Stacy Keibler,0.1524586224028138,0.7246381451858237,29.0,Safe,Improved
2,2,Jerry Rice,0.12142800366651842,0.7405542308177309,23.0,Safe,Improved
2,2,Giselle Fernandez,0.1312755859838139,0.746122153468125,24.0,Safe,Improved
2,2,Master P,0.07397740830546436,0.8349834934788041,16.0,Safe,Improved
2,2,Drew Lachey,0.1361741821136059,0.728577444722295,27.0,Safe,Improved
2,2,Kenny Mayne,0.07987467093355964,0.8543587864922624,0.0,Safe,Improved
2,4,Tatum O'Neal,0.07616680647212828,0.8114235609201882,0.0,Safe,Improved
2,4,Tia Carrere,0.10717167092525175,0.7431568677842839,25.0,Safe,Improved
2,4,George Hamilton,0.09650175347936307,0.7923911577822065,21.0,Safe,Improved
2,4,Lisa Rinna,0.13961576151503355,0.7366921912288527,26.0,Safe,Improved
2,4,Stacy Keibler,0.12140481143937602,0.7415833219732777,26.0,Safe,Improved
2,4,Jerry Rice,0.09646675156406088,0.752644884574363,24.0,Safe,Improved
2,4,Giselle Fernandez,0.08195664653474267,0.8480302542032244,0.0,Safe,Improved
2,4,Master P,0.030651225540375613,0.9348289726146574,8.0,Eliminated,Improved
2,4,Drew Lachey,0.1582728713312143,0.7011177549431271,28.0,Safe,Improved
2,4,Kenny Mayne,0.09179170119845396,0.8515299570020297,0.0,Safe,Improved
2,5,Tatum O'Neal,0.08220244520003427,0.889435238244682,0.0,Safe,Improved
2,5,Tia Carrere,0.034997243949643736,0.9456181299736182,22.0,Eliminated,Improved
2,5,George Hamilton,0.1174715347011277,0.7295612203770114,24.0,Safe,Improved
2,5,Lisa Rinna,0.09698531317515134,0.8119607330051088,25.0,Safe,Improved
2,5,Stacy Keibler,0.15212192035366626,0.7245507188169533,30.0,Safe,Improved
2,5,Jerry Rice,0.11110874464736759,0.7440637131385248,23.0,Safe,Improved
2,5,Giselle Fernandez,0.06419316118961534,0.8617312130702655,0.0,Safe,Improved
2,5,Master P,0.11170017675099607,0.7945191564993348,0.0,Safe,Improved
2,5,Drew Lachey,0.1207365871289799,0.765824187280338,27.0,Safe,Improved
2,5,Kenny Mayne,0.1084828729034178,0.89165734504255,0.0,Safe,Improved
3,1,Harry Hamlin,0.08769296740994853,0.8446215139442234,17.0,Safe,Improved
3,1,Vivica A. Fox,0.09476843910806174,0.8446215139442234,22.0,Safe,Improved
3,1,Monique Coleman,0.09052315608919381,0.8446215139442234,19.0,Safe,Improved
3,1,Joey Lawrence,0.0933533447684391,0.8446215139442234,21.0,Safe,Improved
3,1,Mario Lopez,0.1004288164665523,0.8446215139442234,26.0,Safe,Improved
3,1,Emmitt Smith,0.09759862778730702,0.8446215139442234,24.0,Safe,Improved
3,1,Shanna Moakler,0.08910806174957117,0.8446215139442234,18.0,Safe,Improved
3,1,Willa Ford,0.09476843910806174,0.8446215139442234,22.0,Safe,Improved
3,1,Sara Evans,0.08486277873070325,0.8446215139442234,15.0,Safe,Improved
3,1,Jerry Springer,0.08627787307032589,0.8446215139442234,16.0,Safe,Improved
3,1,Tucker Carlson,0.08061749571183532,1.0,12.0,Eliminated,Improved
3,2,Harry Hamlin,0.09102766798154394,0.9990009990009991,21.0,Safe,Improved
3,2,Vivica A. Fox,0.09494071145980482,0.9990009990009991,24.0,Safe,Improved
3,2,Monique Coleman,0.09754940711197871,0.9990009990009991,26.0,Safe,Improved
3,2,Joey Lawrence,0.10146245059023958,0.9990009990009991,29.0,Safe,Improved
3,2,Mario Lopez,0.09102766798154392,0.9990009990009991,21.0,Safe,Improved
3,2,Emmitt Smith,0.0949407114598048,0.9990009990009991,24.0,Safe,Improved
3,2,Shanna Moakler,0.030108102778704553,1.0,22.0,Eliminated,Improved
3,2,Willa Ford,0.09363636363371784,0.9990009990009991,23.0,Safe,Improved
3,2,Sara Evans,0.09102766798154394,0.9990009990009991,21.0,Safe,Improved
3,2,Jerry Springer,0.08841897232937002,0.9990009990009991,19.0,Safe,Improved
3,2,Tucker Carlson,0.125860276691748,0.9990009990009991,0.0,Safe,Improved
3,3,Harry Hamlin,0.0033442541355585137,1.0,22.0,Eliminated,Improved
3,3,Vivica A. Fox,0.10276679841897234,0.999000999001,27.0,Safe,Improved
3,3,Monique Coleman,0.10276679841897232,0.999000999001,27.0,Safe,Improved
3,3,Joey Lawrence,0.09552042160737811,0.999000999001,22.0,Safe,Improved
3,3,Mario Lopez,0.09552042160737811,0.999000999001,22.0,Safe,Improved
3,3,Emmitt Smith,0.0911725955204216,0.999000999001,19.0,Safe,Improved
3,3,Shanna Moakler,0.1097244473722734,0.999000999001,0.0,Safe,Improved
3,3,Willa Ford,0.09552042160737811,0.999000999001,22.0,Safe,Improved
3,3,Sara Evans,0.09986824769433465,0.999000999001,25.0,Safe,Improved
3,3,Jerry Springer,0.0940711462450593,0.999000999001,21.0,Safe,Improved
3,3,Tucker Carlson,0.10972444737227352,0.999000999001,0.0,Safe,Improved
3,4,Harry Hamlin,0.1213121212121212,0.999000999001,0.0,Safe,Improved
3,4,Vivica A. Fox,0.0,1.0,24.0,Eliminated,Improved
3,4,Monique Coleman,0.08956753246753249,0.999000999001,24.0,Safe,Improved
3,4,Joey Lawrence,0.09411298701298704,0.999000999001,27.0,Safe,Improved
3,4,Mario Lopez,0.09714329004329009,0.999000999001,29.0,Safe,Improved
3,4,Emmitt Smith,0.0895675324675325,0.999000999001,24.0,Safe,Improved
3,4,Shanna Moakler,0.12131212121212111,0.999000999001,0.0,Safe,Improved
3,4,Willa Ford,0.09562813852813856,0.999000999001,28.0,Safe,Improved
3,4,Sara Evans,0.08350692640692645,0.999000999001,20.0,Safe,Improved
3,4,Jerry Springer,0.08653722943722945,0.999000999001,22.0,Safe,Improved
3,4,Tucker Carlson,0.12131212121212118,0.999000999001,0.0,Safe,Improved
3,5,Harry Hamlin,0.14927127071823218,0.9990009990009991,0.0,Safe,Improved
3,5,Vivica A. Fox,0.14927127071823212,0.9990009990009991,0.0,Safe,Improved
3,5,Monique Coleman,0.06936243093922652,0.9990009990009991,27.0,Safe,Improved
3,5,Joey Lawrence,0.06604751381215468,0.9990009990009991,25.0,Safe,Improved
3,5,Mario Lopez,0.06936243093922649,0.9990009990009991,27.0,Safe,Improved
3,5,Emmitt Smith,0.0693624309392265,0.9990009990009991,27.0,Safe,Improved
3,5,Shanna Moakler,0.1492712707182321,0.9990009990009991,0.0,Safe,Improved
3,5,Willa Ford,0.0,1.0,27.0,Eliminated,Improved
3,5,Sara Evans,0.06439005524861878,0.9990009990009991,24.0,Safe,Improved
3,5,Jerry Springer,0.06439005524861875,0.9990009990009991,24.0,Safe,Improved
3,5,Tucker Carlson,0.14927127071823204,0.9990009990009991,0.0,Safe,Improved
4,2,John Ratzenberger,0.08935064935064936,0.9990009990009989,21.0,Safe,Improved
4,2,Ian Ziering,0.09057513914656772,0.9990009990009989,22.0,Safe,Improved
4,2,Clyde Drexler,0.09368636363636364,0.9990009990009989,18.0,Safe,Improved
4,2,Laila Ali,0.09669758812615957,0.9990009990009989,27.0,Safe,Improved
4,2,Apolo Anton Ohno,0.09547309833024119,0.9990009990009989,26.0,Safe,Improved
4,2,Shandi Finnessey,0.08812615955473099,0.9990009990009989,20.0,Safe,Improved
4,2,Paulina Porizkova,0.08134146567717997,1.0,21.0,Eliminated,Improved
4,2,Heather Mills,0.09302411873840445,0.9990009990009989,24.0,Safe,Improved
4,2,Billy Ray Cyrus,0.08935064935064936,0.9990009990009989,21.0,Safe,Improved
4,2,Joey Fatone,0.09302411873840445,0.9990009990009989,24.0,Safe,Improved
4,2,Leeza Gibbons,0.08935064935064936,0.9990009990009989,21.0,Safe,Improved
4,3,John Ratzenberger,0.09115929941618015,0.9990009990009989,20.0,Safe,Improved
4,3,Ian Ziering,0.09666388657214345,0.9990009990009989,24.0,Safe,Improved
4,3,Clyde Drexler,0.08565471226021686,0.9990009990009989,16.0,Safe,Improved
4,3,Laila Ali,0.09253544620517097,0.9990009990009989,21.0,Safe,Improved
4,3,Apolo Anton Ohno,0.09528773978315262,0.9990009990009989,23.0,Safe,Improved
4,3,Shandi Finnessey,0.029870767306088418,1.0,21.0,Eliminated,Improved
4,3,Paulina Porizkova,0.12630104253544625,0.9990009990009989,0.0,Safe,Improved
4,3,Heather Mills,0.09666388657214346,0.9990009990009989,24.0,Safe,Improved
4,3,Billy Ray Cyrus,0.09253544620517098,0.9990009990009989,21.0,Safe,Improved
4,3,Joey Fatone,0.09666388657214346,0.9990009990009989,24.0,Safe,Improved
4,3,Leeza Gibbons,0.09666388657214345,0.9990009990009989,24.0,Safe,Improved
4,4,John Ratzenberger,0.08889952153639209,0.9990009990009991,16.0,Safe,Improved
4,4,Ian Ziering,0.1015311004837605,0.9990009990009991,24.0,Safe,Improved
4,4,Clyde Drexler,0.08732057416797101,0.9990009990009991,15.0,Safe,Improved
4,4,Laila Ali,0.09679425837849734,0.9990009990009991,21.0,Safe,Improved
4,4,Apolo Anton Ohno,0.10468899522060261,0.9990009990009991,26.0,Safe,Improved
4,4,Shandi Finnessey,0.10016092502576146,0.9990009990009991,0.0,Safe,Improved
4,4,Paulina Porizkova,0.10016092502576146,0.9990009990009991,0.0,Safe,Improved
4,4,Heather Mills,0.09995215311533945,0.9990009990009991,23.0,Safe,Improved
4,4,Billy Ray Cyrus,0.09679425837849734,0.9990009990009991,21.0,Safe,Improved
4,4,Joey Fatone,0.10784688995744471,0.9990009990009991,28.0,Safe,Improved
4,4,Leeza Gibbons,0.015850398709972,1.0,16.0,Eliminated,Improved
4,5,John Ratzenberger,0.09431818181818183,0.9990009990009991,18.0,Safe,Improved
4,5,Ian Ziering,0.10454545454545454,0.9990009990009991,24.0,Safe,Improved
4,5,Clyde Drexler,0.013703409090909092,1.0,13.0,Eliminated,Improved
4,5,Laila Ali,0.11136363636363637,0.9990009990009991,28.0,Safe,Improved
4,5,Apolo Anton Ohno,0.11477272727272728,0.9990009990009991,30.0,Safe,Improved
4,5,Shandi Finnessey,0.08766704545454547,0.9990009990009991,0.0,Safe,Improved
4,5,Paulina Porizkova,0.08766704545454546,0.9990009990009991,0.0,Safe,Improved
4,5,Heather Mills,0.09943181818181819,0.9990009990009991,21.0,Safe,Improved
4,5,Billy Ray Cyrus,0.09261363636363637,0.9990009990009991,17.0,Safe,Improved
4,5,Joey Fatone,0.10625000000000001,0.9990009990009991,25.0,Safe,Improved
4,5,Leeza Gibbons,0.08766704545454546,0.9990009990009991,0.0,Safe,Improved
4,6,John Ratzenberger,0.0666980392156863,0.9990009990009996,19.0,Safe,Improved
4,6,Ian Ziering,0.07552156862745102,0.9990009990009996,24.0,Safe,Improved
4,6,Clyde Drexler,0.1353941176470588,0.9990009990009996,0.0,Safe,Improved
4,6,Laila Ali,0.08258039215686276,0.9990009990009996,28.0,Safe,Improved
4,6,Apolo Anton Ohno,0.08258039215686276,0.9990009990009996,28.0,Safe,Improved
4,6,Shandi Finnessey,0.1353941176470588,0.9990009990009996,0.0,Safe,Improved
4,6,Paulina Porizkova,0.13539411764705878,0.9990009990009996,0.0,Safe,Improved
4,6,Heather Mills,1.3877787807814457e-17,1.0,23.0,Eliminated,Improved
4,6,Billy Ray Cyrus,0.07022745098039218,0.9990009990009996,21.0,Safe,Improved
4,6,Joey Fatone,0.0808156862745098,0.9990009990009996,27.0,Safe,Improved
4,6,Leeza Gibbons,0.13539411764705878,0.9990009990009996,0.0,Safe,Improved
4,7,John Ratzenberger,6.938893903907228e-17,1.0,22.5,Eliminated,Improved
4,7,Ian Ziering,0.05543398058252433,0.9990009990010014,27.0,Safe,Improved
4,7,Clyde Drexler,0.14573106796116508,0.9990009990010014,0.0,Safe,Improved
4,7,Laila Ali,0.06028834951456315,0.9990009990010014,29.5,Safe,Improved
4,7,Apolo Anton Ohno,0.055433980582524314,0.9990009990010014,27.0,Safe,Improved
4,7,Shandi Finnessey,0.1457310679611649,0.9990009990010014,0.0,Safe,Improved
4,7,Paulina Porizkova,0.14573106796116508,0.9990009990010014,0.0,Safe,Improved
4,7,Heather Mills,0.14573106796116486,0.9990009990010014,0.0,Safe,Improved
4,7,Billy Ray Cyrus,0.03990000000000006,0.9990009990010014,19.0,Safe,Improved
4,7,Joey Fatone,0.06028834951456312,0.9990009990010014,29.5,Safe,Improved
4,7,Leeza Gibbons,0.14573106796116503,0.9990009990010014,0.0,Safe,Improved
4,8,John Ratzenberger,0.15149442231075708,0.9990009990010014,0.0,Safe,Improved
4,8,Ian Ziering,0.015288247011952208,0.9990009990010014,23.5,Safe,Improved
4,8,Clyde Drexler,0.1514944223107569,0.9990009990010014,0.0,Safe,Improved
4,8,Laila Ali,0.02245956175298809,0.9990009990010014,26.5,Safe,Improved
4,8,Apolo Anton Ohno,0.028435657370517967,0.9990009990010014,29.0,Safe,Improved
4,8,Shandi Finnessey,0.15149442231075683,0.9990009990010014,0.0,Safe,Improved
4,8,Paulina Porizkova,0.15149442231075697,0.9990009990010014,0.0,Safe,Improved
4,8,Heather Mills,0.15149442231075694,0.9990009990010014,0.0,Safe,Improved
4,8,Billy Ray Cyrus,6.938893903907228e-17,1.0,19.0,Eliminated,Improved
4,8,Joey Fatone,0.024849999999999983,0.9990009990010014,27.5,Safe,Improved
4,8,Leeza Gibbons,0.15149442231075705,0.9990009990010014,0.0,Safe,Improved
5,1,Cameron Mathison,0.08284695201037613,0.9081272084805655,21.0,Safe,Improved
5,1,Jane Seymour,0.08634889753566796,0.9081272084805655,24.0,Safe,Improved
5,1,Sabrina Bryan,0.0886835278858625,0.9081272084805655,26.0,Safe,Improved
5,1,Jennie Garth,0.08284695201037613,0.9081272084805655,21.0,Safe,Improved
5,1,Floyd Mayweather Jr. ,0.0793450064850843,0.9081272084805655,18.0,Safe,Improved
5,1,Josie Maran,0.07701037613488974,1.0,16.0,Eliminated,Improved
5,1,Albert Reed,0.08284695201037613,0.9081272084805655,21.0,Safe,Improved
5,1,Helio Castroneves,0.08751621271076523,0.9081272084805655,25.0,Safe,Improved
5,1,Mel B,0.08634889753566796,0.9081272084805655,24.0,Safe,Improved
5,1,Wayne Newton,0.08051232166018157,0.9081272084805655,19.0,Safe,Improved
5,1,Marie Osmond,0.08284695201037613,0.9081272084805655,21.0,Safe,Improved
5,1,Mark Cuban,0.08284695201037613,0.9081272084805655,21.0,Safe,Improved
5,2,Cameron Mathison,0.08480392157105275,0.9990009990009994,21.0,Safe,Improved
5,2,Jane Seymour,0.08480392157105275,0.9990009990009994,21.0,Safe,Improved
5,2,Sabrina Bryan,0.09110644257945612,0.9990009990009994,26.0,Safe,Improved
5,2,Jennie Garth,0.08480392157105276,0.9990009990009994,21.0,Safe,Improved
5,2,Floyd Mayweather Jr. ,0.08480392157105275,0.9990009990009994,21.0,Safe,Improved
5,2,Josie Maran,0.11573627449767733,0.9990009990009994,0.0,Safe,Improved
5,2,Albert Reed,0.027400980380030287,1.0,21.0,Eliminated,Improved
5,2,Helio Castroneves,0.09236694678113679,0.9990009990009994,27.0,Safe,Improved
5,2,Mel B,0.08732492997441411,0.9990009990009994,23.0,Safe,Improved
5,2,Wayne Newton,0.07724089636096872,0.9990009990009994,15.0,Safe,Improved
5,2,Marie Osmond,0.08858543417609477,0.9990009990009994,24.0,Safe,Improved
5,2,Mark Cuban,0.08102240896601072,0.9990009990009994,18.0,Safe,Improved
5,3,Cameron Mathison,0.08720362622036264,0.9990009990009987,23.0,Safe,Improved
5,3,Jane Seymour,0.09222454672245468,0.9990009990009987,27.0,Safe,Improved
5,3,Sabrina Bryan,0.09222454672245468,0.9990009990009987,27.0,Safe,Improved
5,3,Jennie Garth,0.09096931659693167,0.9990009990009987,26.0,Safe,Improved
5,3,Floyd Mayweather Jr. ,0.0846931659693166,0.9990009990009987,21.0,Safe,Improved
5,3,Josie Maran,0.091002649930265,0.9990009990009987,0.0,Safe,Improved
5,3,Albert Reed,0.09100264993026501,0.9990009990009987,0.0,Safe,Improved
5,3,Helio Castroneves,0.08845885634588564,0.9990009990009987,24.0,Safe,Improved
5,3,Mel B,0.09222454672245468,0.9990009990009987,27.0,Safe,Improved
5,3,Wayne Newton,0.015588842398884209,1.0,18.0,Eliminated,Improved
5,3,Marie Osmond,0.09096931659693167,0.9990009990009987,26.0,Safe,Improved
5,3,Mark Cuban,0.0834379358437936,0.9990009990009987,20.0,Safe,Improved
5,4,Cameron Mathison,0.08890480769230769,0.9990009990009987,27.0,Safe,Improved
5,4,Jane Seymour,0.0876227564102564,0.9990009990009987,26.0,Safe,Improved
5,4,Sabrina Bryan,0.09275096153846152,0.9990009990009987,30.0,Safe,Improved
5,4,Jennie Garth,0.08890480769230769,0.9990009990009987,27.0,Safe,Improved
5,4,Floyd Mayweather Jr. ,0.0,1.0,23.0,Eliminated,Improved
5,4,Josie Maran,0.09839059829059832,0.9990009990009987,0.0,Safe,Improved
5,4,Albert Reed,0.09839059829059832,0.9990009990009987,0.0,Safe,Improved
5,4,Helio Castroneves,0.08890480769230769,0.9990009990009987,27.0,Safe,Improved
5,4,Mel B,0.0876227564102564,0.9990009990009987,26.0,Safe,Improved
5,4,Wayne Newton,0.09839059829059832,0.9990009990009987,0.0,Safe,Improved
5,4,Marie Osmond,0.0876227564102564,0.9990009990009987,26.0,Safe,Improved
5,4,Mark Cuban,0.08249455128205127,0.9990009990009987,22.0,Safe,Improved
5,5,Cameron Mathison,0.08335994256999284,0.999000999001,26.0,Safe,Improved
5,5,Jane Seymour,0.08335994256999284,0.999000999001,26.0,Safe,Improved
5,5,Sabrina Bryan,0.08637501794687727,0.999000999001,28.0,Safe,Improved
5,5,Jennie Garth,0.08185240488155063,0.999000999001,25.0,Safe,Improved
5,5,Floyd Mayweather Jr. ,0.10562763819095472,0.999000999001,0.0,Safe,Improved
5,5,Josie Maran,0.10562763819095473,0.999000999001,0.0,Safe,Improved
5,5,Albert Reed,0.10562763819095478,0.999000999001,0.0,Safe,Improved
5,5,Helio Castroneves,0.07883732950466621,0.999000999001,23.0,Safe,Improved
5,5,Mel B,0.08788255563531948,0.999000999001,29.0,Safe,Improved
5,5,Wayne Newton,0.10562763819095478,0.999000999001,0.0,Safe,Improved
5,5,Marie Osmond,0.07582225412778179,0.999000999001,21.0,Safe,Improved
5,5,Mark Cuban,5.551115123125783e-17,1.0,21.0,Eliminated,Improved
5,6,Cameron Mathison,0.04945370370370377,0.9990009990010011,25.0,Safe,Improved
5,6,Jane Seymour,0.04445370370370378,0.9990009990010011,22.0,Safe,Improved
5,6,Sabrina Bryan,0.0,1.0,25.0,Eliminated,Improved
5,6,Jennie Garth,0.05278703703703711,0.9990009990010011,27.0,Safe,Improved
5,6,Floyd Mayweather Jr. ,0.13898888888888888,0.9990009990010011,0.0,Safe,Improved
5,6,Josie Maran,0.1389888888888888,0.9990009990010011,0.0,Safe,Improved
5,6,Albert Reed,0.13898888888888897,0.9990009990010011,0.0,Safe,Improved
5,6,Helio Castroneves,0.05445370370370379,0.9990009990010011,28.0,Safe,Improved
5,6,Mel B,0.0577870370370371,0.9990009990010011,30.0,Safe,Improved
5,6,Wayne Newton,0.1389888888888888,0.9990009990010011,0.0,Safe,Improved
5,6,Marie Osmond,0.04612037037037043,0.9990009990010011,23.0,Safe,Improved
5,6,Mark Cuban,0.1389888888888887,0.9990009990010011,0.0,Safe,Improved
5,7,Cameron Mathison,0.006226153846153951,0.9990009990010014,25.5,Safe,Improved
5,7,Jane Seymour,0.0,1.0,25.0,Eliminated,Improved
5,7,Sabrina Bryan,0.16035641025641023,0.9990009990010014,0.0,Safe,Improved
5,7,Jennie Garth,0.00814923076923088,0.9990009990010014,26.5,Safe,Improved
5,7,Floyd Mayweather Jr. ,0.16035641025641018,0.9990009990010014,0.0,Safe,Improved
5,7,Josie Maran,0.1603564102564102,0.9990009990010014,0.0,Safe,Improved
5,7,Albert Reed,0.1603564102564101,0.9990009990010014,0.0,Safe,Improved
5,7,Helio Castroneves,0.007187692307692423,0.9990009990010014,26.0,Safe,Improved
5,7,Mel B,0.009110769230769353,0.9990009990010014,27.0,Safe,Improved
5,7,Wayne Newton,0.16035641025641004,0.9990009990010014,0.0,Safe,Improved
5,7,Marie Osmond,0.007187692307692423,0.9990009990010014,26.0,Safe,Improved
5,7,Mark Cuban,0.16035641025641043,0.9990009990010014,0.0,Safe,Improved
6,2,Cristian de la Fuente,0.08167963683527885,0.9518518518518518,20.0,Safe,Improved
6,2,Steve Guttenberg,0.07701037613488974,0.9518518518518518,16.0,Safe,Improved
6,2,Priscilla Presley,0.08284695201037613,0.9518518518518518,21.0,Safe,Improved
6,2,Marlee Matlin,0.08634889753566796,0.9518518518518518,24.0,Safe,Improved
6,2,Shannon Elizabeth,0.08634889753566796,0.9518518518518518,24.0,Safe,Improved
6,2,Marissa Jaret Winokur,0.08284695201037613,0.9518518518518518,21.0,Safe,Improved
6,2,Jason Taylor,0.08985084306095978,0.9518518518518518,27.0,Safe,Improved
6,2,Kristi Yamaguchi,0.08985084306095978,0.9518518518518518,27.0,Safe,Improved
6,2,Monica Seles,0.07584306095979247,1.0,15.0,Eliminated,Improved
6,2,Penn Jillette,0.07817769130998703,0.9518518518518518,17.0,Eliminated,Improved
6,2,Adam Carolla,0.08051232166018157,0.9518518518518518,19.0,Safe,Improved
6,2,Mario,0.0886835278858625,0.9518518518518518,26.0,Safe,Improved
6,3,Cristian de la Fuente,0.09122807017543859,0.9990009990009987,25.0,Safe,Improved
6,3,Steve Guttenberg,0.00607368421052628,1.0,21.0,Eliminated,Improved
6,3,Priscilla Presley,0.09254385964912279,0.9990009990009987,26.0,Safe,Improved
6,3,Marlee Matlin,0.08596491228070174,0.9990009990009987,21.0,Safe,Improved
6,3,Shannon Elizabeth,0.08991228070175437,0.9990009990009987,24.0,Safe,Improved
6,3,Marissa Jaret Winokur,0.08333333333333333,0.9990009990009987,19.0,Safe,Improved
6,3,Jason Taylor,0.08859649122807017,0.9990009990009987,23.0,Safe,Improved
6,3,Kristi Yamaguchi,0.093859649122807,0.9990009990009987,27.0,Safe,Improved
6,3,Monica Seles,0.09827894736842106,0.9990009990009987,0.0,Safe,Improved
6,3,Penn Jillette,0.09827894736842104,0.9990009990009987,0.0,Safe,Improved
6,3,Adam Carolla,0.08596491228070174,0.9990009990009987,21.0,Safe,Improved
6,3,Mario,0.08596491228070174,0.9990009990009987,21.0,Safe,Improved
6,4,Cristian de la Fuente,0.09300000000000001,0.9990009990009991,26.0,Safe,Improved
6,4,Steve Guttenberg,0.08580277777777781,0.9990009990009991,0.0,Safe,Improved
6,4,Priscilla Presley,0.08766666666666667,0.9990009990009991,22.0,Safe,Improved
6,4,Marlee Matlin,0.09033333333333333,0.9990009990009991,24.0,Safe,Improved
6,4,Shannon Elizabeth,0.09566666666666666,0.9990009990009991,28.0,Safe,Improved
6,4,Marissa Jaret Winokur,0.09033333333333333,0.9990009990009991,24.0,Safe,Improved
6,4,Jason Taylor,0.09700000000000002,0.9990009990009991,29.0,Safe,Improved
6,4,Kristi Yamaguchi,0.097,0.9990009990009991,29.0,Safe,Improved
6,4,Monica Seles,0.08580277777777778,0.9990009990009991,0.0,Safe,Improved
6,4,Penn Jillette,0.08580277777777778,0.9990009990009991,0.0,Safe,Improved
6,4,Adam Carolla,0.0012583333333333405,1.0,19.0,Eliminated,Improved
6,4,Mario,0.09033333333333335,0.9990009990009991,24.0,Safe,Improved
6,5,Cristian de la Fuente,0.07851428571428572,0.9990009990009994,23.0,Safe,Improved
6,5,Steve Guttenberg,0.10724285714285714,0.9990009990009994,0.0,Safe,Improved
6,5,Priscilla Presley,0.0,1.0,21.0,Eliminated,Improved
6,5,Marlee Matlin,0.07698367346938777,0.9990009990009994,22.0,Safe,Improved
6,5,Shannon Elizabeth,0.07851428571428573,0.9990009990009994,23.0,Safe,Improved
6,5,Marissa Jaret Winokur,0.08004489795918367,0.9990009990009994,24.0,Safe,Improved
6,5,Jason Taylor,0.08463673469387754,0.9990009990009994,27.0,Safe,Improved
6,5,Kristi Yamaguchi,0.08769795918367347,0.9990009990009994,29.0,Safe,Improved
6,5,Monica Seles,0.10724285714285717,0.9990009990009994,0.0,Safe,Improved
6,5,Penn Jillette,0.10724285714285711,0.9990009990009994,0.0,Safe,Improved
6,5,Adam Carolla,0.10724285714285711,0.9990009990009994,0.0,Safe,Improved
6,5,Mario,0.08463673469387756,0.9990009990009994,27.0,Safe,Improved
6,6,Cristian de la Fuente,0.07019444444444445,0.999000999001,27.0,Safe,Improved
6,6,Steve Guttenberg,0.11676666666666667,0.999000999001,0.0,Safe,Improved
6,6,Priscilla Presley,0.11676666666666664,0.999000999001,0.0,Safe,Improved
6,6,Marlee Matlin,1.3877787807814457e-17,1.0,21.0,Eliminated,Improved
6,6,Shannon Elizabeth,0.06519444444444447,0.999000999001,24.0,Safe,Improved
6,6,Marissa Jaret Winokur,0.06852777777777777,0.999000999001,26.0,Safe,Improved
6,6,Jason Taylor,0.06519444444444446,0.999000999001,24.0,Safe,Improved
6,6,Kristi Yamaguchi,0.07519444444444445,0.999000999001,30.0,Safe,Improved
6,6,Monica Seles,0.11676666666666659,0.999000999001,0.0,Safe,Improved
6,6,Penn Jillette,0.11676666666666663,0.999000999001,0.0,Safe,Improved
6,6,Adam Carolla,0.11676666666666662,0.999000999001,0.0,Safe,Improved
6,6,Mario,0.07186111111111114,0.999000999001,28.0,Safe,Improved
7,1,Ted McGinley,0.05905409035255121,1.0,18.5,Eliminated,Improved
7,1,Cloris Leachman,0.07289377289405274,0.9990009990009989,16.0,Safe,Improved
7,1,Susan Lucci,0.07586996337024322,0.9990009990009989,18.5,Safe,Improved
7,1,Cody Linley,0.0782509157511956,0.9990009990009989,20.5,Safe,Improved
7,1,Misty May-Treanor,0.07884615384643369,0.9990009990009989,21.0,Safe,Improved
7,1,Maurice Greene,0.07706043956071941,0.9990009990009989,19.5,Safe,Improved
7,1,Warren Sapp,0.07944139194167178,0.9990009990009989,21.5,Safe,Improved
7,1,Jeffrey Ross,0.08494774114620203,0.9990009990009989,12.0,Eliminated,Improved
7,1,Toni Braxton,0.08063186813214798,0.9990009990009989,22.5,Safe,Improved
7,1,Lance Bass,0.07944139194167178,0.9990009990009989,21.5,Safe,Improved
7,1,Kim Kardashian,0.07586996337024322,0.9990009990009989,18.5,Safe,Improved
7,1,Rocco DiSpirito,0.07467948717976702,0.9990009990009989,17.5,Safe,Improved
7,1,Brooke Burke,0.08301282051310037,0.9990009990009989,24.5,Safe,Improved
7,2,Ted McGinley,0.08721282052028304,0.9990009990009991,0.0,Safe,Improved
7,2,Cloris Leachman,0.07420814479414134,0.9990009990009991,15.0,Safe,Improved
7,2,Susan Lucci,0.08235294117423184,0.9990009990009991,21.0,Safe,Improved
7,2,Cody Linley,0.08235294117423184,0.9990009990009991,21.0,Safe,Improved
7,2,Misty May-Treanor,0.08235294117423184,0.9990009990009991,21.0,Safe,Improved
7,2,Maurice Greene,0.079638009047535,0.9990009990009991,19.0,Safe,Improved
7,2,Warren Sapp,0.08642533936427708,0.9990009990009991,24.0,Safe,Improved
7,2,Jeffrey Ross,0.08721282052028305,0.9990009990009991,0.0,Safe,Improved
7,2,Toni Braxton,0.08506787330092867,0.9990009990009991,23.0,Safe,Improved
7,2,Lance Bass,0.08099547511088342,0.9990009990009991,20.0,Safe,Improved
7,2,Kim Kardashian,0.010189743597206112,1.0,17.0,Eliminated,Improved
7,2,Rocco DiSpirito,0.07556561085748977,0.9990009990009991,16.0,Safe,Improved
7,2,Brooke Burke,0.08642533936427708,0.9990009990009991,24.0,Safe,Improved
7,4,Ted McGinley,0.08876995073891628,0.9990009990009989,0.0,Safe,Improved
7,4,Cloris Leachman,0.07895246305418717,0.9990009990009989,22.0,Safe,Improved
7,4,Susan Lucci,0.08190812807881771,0.9990009990009989,24.0,Safe,Improved
7,4,Cody Linley,0.08043029556650245,0.9990009990009989,23.0,Safe,Improved
7,4,Misty May-Treanor,0.08876995073891629,0.9990009990009989,0.0,Safe,Improved
7,4,Maurice Greene,0.07599679802955663,0.9990009990009989,20.0,Safe,Improved
7,4,Warren Sapp,0.07895246305418717,0.9990009990009989,22.0,Safe,Improved
7,4,Jeffrey Ross,0.0887699507389163,0.9990009990009989,0.0,Safe,Improved
7,4,Toni Braxton,0.07895246305418717,0.9990009990009989,22.0,Safe,Improved
7,4,Lance Bass,0.08486379310344826,0.9990009990009989,26.0,Safe,Improved
7,4,Kim Kardashian,0.0887699507389163,0.9990009990009989,0.0,Safe,Improved
7,4,Rocco DiSpirito,0.0,1.0,18.0,Eliminated,Improved
7,4,Brooke Burke,0.08486379310344827,0.9990009990009989,26.0,Safe,Improved
7,5,Ted McGinley,0.11292051282051284,0.9990009990009989,0.0,Safe,Improved
7,5,Cloris Leachman,0.05648534798534796,0.9990009990009989,21.0,Safe,Improved
7,5,Susan Lucci,0.05802380952380949,0.9990009990009989,22.0,Safe,Improved
7,5,Cody Linley,0.06725457875457871,0.9990009990009989,28.0,Safe,Improved
7,5,Misty May-Treanor,0.11292051282051287,0.9990009990009989,0.0,Safe,Improved
7,5,Maurice Greene,0.06571611721611718,0.9990009990009989,27.0,Safe,Improved
7,5,Warren Sapp,0.06263919413919411,0.9990009990009989,25.0,Safe,Improved
7,5,Jeffrey Ross,0.11292051282051288,0.9990009990009989,0.0,Safe,Improved
7,5,Toni Braxton,1.3877787807814457e-17,1.0,22.0,Eliminated,Improved
7,5,Lance Bass,0.05648534798534798,0.9990009990009989,21.0,Safe,Improved
7,5,Kim Kardashian,0.11292051282051285,0.9990009990009989,0.0,Safe,Improved
7,5,Rocco DiSpirito,0.11292051282051284,0.9990009990009989,0.0,Safe,Improved
7,5,Brooke Burke,0.06879304029304031,0.9990009990009989,29.0,Safe,Improved
7,6,Ted McGinley,0.09384999999999999,0.9990009990009996,0.0,Safe,Improved
7,6,Cloris Leachman,1.3877787807814457e-17,1.0,15.0,Eliminated,Improved
7,6,Susan Lucci,0.07062916666666663,0.9990009990009996,23.0,Safe,Improved
7,6,Cody Linley,0.0706291666666666,0.9990009990009996,23.0,Safe,Improved
7,6,Misty May-Treanor,0.09385000000000004,0.9990009990009996,0.0,Safe,Improved
7,6,Maurice Greene,0.06687916666666661,0.9990009990009996,21.0,Safe,Improved
7,6,Warren Sapp,0.07437916666666664,0.9990009990009996,25.0,Safe,Improved
7,6,Jeffrey Ross,0.09385000000000003,0.9990009990009996,0.0,Safe,Improved
7,6,Toni Braxton,0.09384999999999996,0.9990009990009996,0.0,Safe,Improved
7,6,Lance Bass,0.07812916666666664,0.9990009990009996,27.0,Safe,Improved
7,6,Kim Kardashian,0.09384999999999999,0.9990009990009996,0.0,Safe,Improved
7,6,Rocco DiSpirito,0.09384999999999996,0.9990009990009996,0.0,Safe,Improved
7,6,Brooke Burke,0.07625416666666666,0.9990009990009996,26.0,Safe,Improved
8,2,Gilles Marini,0.0844121915820029,0.9990009990009991,27.0,Safe,Improved
8,2,Denise Richards,0.07761973875181423,0.9990009990009991,21.0,Safe,Improved
8,2,David Alan Grier,0.07309143686502177,0.9990009990009991,17.0,Safe,Improved
8,2,Lawrence Taylor,0.07648766328011611,0.9990009990009991,20.0,Safe,Improved
8,2,Ty Murray,0.07648766328011611,0.9990009990009991,20.0,Safe,Improved
8,2,Shawn Johnson,0.08101596516690857,0.9990009990009991,24.0,Safe,Improved
8,2,Steve Wozniak,0.07309143686502177,0.9990009990009991,17.0,Safe,Improved
8,2,Belinda Carlisle,0.06436219158200292,1.0,18.0,Eliminated,Improved
8,2,Chuck Wicks,0.07648766328011611,0.9990009990009991,20.0,Safe,Improved
8,2,Lil' Kim,0.07988388969521046,0.9990009990009991,23.0,Safe,Improved
8,2,Steve-O,0.07955653120464441,0.9990009990009991,14.0,Safe,Improved
8,2,Holly Madison,0.0742235123367199,0.9990009990009991,18.0,Safe,Improved
8,2,Melissa Rycroft,0.0832801161103048,0.9990009990009991,26.0,Safe,Improved
8,3,Gilles Marini,0.08573591762568142,0.9990009990009989,27.0,Safe,Improved
8,3,Denise Richards,0.03174890975166568,1.0,16.0,Eliminated,Improved
8,3,David Alan Grier,0.08219261053906723,0.9990009990009989,24.0,Safe,Improved
8,3,Lawrence Taylor,0.07746820109024834,0.9990009990009989,20.0,Safe,Improved
8,3,Ty Murray,0.0810115081768625,0.9990009990009989,23.0,Safe,Improved
8,3,Shawn Johnson,0.08573591762568142,0.9990009990009989,27.0,Safe,Improved
8,3,Steve Wozniak,0.0656571774682011,0.9990009990009989,10.0,Safe,Improved
8,3,Belinda Carlisle,0.09484103573591765,0.9990009990009989,0.0,Safe,Improved
8,3,Chuck Wicks,0.0810115081768625,0.9990009990009989,23.0,Safe,Improved
8,3,Lil' Kim,0.08337371290127196,0.9990009990009989,25.0,Safe,Improved
8,3,Steve-O,0.07156268927922471,0.9990009990009989,15.0,Safe,Improved
8,3,Holly Madison,0.07392489400363417,0.9990009990009989,17.0,Safe,Improved
8,3,Melissa Rycroft,0.0857359176256814,0.9990009990009989,27.0,Safe,Improved
8,4,Gilles Marini,0.09103623649190133,0.9990009990009989,30.0,Safe,Improved
8,4,Denise Richards,0.07536709048154107,0.9990009990009989,0.0,Safe,Improved
8,4,David Alan Grier,0.0811188811200005,0.9990009990009989,22.0,Safe,Improved
8,4,Lawrence Taylor,0.07739987285553769,0.9990009990009989,19.0,Safe,Improved
8,4,Ty Murray,0.08483788938446332,0.9990009990009989,25.0,Safe,Improved
8,4,Shawn Johnson,0.08483788938446332,0.9990009990009989,25.0,Safe,Improved
8,4,Steve Wozniak,0.02568031362203691,1.0,12.0,Eliminated,Improved
8,4,Belinda Carlisle,0.07536709048154104,0.9990009990009989,0.0,Safe,Improved
8,4,Chuck Wicks,0.08111888112000049,0.9990009990009989,22.0,Safe,Improved
8,4,Lil' Kim,0.08731722822743852,0.9990009990009989,27.0,Safe,Improved
8,4,Steve-O,0.07244119516958727,0.9990009990009989,15.0,Safe,Improved
8,4,Holly Madison,0.07368086459107488,0.9990009990009989,16.0,Eliminated,Improved
8,4,Melissa Rycroft,0.08979656707041372,0.9990009990009989,29.0,Safe,Improved
8,5,Gilles Marini,0.08042619047619048,0.9990009990009994,29.0,Safe,Improved
8,5,Denise Richards,0.10486190476190477,0.9990009990009994,0.0,Safe,Improved
8,5,David Alan Grier,0.0,1.0,22.0,Eliminated,Improved
8,5,Lawrence Taylor,0.0675690476190476,0.9990009990009994,20.0,Safe,Improved
8,5,Ty Murray,0.06899761904761904,0.9990009990009994,21.0,Safe,Improved
8,5,Shawn Johnson,0.07614047619047619,0.9990009990009994,26.0,Safe,Improved
8,5,Steve Wozniak,0.10486190476190474,0.9990009990009994,0.0,Safe,Improved
8,5,Belinda Carlisle,0.10486190476190477,0.9990009990009994,0.0,Safe,Improved
8,5,Chuck Wicks,0.07185476190476191,0.9990009990009994,23.0,Safe,Improved
8,5,Lil' Kim,0.0761404761904762,0.9990009990009994,26.0,Safe,Improved
8,5,Steve-O,0.06471190476190478,0.9990009990009994,18.0,Safe,Improved
8,5,Holly Madison,0.10486190476190477,0.9990009990009994,0.0,Safe,Improved
8,5,Melissa Rycroft,0.07471190476190478,0.9990009990009994,25.0,Safe,Improved
8,6,Gilles Marini,0.08410675883256527,0.9990009990009991,26.0,Safe,Improved
8,6,Denise Richards,0.0861215053763441,0.9990009990009991,0.0,Safe,Improved
8,6,David Alan Grier,0.08612150537634408,0.9990009990009991,0.0,Safe,Improved
8,6,Lawrence Taylor,0.07765514592933946,0.9990009990009991,22.0,Safe,Improved
8,6,Ty Murray,0.07120353302611365,0.9990009990009991,18.0,Safe,Improved
8,6,Shawn Johnson,0.08410675883256526,0.9990009990009991,26.0,Safe,Improved
8,6,Steve Wozniak,0.08612150537634411,0.9990009990009991,0.0,Safe,Improved
8,6,Belinda Carlisle,0.08612150537634415,0.9990009990009991,0.0,Safe,Improved
8,6,Chuck Wicks,0.07926804915514592,0.9990009990009991,23.0,Safe,Improved
8,6,Lil' Kim,0.08733256528417818,0.9990009990009991,28.0,Safe,Improved
8,6,Steve-O,0.0,1.0,16.0,Eliminated,Improved
8,6,Holly Madison,0.08612150537634411,0.9990009990009991,0.0,Safe,Improved
8,6,Melissa Rycroft,0.08571966205837173,0.9990009990009991,27.0,Safe,Improved
8,7,Gilles Marini,0.05145677655677654,0.9990009990010003,27.0,Safe,Improved
8,7,Denise Richards,0.1154846153846154,0.9990009990010003,0.0,Safe,Improved
8,7,David Alan Grier,0.11548461538461534,0.9990009990010003,0.0,Safe,Improved
8,7,Lawrence Taylor,5.551115123125783e-17,1.0,21.0,Eliminated,Improved
8,7,Ty Murray,0.04651172161172158,0.9990009990010003,24.0,Safe,Improved
8,7,Shawn Johnson,0.053105128205128166,0.9990009990010003,28.0,Safe,Improved
8,7,Steve Wozniak,0.11548461538461532,0.9990009990010003,0.0,Safe,Improved
8,7,Belinda Carlisle,0.11548461538461538,0.9990009990010003,0.0,Safe,Improved
8,7,Chuck Wicks,0.05145677655677655,0.9990009990010003,27.0,Safe,Improved
8,7,Lil' Kim,0.04980842490842488,0.9990009990010003,26.0,Safe,Improved
8,7,Steve-O,0.11548461538461534,0.9990009990010003,0.0,Safe,Improved
8,7,Holly Madison,0.11548461538461535,0.9990009990010003,0.0,Safe,Improved
8,7,Melissa Rycroft,0.054753479853479885,0.9990009990010003,29.0,Safe,Improved
9,1,Ashley Hamiliton,0.057722830369118044,1.0,18.9999,Eliminated,Improved
9,1,Debi Mazar,0.060006221699395866,0.9990009990009989,22.0,Safe,Improved
9,1,Melissa Joan Hart,0.061484060035704585,0.9990009990009989,24.0,Safe,Improved
9,1,Mark Dacascos,0.06517850809264271,0.9990009990009989,28.9998,Safe,Improved
9,1,Chuck Liddell,0.060006221699395866,0.9990009990009989,22.0,Safe,Improved
9,1,Natalie Coughlin,0.063700669756334,0.9990009990009989,26.9998,Safe,Improved
9,1,Louie Vito,0.06370066975633404,0.9990009990009989,26.9998,Safe,Improved
9,1,Michael Irvin,0.05782258406272866,0.9990009990009989,19.0,Safe,Improved
9,1,Joanna Krupa,0.06887317782533135,0.9990009990009989,33.9999,Safe,Improved
9,1,Kathy Ireland,0.05852830947117034,0.9990009990009989,19.9999,Safe,Improved
9,1,Tom DeLay,0.05852830947117034,0.9990009990009989,19.9999,Safe,Improved
9,1,Macy Gray,0.05782283036911805,0.9990009990009989,18.9999,Eliminated,Improved
9,1,Aaron Carter,0.0673953394890226,0.9990009990009989,31.999899999999997,Safe,Improved
9,1,Mya,0.06665642032086824,0.9990009990009989,30.999899999999997,Safe,Improved
9,1,Donny Osmond,0.06591750115271387,0.9990009990009989,29.999899999999997,Safe,Improved
9,1,Kelly Osbourne,0.06665634642895146,0.9990009990009989,30.9998,Safe,Improved
9,2,Ashley Hamiliton,0.07031394557823128,0.9990009990009989,0.0,Safe,Improved
9,2,Debi Mazar,0.06517857142857143,0.9990009990009989,21.0,Safe,Improved
9,2,Melissa Joan Hart,0.06313775510204082,0.9990009990009989,19.0,Safe,Improved
9,2,Mark Dacascos,0.06517857142857143,0.9990009990009989,21.0,Safe,Improved
9,2,Chuck Liddell,0.06313775510204082,0.9990009990009989,19.0,Safe,Improved
9,2,Natalie Coughlin,0.06517857142857143,0.9990009990009989,21.0,Safe,Improved
9,2,Louie Vito,0.06313775510204082,0.9990009990009989,19.0,Safe,Improved
9,2,Michael Irvin,0.06415816326530614,0.9990009990009989,20.0,Safe,Improved
9,2,Joanna Krupa,0.06415816326530614,0.9990009990009989,20.0,Safe,Improved
9,2,Kathy Ireland,0.008989455782312899,1.0,18.0,Eliminated,Improved
9,2,Tom DeLay,0.06211734693877551,0.9990009990009989,18.0,Safe,Improved
9,2,Macy Gray,0.07031394557823131,0.9990009990009989,0.0,Safe,Improved
9,2,Aaron Carter,0.07130102040816327,0.9990009990009989,27.0,Safe,Improved
9,2,Mya,0.07130102040816326,0.9990009990009989,27.0,Safe,Improved
9,2,Donny Osmond,0.06926020408163266,0.9990009990009989,25.0,Safe,Improved
9,2,Kelly Osbourne,0.06313775510204082,0.9990009990009989,19.0,Safe,Improved
9,3,Ashley Hamiliton,0.06599147286821705,0.9990009990009991,0.0,Safe,Improved
9,3,Debi Mazar,0.0,1.0,17.0,Eliminated,Improved
9,3,Melissa Joan Hart,0.06557577521460259,0.9990009990009991,19.0,Safe,Improved
9,3,Mark Dacascos,0.06441298448918932,0.9990009990009991,18.0,Safe,Improved
9,3,Chuck Liddell,0.06325019379151489,0.9990009990009991,17.0,Safe,Improved
9,3,Natalie Coughlin,0.07371531007058467,0.9990009990009991,26.0,Safe,Improved
9,3,Louie Vito,0.06673856588453815,0.9990009990009991,20.0,Safe,Improved
9,3,Michael Irvin,0.059761821698491646,0.9990009990009991,14.0,Safe,Improved
9,3,Joanna Krupa,0.07022693800530026,0.9990009990009991,23.0,Safe,Improved
9,3,Kathy Ireland,0.06599147286821705,0.9990009990009991,0.0,Safe,Improved
9,3,Tom DeLay,0.06092461242390491,0.9990009990009991,15.0,Safe,Improved
9,3,Macy Gray,0.06599147286821712,0.9990009990009991,0.0,Safe,Improved
9,3,Aaron Carter,0.06790135658221257,0.9990009990009991,21.0,Safe,Improved
9,3,Mya,0.07487810076825908,0.9990009990009991,27.0,Safe,Improved
9,3,Donny Osmond,0.06790135658221257,0.9990009990009991,21.0,Safe,Improved
9,3,Kelly Osbourne,0.06673856588453816,0.9990009990009991,20.0,Safe,Improved
9,4,Ashley Hamiliton,0.07034793388429753,0.9990009990009991,0.0,Safe,Improved
9,4,Debi Mazar,0.07034793388429754,0.9990009990009991,0.0,Safe,Improved
9,4,Melissa Joan Hart,0.07164421487603305,0.9990009990009991,28.0,Safe,Improved
9,4,Mark Dacascos,0.06420619834710743,0.9990009990009991,22.0,Safe,Improved
9,4,Chuck Liddell,0.0,1.0,17.0,Eliminated,Improved
9,4,Natalie Coughlin,0.06668553719008265,0.9990009990009991,24.0,Safe,Improved
9,4,Louie Vito,0.05676818181818181,0.9990009990009991,16.0,Safe,Improved
9,4,Michael Irvin,0.05676818181818181,0.9990009990009991,16.0,Safe,Improved
9,4,Joanna Krupa,0.06916487603305785,0.9990009990009991,26.0,Safe,Improved
9,4,Kathy Ireland,0.07034793388429753,0.9990009990009991,0.0,Safe,Improved
9,4,Tom DeLay,0.07034793388429753,0.9990009990009991,0.0,Safe,Improved
9,4,Macy Gray,0.07034793388429751,0.9990009990009991,0.0,Safe,Improved
9,4,Aaron Carter,0.05924752066115702,0.9990009990009991,18.0,Safe,Improved
9,4,Mya,0.07164421487603304,0.9990009990009991,28.0,Safe,Improved
9,4,Donny Osmond,0.06668553719008263,0.9990009990009991,24.0,Safe,Improved
9,4,Kelly Osbourne,0.06544586776859504,0.9990009990009991,23.0,Safe,Improved
9,5,Ashley Hamiliton,0.0910090909090909,0.9990009990009994,0.0,Safe,Improved
9,5,Debi Mazar,0.09100909090909089,0.9990009990009994,0.0,Safe,Improved
9,5,Melissa Joan Hart,0.048647750229568416,0.9990009990009994,23.0,Safe,Improved
9,5,Mark Dacascos,0.052366758494031225,0.9990009990009994,26.0,Safe,Improved
9,5,Chuck Liddell,0.09100909090909093,0.9990009990009994,0.0,Safe,Improved
9,5,Natalie Coughlin,0.0,1.0,22.0,Eliminated,Improved
9,5,Louie Vito,0.0474080808080808,0.9990009990009994,22.0,Safe,Improved
9,5,Michael Irvin,0.04616841138659321,0.9990009990009994,21.0,Safe,Improved
9,5,Joanna Krupa,0.04988741965105603,0.9990009990009994,24.0,Safe,Improved
9,5,Kathy Ireland,0.09100909090909093,0.9990009990009994,0.0,Safe,Improved
9,5,Tom DeLay,0.09100909090909087,0.9990009990009994,0.0,Safe,Improved
9,5,Macy Gray,0.09100909090909093,0.9990009990009994,0.0,Safe,Improved
9,5,Aaron Carter,0.04988741965105602,0.9990009990009994,24.0,Safe,Improved
9,5,Mya,0.05360642791551882,0.9990009990009994,27.0,Safe,Improved
9,5,Donny Osmond,0.05608576675849402,0.9990009990009994,29.0,Safe,Improved
9,5,Kelly Osbourne,0.04988741965105605,0.9990009990009994,24.0,Safe,Improved
9,6,Ashley Hamiliton,0.09240762721870964,0.9990009990010003,0.0,Safe,Improved
9,6,Debi Mazar,0.09240762721870958,0.9990009990010003,0.0,Safe,Improved
9,6,Melissa Joan Hart,5.551115123125783e-17,1.0,23.9999,Eliminated,Improved
9,6,Mark Dacascos,0.04702806693850092,0.9990009990010003,32.0,Safe,Improved
9,6,Chuck Liddell,0.09240762721870967,0.9990009990010003,0.0,Safe,Improved
9,6,Natalie Coughlin,0.09240762721870954,0.9990009990010003,0.0,Safe,Improved
9,6,Louie Vito,0.037797265754958356,0.9990009990010003,24.0,Eliminated,Improved
9,6,Michael Irvin,0.035489334689043125,0.9990009990010003,21.9998,Safe,Improved
9,6,Joanna Krupa,0.051643352145257414,0.9990009990010003,35.9999,Safe,Improved
9,6,Kathy Ireland,0.09240762721870954,0.9990009990010003,0.0,Safe,Improved
9,6,Tom DeLay,0.09240762721870957,0.9990009990010003,0.0,Safe,Improved
9,6,Macy Gray,0.09240762721870963,0.9990009990010003,0.0,Safe,Improved
9,6,Aaron Carter,0.04818168631641417,0.9990009990010003,32.9998,Safe,Improved
9,6,Mya,0.04818191708644374,0.9990009990010003,33.0,Safe,Improved
9,6,Donny Osmond,0.0458741014055433,0.9990009990010003,30.999899999999997,Safe,Improved
9,6,Kelly Osbourne,0.03895088513287162,0.9990009990010003,24.9998,Safe,Improved
10,2,Aiden Turner,0.0895454545447931,0.9990009990009989,19.0,Safe,Improved
10,2,Shannen Doherty,0.0652363636381275,1.0,20.0,Eliminated,Improved
10,2,Niecy Nash,0.09227272727206583,0.9990009990009989,21.0,Safe,Improved
10,2,Buzz Aldrin,0.10170000000176387,0.9990009990009989,12.0,Safe,Improved
10,2,Chad Ochocinco,0.085454545453884,0.9990009990009989,16.0,Safe,Improved
10,2,Evan Lysacek,0.0963636363629749,0.9990009990009989,24.0,Safe,Improved
10,2,Pamela Anderson,0.09363636363570219,0.9990009990009989,22.0,Safe,Improved
10,2,Nicole Scherzinger,0.10181818181752036,0.9990009990009989,28.0,Safe,Improved
10,2,Erin Andrews,0.09499999999933854,0.9990009990009989,23.0,Safe,Improved
10,2,Kate Gosselin,0.08806363636540024,0.9990009990009989,15.0,Safe,Improved
10,2,Jake Pavelka,0.09090909090842945,0.9990009990009989,20.0,Safe,Improved
10,3,Aiden Turner,0.09319301388266905,0.9990009990009989,20.0,Safe,Improved
10,3,Shannen Doherty,0.10531197939991044,0.9990009990009989,0.0,Safe,Improved
10,3,Niecy Nash,0.09467084639498434,0.9990009990009989,21.0,Safe,Improved
10,3,Buzz Aldrin,0.04117257053291534,1.0,13.0,Eliminated,Improved
10,3,Chad Ochocinco,0.09319301388266905,0.9990009990009989,20.0,Safe,Improved
10,3,Evan Lysacek,0.10206000895656069,0.9990009990009989,26.0,Safe,Improved
10,3,Pamela Anderson,0.09467084639498434,0.9990009990009989,21.0,Safe,Improved
10,3,Nicole Scherzinger,0.09762651141961488,0.9990009990009989,23.0,Safe,Improved
10,3,Erin Andrews,0.09762651141961488,0.9990009990009989,23.0,Safe,Improved
10,3,Kate Gosselin,0.08580385132109271,0.9990009990009989,15.0,Safe,Improved
10,3,Jake Pavelka,0.09467084639498434,0.9990009990009989,21.0,Safe,Improved
10,4,Aiden Turner,0.013165384301233408,1.0,16.5,Eliminated,Improved
10,4,Shannen Doherty,0.10221417136322807,0.9990009990010009,0.0,Safe,Improved
10,4,Niecy Nash,0.0927468757657437,0.9990009990010009,18.0,Safe,Improved
10,4,Buzz Aldrin,0.10221417136322783,0.9990009990010009,0.0,Safe,Improved
10,4,Chad Ochocinco,0.09921587846116149,0.9990009990010009,22.0,Safe,Improved
10,4,Evan Lysacek,0.10568488115657927,0.9990009990010009,26.0,Safe,Improved
10,4,Pamela Anderson,0.10164175447194315,0.9990009990010009,23.5,Safe,Improved
10,4,Nicole Scherzinger,0.10406763048272483,0.9990009990010009,25.0,Safe,Improved
10,4,Erin Andrews,0.09517275177652536,0.9990009990010009,19.5,Safe,Improved
10,4,Kate Gosselin,0.0895123744180348,0.9990009990010009,16.0,Safe,Improved
10,4,Jake Pavelka,0.09436412643959817,0.9990009990010009,19.0,Safe,Improved
10,5,Aiden Turner,0.0918405543878087,0.9990009990009989,0.0,Safe,Improved
10,5,Shannen Doherty,0.09184055438780869,0.9990009990009989,0.0,Safe,Improved
10,5,Niecy Nash,0.0948502364687336,0.9990009990009989,18.0,Safe,Improved
10,5,Buzz Aldrin,0.09184055438780869,0.9990009990009989,0.0,Safe,Improved
10,5,Chad Ochocinco,0.0948502364687336,0.9990009990009989,18.0,Safe,Improved
10,5,Evan Lysacek,0.11045717288491858,0.9990009990009989,27.0,Safe,Improved
10,5,Pamela Anderson,0.1000525486074619,0.9990009990009989,21.0,Safe,Improved
10,5,Nicole Scherzinger,0.1139253809774041,0.9990009990009989,29.0,Safe,Improved
10,5,Erin Andrews,0.10178665265370468,0.9990009990009989,22.0,Safe,Improved
10,5,Kate Gosselin,0.005035352075669956,1.0,15.0,Eliminated,Improved
10,5,Jake Pavelka,0.10352075669994748,0.9990009990009989,23.0,Safe,Improved
10,6,Aiden Turner,0.11971714704307623,0.9990009990009996,0.0,Safe,Improved
10,6,Shannen Doherty,0.1197171470430762,0.9990009990009996,0.0,Safe,Improved
10,6,Niecy Nash,0.08015650473470487,0.9990009990009996,25.9998,Safe,Improved
10,6,Buzz Aldrin,0.1197171470430762,0.9990009990009996,0.0,Safe,Improved
10,6,Chad Ochocinco,0.08733370580667019,0.9990009990009996,30.999899999999997,Safe,Improved
10,6,Evan Lysacek,0.08159220332316905,0.9990009990009996,27.0,Safe,Improved
10,6,Pamela Anderson,0.08589815075935664,0.9990009990009996,29.9998,Safe,Improved
10,6,Nicole Scherzinger,0.09451076333748487,0.9990009990009996,35.9999,Safe,Improved
10,6,Erin Andrews,0.09164008386630962,0.9990009990009996,34.0,Safe,Improved
10,6,Kate Gosselin,0.11971714704307618,0.9990009990009996,0.0,Safe,Improved
10,6,Jake Pavelka,2.7755575615628914e-17,1.0,24.999899999999997,Eliminated,Improved
10,7,Aiden Turner,0.16408713826366572,0.9990009990010003,0.0,Safe,Improved
10,7,Shannen Doherty,0.1640871382636655,0.9990009990010003,0.0,Safe,Improved
10,7,Niecy Nash,0.03301897106109332,0.9990009990010003,24.5,Safe,Improved
10,7,Buzz Aldrin,0.16408713826366567,0.9990009990010003,0.0,Safe,Improved
10,7,Chad Ochocinco,0.035912861736334484,0.9990009990010003,26.0,Safe,Improved
10,7,Evan Lysacek,0.037842122186495256,0.9990009990010003,27.0,Safe,Improved
10,7,Pamela Anderson,0.0,1.0,25.5,Eliminated,Improved
10,7,Nicole Scherzinger,0.03784212218649524,0.9990009990010003,27.0,Safe,Improved
10,7,Erin Andrews,0.03494823151125409,0.9990009990010003,25.5,Safe,Improved
10,7,Kate Gosselin,0.16408713826366547,0.9990009990010003,0.0,Safe,Improved
10,7,Jake Pavelka,0.1640871382636655,0.9990009990010003,0.0,Safe,Improved
11,1,David Hasselhoff,0.07809045521292217,1.0,15.0,Eliminated,Improved
11,1,Florence Henderson,0.08212187958883994,0.9990009990009989,18.0,Safe,Improved
11,1,Kyle Massey,0.08872980910425844,0.9990009990009989,23.0,Safe,Improved
11,1,Jennifer Grey,0.09005139500734215,0.9990009990009989,24.0,Safe,Improved
11,1,Rick Fox,0.08740822320117475,0.9990009990009989,22.0,Safe,Improved
11,1,Kurt Warner,0.08344346549192365,0.9990009990009989,19.0,Safe,Improved
11,1,Margaret Cho,0.07819045521292217,0.9990009990009989,15.0,Safe,Improved
11,1,Michael Bolton,0.07947870778267255,0.9990009990009989,16.0,Safe,Improved
11,1,Brandy,0.08872980910425844,0.9990009990009989,23.0,Safe,Improved
11,1,The Situation,0.07819045521292217,0.9990009990009989,15.0,Safe,Improved
11,1,Audrina Patridge,0.08344346549192365,0.9990009990009989,19.0,Safe,Improved
11,1,Bristol Palin,0.08212187958883994,0.9990009990009989,18.0,Safe,Improved
11,2,David Hasselhoff,0.09367745098645545,0.9990009990009991,0.0,Safe,Improved
11,2,Florence Henderson,0.08412518853574058,0.9990009990009991,19.0,Safe,Improved
11,2,Kyle Massey,0.08819758672578583,0.9990009990009991,22.0,Safe,Improved
11,2,Jennifer Grey,0.09091251885248265,0.9990009990009991,24.0,Safe,Improved
11,2,Rick Fox,0.0868401206624374,0.9990009990009991,21.0,Safe,Improved
11,2,Kurt Warner,0.0868401206624374,0.9990009990009991,21.0,Safe,Improved
11,2,Margaret Cho,0.08276772247239217,0.9990009990009991,18.0,Safe,Improved
11,2,Michael Bolton,0.03927880845251881,1.0,12.0,Eliminated,Improved
11,2,Brandy,0.08684012066243742,0.9990009990009991,21.0,Safe,Improved
11,2,The Situation,0.08276772247239217,0.9990009990009991,18.0,Safe,Improved
11,2,Audrina Patridge,0.08955505278913424,0.9990009990009991,23.0,Safe,Improved
11,2,Bristol Palin,0.08819758672578581,0.9990009990009991,22.0,Safe,Improved
11,3,David Hasselhoff,0.09366078431372547,0.9990009990009991,0.0,Safe,Improved
11,3,Florence Henderson,0.08548265460030165,0.9990009990009991,20.0,Safe,Improved
11,3,Kyle Massey,0.0895550527903469,0.9990009990009991,23.0,Safe,Improved
11,3,Jennifer Grey,0.09091251885369532,0.9990009990009991,24.0,Safe,Improved
11,3,Rick Fox,0.09091251885369532,0.9990009990009991,24.0,Safe,Improved
11,3,Kurt Warner,0.0895550527903469,0.9990009990009991,23.0,Safe,Improved
11,3,Margaret Cho,0.012112820512820505,1.0,18.0,Eliminated,Improved
11,3,Michael Bolton,0.09366078431372549,0.9990009990009991,0.0,Safe,Improved
11,3,Brandy,0.09091251885369532,0.9990009990009991,24.0,Safe,Improved
11,3,The Situation,0.08548265460030165,0.9990009990009991,20.0,Safe,Improved
11,3,Audrina Patridge,0.09362745098039216,0.9990009990009991,26.0,Safe,Improved
11,3,Bristol Palin,0.08412518853695325,0.9990009990009991,19.0,Safe,Improved
11,4,David Hasselhoff,0.08377732774674114,0.9990009990009989,0.0,Safe,Improved
11,4,Florence Henderson,0.08766294227188083,0.9990009990009989,17.5,Safe,Improved
11,4,Kyle Massey,0.09185288640595904,0.9990009990009989,20.0,Safe,Improved
11,4,Jennifer Grey,0.10526070763500932,0.9990009990009989,28.0,Safe,Improved
11,4,Rick Fox,0.0910148975791434,0.9990009990009989,19.5,Safe,Improved
11,4,Kurt Warner,0.08682495344506518,0.9990009990009989,17.0,Safe,Improved
11,4,Margaret Cho,0.08377732774674115,0.9990009990009989,0.0,Safe,Improved
11,4,Michael Bolton,0.08377732774674114,0.9990009990009989,0.0,Safe,Improved
11,4,Brandy,0.09855679702048419,0.9990009990009989,24.0,Safe,Improved
11,4,The Situation,0.005465037243947847,1.0,14.0,Eliminated,Improved
11,4,Audrina Patridge,0.0968808193668529,0.9990009990009989,23.0,Safe,Improved
11,4,Bristol Palin,0.0851489757914339,0.9990009990009989,16.0,Safe,Improved
11,5,David Hasselhoff,0.11548461538461535,0.9990009990009998,0.0,Safe,Improved
11,5,Florence Henderson,0.0,1.0,21.0,Eliminated,Improved
11,5,Kyle Massey,0.07192087912087913,0.9990009990009998,20.0,Safe,Improved
11,5,Jennifer Grey,0.08016263736263739,0.9990009990009998,25.0,Safe,Improved
11,5,Rick Fox,0.07851428571428573,0.9990009990009998,24.0,Safe,Improved
11,5,Kurt Warner,0.07851428571428573,0.9990009990009998,24.0,Safe,Improved
11,5,Margaret Cho,0.11548461538461531,0.9990009990009998,0.0,Safe,Improved
11,5,Michael Bolton,0.11548461538461538,0.9990009990009998,0.0,Safe,Improved
11,5,Brandy,0.08345934065934069,0.9990009990009998,27.0,Safe,Improved
11,5,The Situation,0.11548461538461538,0.9990009990009998,0.0,Safe,Improved
11,5,Audrina Patridge,0.07686593406593409,0.9990009990009998,23.0,Safe,Improved
11,5,Bristol Palin,0.06862417582417585,0.9990009990009998,18.0,Safe,Improved
11,6,David Hasselhoff,0.1546889285615941,0.9990009990010003,0.0,Safe,Improved
11,6,Florence Henderson,0.15468892856159414,0.9990009990010003,0.0,Safe,Improved
11,6,Kyle Massey,0.034759702491747535,0.9990009990010003,29.999899999999997,Safe,Improved
11,6,Jennifer Grey,0.03331056715650729,0.9990009990010003,29.0,Safe,Improved
11,6,Rick Fox,0.03475984741977388,0.9990009990010003,30.0,Safe,Improved
11,6,Kurt Warner,0.04840885901546517,0.9990009990010003,21.9999,Safe,Improved
11,6,Margaret Cho,0.15468892856159425,0.9990009990010003,0.0,Safe,Improved
11,6,Michael Bolton,0.15468892856159425,0.9990009990010003,0.0,Safe,Improved
11,6,Brandy,0.04345538407134711,0.9990009990010003,35.9999,Safe,Improved
11,6,The Situation,0.15468892856159416,0.9990009990010003,0.0,Safe,Improved
11,6,Audrina Patridge,0.0,1.0,31.9998,Eliminated,Improved
11,6,Bristol Palin,0.03186099703718814,0.9990009990010003,27.9998,Safe,Improved
12,2,Ralph Macchio,0.09280303030303032,0.9990009990009991,21.0,Safe,Improved
12,2,Chelsea Kane,0.08863636363636364,0.9990009990009991,18.0,Safe,Improved
12,2,Kirstie Alley,0.09141414141414142,0.9990009990009991,20.0,Safe,Improved
12,2,Hines Ward,0.09558080808080809,0.9990009990009991,23.0,Safe,Improved
12,2,Sugar Ray Leonard,0.08728080808080807,0.9990009990009991,17.0,Safe,Improved
12,2,Chris Jericho,0.09558080808080809,0.9990009990009991,23.0,Safe,Improved
12,2,Petra Nemcova,0.08863636363636364,0.9990009990009991,18.0,Safe,Improved
12,2,Mike Catherwood,0.08718080808080808,1.0,17.0,Eliminated,Improved
12,2,Romeo,0.09558080808080809,0.9990009990009991,23.0,Safe,Improved
12,2,Wendy Williams,0.08728080808080807,0.9990009990009991,17.0,Safe,Improved
12,2,Kendra Wilkinson,0.09002525252525254,0.9990009990009991,19.0,Safe,Improved
12,3,Ralph Macchio,0.09307561597281222,0.9990009990009994,21.0,Safe,Improved
12,3,Chelsea Kane,0.09587935429056924,0.9990009990009994,23.0,Safe,Improved
12,3,Kirstie Alley,0.09307561597281223,0.9990009990009994,21.0,Safe,Improved
12,3,Hines Ward,0.09868309260832625,0.9990009990009994,25.0,Safe,Improved
12,3,Sugar Ray Leonard,0.09167374681393374,0.9990009990009994,20.0,Safe,Improved
12,3,Chris Jericho,0.09307561597281223,0.9990009990009994,21.0,Safe,Improved
12,3,Petra Nemcova,0.09868309260832626,0.9990009990009994,25.0,Safe,Improved
12,3,Mike Catherwood,0.10924711129991503,0.9990009990009994,0.0,Safe,Improved
12,3,Romeo,0.09167374681393373,0.9990009990009994,20.0,Safe,Improved
12,3,Wendy Williams,0.03905365335598984,1.0,15.0,Eliminated,Improved
12,3,Kendra Wilkinson,0.09587935429056925,0.9990009990009994,23.0,Safe,Improved
12,4,Ralph Macchio,0.10004413063723812,0.9990009990009991,25.0,Safe,Improved
12,4,Chelsea Kane,0.10150044131684977,0.9990009990009991,26.0,Safe,Improved
12,4,Kirstie Alley,0.09567519859840316,0.9990009990009991,22.0,Safe,Improved
12,4,Hines Ward,0.10004413063723812,0.9990009990009991,25.0,Safe,Improved
12,4,Sugar Ray Leonard,0.00580270665021293,1.0,21.0,Eliminated,Improved
12,4,Chris Jericho,0.09713150927801481,0.9990009990009991,23.0,Safe,Improved
12,4,Petra Nemcova,0.09713150927801481,0.9990009990009991,23.0,Safe,Improved
12,4,Mike Catherwood,0.10784445422302853,0.9990009990009991,0.0,Safe,Improved
12,4,Romeo,0.09713150927801482,0.9990009990009991,23.0,Safe,Improved
12,4,Wendy Williams,0.10784445422302845,0.9990009990009991,0.0,Safe,Improved
12,4,Kendra Wilkinson,0.08984995587995658,0.9990009990009991,18.0,Safe,Improved
12,5,Ralph Macchio,0.09023696612665684,0.9990009990009991,22.0,Safe,Improved
12,5,Chelsea Kane,0.09642253313696612,0.9990009990009991,26.0,Safe,Improved
12,5,Kirstie Alley,0.09178335787923417,0.9990009990009991,23.0,Safe,Improved
12,5,Hines Ward,0.09796892488954344,0.9990009990009991,27.0,Safe,Improved
12,5,Sugar Ray Leonard,0.1135020618556701,0.9990009990009991,0.0,Safe,Improved
12,5,Chris Jericho,0.09642253313696612,0.9990009990009991,26.0,Safe,Improved
12,5,Petra Nemcova,1.3877787807814457e-17,1.0,22.0,Eliminated,Improved
12,5,Mike Catherwood,0.11350206185567012,0.9990009990009991,0.0,Safe,Improved
12,5,Romeo,0.09642253313696611,0.9990009990009991,26.0,Safe,Improved
12,5,Wendy Williams,0.1135020618556701,0.9990009990009991,0.0,Safe,Improved
12,5,Kendra Wilkinson,0.09023696612665683,0.9990009990009991,22.0,Safe,Improved
12,6,Ralph Macchio,0.08122962962962964,0.9990009990009996,24.0,Safe,Improved
12,6,Chelsea Kane,0.08789629629629629,0.9990009990009996,28.0,Safe,Improved
12,6,Kirstie Alley,0.08456296296296295,0.9990009990009996,26.0,Safe,Improved
12,6,Hines Ward,0.08622962962962963,0.9990009990009996,27.0,Safe,Improved
12,6,Sugar Ray Leonard,0.12232222222222218,0.9990009990009996,0.0,Safe,Improved
12,6,Chris Jericho,2.7755575615628914e-17,1.0,22.0,Eliminated,Improved
12,6,Petra Nemcova,0.12232222222222222,0.9990009990009996,0.0,Safe,Improved
12,6,Mike Catherwood,0.12232222222222221,0.9990009990009996,0.0,Safe,Improved
12,6,Romeo,0.08789629629629629,0.9990009990009996,28.0,Safe,Improved
12,6,Wendy Williams,0.1223222222222222,0.9990009990009996,0.0,Safe,Improved
12,6,Kendra Wilkinson,0.08289629629629627,0.9990009990009996,25.0,Safe,Improved
12,7,Ralph Macchio,0.04032440318302394,0.999000999001,33.0,Safe,Improved
12,7,Chelsea Kane,0.03873289124668444,0.999000999001,32.0,Safe,Improved
12,7,Kirstie Alley,0.035549867374005395,0.999000999001,30.0,Safe,Improved
12,7,Hines Ward,0.04032440318302398,0.999000999001,33.0,Safe,Improved
12,7,Sugar Ray Leonard,0.16190371352785152,0.999000999001,0.0,Safe,Improved
12,7,Chris Jericho,0.1619037135278514,0.999000999001,0.0,Safe,Improved
12,7,Petra Nemcova,0.16190371352785143,0.999000999001,0.0,Safe,Improved
12,7,Mike Catherwood,0.1619037135278514,0.999000999001,0.0,Safe,Improved
12,7,Romeo,0.03554986737400537,0.999000999001,30.0,Safe,Improved
12,7,Wendy Williams,0.16190371352785138,0.999000999001,0.0,Safe,Improved
12,7,Kendra Wilkinson,0.0,1.0,30.5,Eliminated,Improved
13,1,Elisabetta Canalis,0.07907066052227342,0.9434782608695651,15.0,Safe,Improved
13,1,David Arquette,0.08321812596006144,0.9434782608695651,18.0,Safe,Improved
13,1,Ricki Lake,0.08598310291858678,0.9434782608695651,20.0,Safe,Improved
13,1,J.R. Martinez,0.08874807987711213,0.9434782608695651,22.0,Safe,Improved
13,1,Metta World Peace (Ron),0.07768817204301075,1.0,14.0,Eliminated,Improved
13,1,Hope Solo,0.08736559139784945,0.9434782608695651,21.0,Safe,Improved
13,1,Chynna Phillips,0.08874807987711213,0.9434782608695651,22.0,Safe,Improved
13,1,Kristin Cavallari,0.08460061443932411,0.9434782608695651,19.0,Safe,Improved
13,1,Carson Kressley,0.08183563748079876,0.9434782608695651,17.0,Safe,Improved
13,1,Chaz Bono,0.08183563748079876,0.9434782608695651,17.0,Safe,Improved
13,1,Nancy Grace,0.08045314900153609,0.9434782608695651,16.0,Safe,Improved
13,1,Rob Kardashian,0.08045314900153609,0.9434782608695651,16.0,Safe,Improved
13,2,Elisabetta Canalis,0.025323692077727944,1.0,21.0,Eliminated,Improved
13,2,David Arquette,0.08254857997010462,0.9990009990009987,18.0,Safe,Improved
13,2,Ricki Lake,0.08927503736920776,0.9990009990009987,23.0,Safe,Improved
13,2,J.R. Martinez,0.08792974588938714,0.9990009990009987,22.0,Safe,Improved
13,2,Metta World Peace (Ron),0.11959409566517192,0.9990009990009987,0.0,Safe,Improved
13,2,Hope Solo,0.08389387144992526,0.9990009990009987,19.0,Safe,Improved
13,2,Chynna Phillips,0.08658445440956651,0.9990009990009987,21.0,Safe,Improved
13,2,Kristin Cavallari,0.08792974588938714,0.9990009990009987,22.0,Safe,Improved
13,2,Carson Kressley,0.08254857997010462,0.9990009990009987,18.0,Safe,Improved
13,2,Chaz Bono,0.08120328849028399,0.9990009990009987,17.0,Safe,Improved
13,2,Nancy Grace,0.08658445440956651,0.9990009990009987,21.0,Safe,Improved
13,2,Rob Kardashian,0.0865844544095665,0.9990009990009987,21.0,Safe,Improved
13,3,Elisabetta Canalis,0.10224852320675108,0.9990009990009991,0.0,Safe,Improved
13,3,David Arquette,0.08871308016877635,0.9990009990009991,24.0,Safe,Improved
13,3,Ricki Lake,0.09251054852320674,0.9990009990009991,27.0,Safe,Improved
13,3,J.R. Martinez,0.0912447257383966,0.9990009990009991,26.0,Safe,Improved
13,3,Metta World Peace (Ron),0.10224852320675107,0.9990009990009991,0.0,Safe,Improved
13,3,Hope Solo,0.08871308016877635,0.9990009990009991,24.0,Safe,Improved
13,3,Chynna Phillips,0.09124472573839662,0.9990009990009991,26.0,Safe,Improved
13,3,Kristin Cavallari,0.0008827004219409545,1.0,24.0,Eliminated,Improved
13,3,Carson Kressley,0.08744725738396622,0.9990009990009991,23.0,Safe,Improved
13,3,Chaz Bono,0.08111814345991561,0.9990009990009991,18.0,Safe,Improved
13,3,Nancy Grace,0.08491561181434597,0.9990009990009991,21.0,Safe,Improved
13,3,Rob Kardashian,0.08871308016877634,0.9990009990009991,24.0,Safe,Improved
13,4,Elisabetta Canalis,0.10057846889952149,0.9990009990009996,0.0,Safe,Improved
13,4,David Arquette,0.08656537081339714,0.9990009990009996,23.0,Safe,Improved
13,4,Ricki Lake,0.09517781100478469,0.9990009990009996,29.0,Safe,Improved
13,4,J.R. Martinez,0.0908715909090909,0.9990009990009996,26.0,Safe,Improved
13,4,Metta World Peace (Ron),0.10057846889952152,0.9990009990009996,0.0,Safe,Improved
13,4,Hope Solo,0.08800077751196173,0.9990009990009996,24.0,Safe,Improved
13,4,Chynna Phillips,1.3877787807814457e-17,1.0,21.0,Eliminated,Improved
13,4,Kristin Cavallari,0.10057846889952153,0.9990009990009996,0.0,Safe,Improved
13,4,Carson Kressley,0.08225915071770336,0.9990009990009996,20.0,Safe,Improved
13,4,Chaz Bono,0.08369455741626797,0.9990009990009996,21.0,Safe,Improved
13,4,Nancy Grace,0.08369455741626795,0.9990009990009996,21.0,Safe,Improved
13,4,Rob Kardashian,0.08800077751196174,0.9990009990009996,24.0,Safe,Improved
13,5,Elisabetta Canalis,0.101163829787234,0.9990009990009994,0.0,Safe,Improved
13,5,David Arquette,0.08641702127659574,0.9990009990009994,25.0,Safe,Improved
13,5,Ricki Lake,0.08482127659574468,0.9990009990009994,24.0,Safe,Improved
13,5,J.R. Martinez,0.09120425531914894,0.9990009990009994,28.0,Safe,Improved
13,5,Metta World Peace (Ron),0.10116382978723401,0.9990009990009994,0.0,Safe,Improved
13,5,Hope Solo,0.08482127659574468,0.9990009990009994,24.0,Safe,Improved
13,5,Chynna Phillips,0.10116382978723401,0.9990009990009994,0.0,Safe,Improved
13,5,Kristin Cavallari,0.101163829787234,0.9990009990009994,0.0,Safe,Improved
13,5,Carson Kressley,0.0,1.0,19.0,Eliminated,Improved
13,5,Chaz Bono,0.0800340425531915,0.9990009990009994,21.0,Safe,Improved
13,5,Nancy Grace,0.08162978723404257,0.9990009990009994,22.0,Safe,Improved
13,5,Rob Kardashian,0.08641702127659576,0.9990009990009994,25.0,Safe,Improved
13,6,Elisabetta Canalis,0.11455783132530126,0.9990009990009996,0.0,Safe,Improved
13,6,David Arquette,0.06849096385542164,0.9990009990009996,23.0,Safe,Improved
13,6,Ricki Lake,0.07933433734939754,0.9990009990009996,29.0,Safe,Improved
13,6,J.R. Martinez,0.07933433734939754,0.9990009990009996,29.0,Safe,Improved
13,6,Metta World Peace (Ron),0.11455783132530123,0.9990009990009996,0.0,Safe,Improved
13,6,Hope Solo,0.0630692771084337,0.9990009990009996,20.0,Safe,Improved
13,6,Chynna Phillips,0.11455783132530123,0.9990009990009996,0.0,Safe,Improved
13,6,Kristin Cavallari,0.1145578313253012,0.9990009990009996,0.0,Safe,Improved
13,6,Carson Kressley,0.1145578313253012,0.9990009990009996,0.0,Safe,Improved
13,6,Chaz Bono,5.551115123125783e-17,1.0,19.0,Eliminated,Improved
13,6,Nancy Grace,0.0702981927710843,0.9990009990009996,24.0,Safe,Improved
13,6,Rob Kardashian,0.06668373493975902,0.9990009990009996,22.0,Safe,Improved
13,7,Elisabetta Canalis,0.1605095563139934,0.9990009990010011,0.0,Safe,Improved
13,7,David Arquette,1.1102230246251565e-16,1.0,23.5,Eliminated,Improved
13,7,Ricki Lake,0.00921066552901001,0.9990009990010011,26.5,Safe,Improved
13,7,J.R. Martinez,0.004091211604095368,0.9990009990010011,24.0,Safe,Improved
13,7,Metta World Peace (Ron),0.16050955631399336,0.9990009990010011,0.0,Safe,Improved
13,7,Hope Solo,0.006138993174061247,0.9990009990010011,25.0,Safe,Improved
13,7,Chynna Phillips,0.16050955631399308,0.9990009990010011,0.0,Safe,Improved
13,7,Kristin Cavallari,0.16050955631399325,0.9990009990010011,0.0,Safe,Improved
13,7,Carson Kressley,0.16050955631399313,0.9990009990010011,0.0,Safe,Improved
13,7,Chaz Bono,0.16050955631399327,0.9990009990010011,0.0,Safe,Improved
13,7,Nancy Grace,0.010338907849829382,0.9990009990010011,22.0,Safe,Improved
13,7,Rob Kardashian,0.007162883959044242,0.9990009990010011,25.5,Safe,Improved
14,2,William Levy,0.08621437422552664,0.911864406779661,25.0,Safe,Improved
14,2,Jack Wagner,0.08175340768277571,0.911864406779661,21.0,Safe,Improved
14,2,Sherri Sheperd,0.08398389095415117,0.911864406779661,23.0,Safe,Improved
14,2,Jaleel White,0.08286864931846344,0.911864406779661,22.0,Safe,Improved
14,2,Roshon Fegan,0.08732961586121438,0.911864406779661,26.0,Safe,Improved
14,2,Melissa Gilbert,0.08063816604708797,0.911864406779661,20.0,Safe,Improved
14,2,Martina Navratilova,0.07729244114002477,1.0,17.0,Eliminated,Improved
14,2,Donald Driver,0.0850991325898389,0.911864406779661,24.0,Safe,Improved
14,2,Gavin DeGraw,0.08175340768277571,0.911864406779661,21.0,Safe,Improved
14,2,Gladys Knight,0.07952292441140024,0.911864406779661,19.0,Safe,Improved
14,2,Katherine Jenkins,0.08732961586121438,0.911864406779661,26.0,Safe,Improved
14,2,Maria Menounos,0.08621437422552664,0.911864406779661,25.0,Safe,Improved
14,3,William Levy,0.08833333332848269,0.9990009990009989,28.0,Safe,Improved
14,3,Jack Wagner,0.028283333357586527,1.0,24.0,Eliminated,Improved
14,3,Sherri Sheperd,0.0840476190427684,0.9990009990009989,24.0,Safe,Improved
14,3,Jaleel White,0.08511904761419697,0.9990009990009989,25.0,Safe,Improved
14,3,Roshon Fegan,0.08511904761419697,0.9990009990009989,25.0,Safe,Improved
14,3,Melissa Gilbert,0.0840476190427684,0.9990009990009989,24.0,Safe,Improved
14,3,Martina Navratilova,0.11409761907187226,0.9990009990009989,0.0,Safe,Improved
14,3,Donald Driver,0.08619047618562554,0.9990009990009989,26.0,Safe,Improved
14,3,Gavin DeGraw,0.08404761904276842,0.9990009990009989,24.0,Safe,Improved
14,3,Gladys Knight,0.0840476190427684,0.9990009990009989,24.0,Safe,Improved
14,3,Katherine Jenkins,0.08940476189991127,0.9990009990009989,29.0,Safe,Improved
14,3,Maria Menounos,0.08726190475705413,0.9990009990009989,27.0,Safe,Improved
14,4,William Levy,0.08665951359084406,0.9990009990009989,22.0,Safe,Improved
14,4,Jack Wagner,0.09742246065808297,0.9990009990009989,0.0,Safe,Improved
14,4,Sherri Sheperd,0.007193705293276086,1.0,21.0,Eliminated,Improved
14,4,Jaleel White,0.08665951359084406,0.9990009990009989,22.0,Safe,Improved
14,4,Roshon Fegan,0.09180972818311874,0.9990009990009989,26.0,Safe,Improved
14,4,Melissa Gilbert,0.08665951359084406,0.9990009990009989,22.0,Safe,Improved
14,4,Martina Navratilova,0.09742246065808295,0.9990009990009989,0.0,Safe,Improved
14,4,Donald Driver,0.0930972818311874,0.9990009990009989,27.0,Safe,Improved
14,4,Gavin DeGraw,0.08794706723891273,0.9990009990009989,23.0,Safe,Improved
14,4,Gladys Knight,0.08408440629470672,0.9990009990009989,20.0,Safe,Improved
14,4,Katherine Jenkins,0.08923462088698139,0.9990009990009989,24.0,Safe,Improved
14,4,Maria Menounos,0.09180972818311875,0.9990009990009989,26.0,Safe,Improved
14,5,William Levy,0.09717261904761904,0.9990009990009994,29.0,Safe,Improved
14,5,Jack Wagner,0.08592529761904759,0.9990009990009994,0.0,Safe,Improved
14,5,Sherri Sheperd,0.0859252976190476,0.9990009990009994,0.0,Safe,Improved
14,5,Jaleel White,0.09047619047619046,0.9990009990009994,24.0,Safe,Improved
14,5,Roshon Fegan,0.09315476190476192,0.9990009990009994,26.0,Safe,Improved
14,5,Melissa Gilbert,0.08645833333333333,0.9990009990009994,21.0,Safe,Improved
14,5,Martina Navratilova,0.08592529761904762,0.9990009990009994,0.0,Safe,Improved
14,5,Donald Driver,0.09449404761904762,0.9990009990009994,27.0,Safe,Improved
14,5,Gavin DeGraw,0.0010038690476190382,1.0,19.0,Eliminated,Improved
14,5,Gladys Knight,0.08779761904761904,0.9990009990009994,22.0,Safe,Improved
14,5,Katherine Jenkins,0.09717261904761904,0.9990009990009994,29.0,Safe,Improved
14,5,Maria Menounos,0.09449404761904763,0.9990009990009994,27.0,Safe,Improved
14,6,William Levy,0.09263386721259649,0.9990009990009991,36.0,Safe,Improved
14,6,Jack Wagner,0.09312350820331686,0.9990009990009991,0.0,Safe,Improved
14,6,Sherri Sheperd,0.0931235082033169,0.9990009990009991,0.0,Safe,Improved
14,6,Jaleel White,0.09379642850636745,0.9990009990009991,36.9998,Safe,Improved
14,6,Roshon Fegan,0.08333128383349431,0.9990009990009991,27.9998,Safe,Improved
14,6,Melissa Gilbert,0.08565710409734772,0.9990009990009991,30.0,Safe,Improved
14,6,Martina Navratilova,0.09312350820331688,0.9990009990009991,0.0,Safe,Improved
14,6,Donald Driver,0.09030816322812832,0.9990009990009991,33.9999,Safe,Improved
14,6,Gavin DeGraw,0.09312350820331688,0.9990009990009991,0.0,Safe,Improved
14,6,Gladys Knight,1.3877787807814457e-17,1.0,24.0,Eliminated,Improved
14,6,Katherine Jenkins,0.09612213249083562,0.9990009990009991,38.9999,Safe,Improved
14,6,Maria Menounos,0.0856569878179625,0.9990009990009991,29.999899999999997,Safe,Improved
14,7,William Levy,0.05105199818346959,0.999000999001,26.5,Safe,Improved
14,7,Jack Wagner,0.13906457765667576,0.999000999001,0.0,Safe,Improved
14,7,Sherri Sheperd,0.13906457765667565,0.999000999001,0.0,Safe,Improved
14,7,Jaleel White,0.0,1.0,25.5,Eliminated,Improved
14,7,Roshon Fegan,0.05023455949137152,0.999000999001,26.0,Safe,Improved
14,7,Melissa Gilbert,0.04614736603088104,0.999000999001,23.5,Safe,Improved
14,7,Martina Navratilova,0.1390645776566757,0.999000999001,0.0,Safe,Improved
14,7,Donald Driver,0.05105199818346959,0.999000999001,26.5,Safe,Improved
14,7,Gavin DeGraw,0.13906457765667574,0.999000999001,0.0,Safe,Improved
14,7,Gladys Knight,0.13906457765667574,0.999000999001,0.0,Safe,Improved
14,7,Katherine Jenkins,0.051869436875567686,0.999000999001,27.0,Safe,Improved
14,7,Maria Menounos,0.05432175295186198,0.999000999001,28.5,Safe,Improved
15,1,Gilles Marini,0.07988593684796216,0.9140495867768595,24.0,Safe,Improved
15,1,Sabrina Bryan,0.07825845041034915,0.9140495867768595,22.5,Safe,Improved
15,1,Kirstie Alley,0.07446098205591876,0.9140495867768595,19.0,Safe,Improved
15,1,Kelly Monaco,0.07717345945194047,0.9140495867768595,21.5,Safe,Improved
15,1,Apolo Anton Ohno,0.0777159549311448,0.9140495867768595,22.0,Safe,Improved
15,1,Emmitt Smith,0.08042843232716651,0.9140495867768595,24.5,Safe,Improved
15,1,Shawn Johnson,0.0777159549311448,0.9140495867768595,22.0,Safe,Improved
15,1,Pamela Anderson,0.0722910001391014,1.0,17.0,Eliminated,Improved
15,1,Helio Castroneves,0.07717345945194047,0.9140495867768595,21.5,Safe,Improved
15,1,Joey Fatone,0.07608846849353179,0.9140495867768595,20.5,Safe,Improved
15,1,Drew Lachey,0.07717345945194047,0.9140495867768595,21.5,Safe,Improved
15,1,Bristol Palin,0.07500347753512311,0.9140495867768595,19.5,Safe,Improved
15,1,Melissa Rycroft,0.07663096397273612,0.9140495867768595,21.0,Safe,Improved
15,2,Gilles Marini,0.08156354515050168,0.9990009990009991,25.5,Safe,Improved
15,2,Sabrina Bryan,0.08210702341137124,0.9990009990009991,26.0,Safe,Improved
15,2,Kirstie Alley,0.07667224080267561,0.9990009990009991,21.0,Safe,Improved
15,2,Kelly Monaco,0.07775919732441473,0.9990009990009991,22.0,Safe,Improved
15,2,Apolo Anton Ohno,0.08047658862876256,0.9990009990009991,24.5,Safe,Improved
15,2,Emmitt Smith,0.0783026755852843,0.9990009990009991,22.5,Safe,Improved
15,2,Shawn Johnson,0.08102006688963212,0.9990009990009991,25.0,Safe,Improved
15,2,Pamela Anderson,0.10688528428093648,0.9990009990009991,0.0,Safe,Improved
15,2,Helio Castroneves,0.07884615384615384,0.9990009990009991,23.0,Safe,Improved
15,2,Joey Fatone,0.025263545150501703,1.0,22.5,Eliminated,Improved
15,2,Drew Lachey,0.07830267558528428,0.9990009990009991,22.5,Safe,Improved
15,2,Bristol Palin,0.0734113712374582,0.9990009990009991,18.0,Safe,Improved
15,2,Melissa Rycroft,0.07938963210702343,0.9990009990009991,23.5,Safe,Improved
15,3,Gilles Marini,0.08136413947109718,0.9990009990009991,25.5,Safe,Improved
15,3,Sabrina Bryan,0.08136413947109718,0.9990009990009991,25.5,Safe,Improved
15,3,Kirstie Alley,0.07974543443512595,0.9990009990009991,24.0,Safe,Improved
15,3,Kelly Monaco,0.0829828445070684,0.9990009990009991,27.0,Safe,Improved
15,3,Apolo Anton Ohno,0.08136413947109718,0.9990009990009991,25.5,Safe,Improved
15,3,Emmitt Smith,0.08082457112577343,0.9990009990009991,25.0,Safe,Improved
15,3,Shawn Johnson,0.08244327616174466,0.9990009990009991,26.5,Safe,Improved
15,3,Pamela Anderson,0.09362768857356102,0.9990009990009991,0.0,Safe,Improved
15,3,Helio Castroneves,0.0018010698685250598,1.0,25.5,Eliminated,Improved
15,3,Joey Fatone,0.09362768857356102,0.9990009990009991,0.0,Safe,Improved
15,3,Drew Lachey,0.07974543443512595,0.9990009990009991,24.0,Eliminated,Improved
15,3,Bristol Palin,0.07812672939915473,0.9990009990009991,22.5,Safe,Improved
15,3,Melissa Rycroft,0.08298284450706839,0.9990009990009991,27.0,Safe,Improved
15,4,Gilles Marini,0.07827426127527218,0.999000999001,39.5,Safe,Improved
15,4,Sabrina Bryan,0.07454175738724728,0.999000999001,35.5,Safe,Improved
15,4,Kirstie Alley,0.06940956454121308,0.999000999001,30.0,Safe,Improved
15,4,Kelly Monaco,0.07640800933125971,0.999000999001,37.5,Safe,Improved
15,4,Apolo Anton Ohno,0.07360863141524106,0.999000999001,34.5,Safe,Improved
15,4,Emmitt Smith,0.07500832037325039,0.999000999001,36.0,Safe,Improved
15,4,Shawn Johnson,0.07827426127527218,0.999000999001,39.5,Safe,Improved
15,4,Pamela Anderson,0.09963343701399688,0.999000999001,0.0,Safe,Improved
15,4,Helio Castroneves,0.09963343701399685,0.999000999001,0.0,Safe,Improved
15,4,Joey Fatone,0.09963343701399685,0.999000999001,0.0,Safe,Improved
15,4,Drew Lachey,0.09963343701399682,0.999000999001,0.0,Safe,Improved
15,4,Bristol Palin,4.163336342344337e-17,1.0,32.0,Eliminated,Improved
15,4,Melissa Rycroft,0.07594144634525665,0.999000999001,37.0,Safe,Improved
15,6,Gilles Marini,0.047305309734513225,0.9990009990010005,27.5,Safe,Improved
15,6,Sabrina Bryan,8.326672684688674e-17,1.0,30.0,Eliminated,Improved
15,6,Kirstie Alley,0.04730530973451323,0.9990009990010005,27.5,Safe,Improved
15,6,Kelly Monaco,0.046641592920353886,0.9990009990010005,27.0,Safe,Improved
15,6,Apolo Anton Ohno,0.0506238938053097,0.9990009990010005,30.0,Safe,Improved
15,6,Emmitt Smith,0.04597787610619462,0.9990009990010005,26.5,Safe,Improved
15,6,Shawn Johnson,0.047969026548672536,0.9990009990010005,28.0,Safe,Improved
15,6,Pamela Anderson,0.13284336283185835,0.9990009990010005,0.0,Safe,Improved
15,6,Helio Castroneves,0.13284336283185838,0.9990009990010005,0.0,Safe,Improved
15,6,Joey Fatone,0.13284336283185846,0.9990009990010005,0.0,Safe,Improved
15,6,Drew Lachey,0.13284336283185844,0.9990009990010005,0.0,Safe,Improved
15,6,Bristol Palin,0.13284336283185838,0.9990009990010005,0.0,Safe,Improved
15,6,Melissa Rycroft,0.049960176991150455,0.9990009990010005,29.5,Safe,Improved
15,8,Gilles Marini,0.0,1.0,29.2777,Eliminated,Improved
15,8,Sabrina Bryan,0.14701931950135827,0.9990009990010003,0.0,Safe,Improved
15,8,Kirstie Alley,0.019056991610689397,0.9990009990010003,25.5,Eliminated,Improved
15,8,Kelly Monaco,0.01891237623533827,0.9990009990010003,28.3333,Safe,Improved
15,8,Apolo Anton Ohno,0.02033411297016123,0.9990009990010003,29.2777,Safe,Improved
15,8,Emmitt Smith,0.01999945384674831,0.9990009990010003,29.0554,Safe,Improved
15,8,Shawn Johnson,0.018159656659510873,0.9990009990010003,27.8333,Safe,Improved
15,8,Pamela Anderson,0.1470193195013583,0.9990009990010003,0.0,Safe,Improved
15,8,Helio Castroneves,0.14701931950135833,0.9990009990010003,0.0,Safe,Improved
15,8,Joey Fatone,0.14701931950135827,0.9990009990010003,0.0,Safe,Improved
15,8,Drew Lachey,0.14701931950135838,0.9990009990010003,0.0,Safe,Improved
15,8,Bristol Palin,0.14701931950135838,0.9990009990010003,0.0,Safe,Improved
15,8,Melissa Rycroft,0.021421491669401715,0.9990009990010003,30.0,Safe,Improved
16,3,Ingo Rademacher,0.08514188960321634,0.9990009990009991,21.0,Safe,Improved
16,3,Zendaya,0.09152462387170021,0.9990009990009991,25.9998,Safe,Improved
16,3,Dorothy Hamill,0.09987276565577136,0.9990009990009991,0.0,Safe,Improved
16,3,Victor Ortiz,0.08769508543844329,0.9990009990009991,23.0,Safe,Improved
16,3,Alexandra Raisman,0.08769508543844329,0.9990009990009991,23.0,Safe,Improved
16,3,Jacoby Jones,0.09152462387170021,0.9990009990009991,25.9998,Safe,Improved
16,3,D. L. Hughley,0.07875890001514896,0.9990009990009991,16.0,Safe,Improved
16,3,Andy Dick,0.08131209585037591,0.9990009990009991,18.0,Safe,Improved
16,3,Wynonna Judd,0.03594286977509752,1.0,15.0,Eliminated,Improved
16,3,Kellie Pickler,0.09024828127367024,0.9990009990009991,25.0,Safe,Improved
16,3,Lisa Vanderpump,0.08514188960321634,0.9990009990009991,21.0,Safe,Improved
16,3,Sean Lowe,0.08514188960321634,0.9990009990009991,21.0,Safe,Improved
16,4,Ingo Rademacher,0.08913690476190474,0.9990009990009989,23.0,Safe,Improved
16,4,Zendaya,0.0931547619047619,0.9990009990009989,26.0,Safe,Improved
16,4,Dorothy Hamill,0.09318809523809526,0.9990009990009989,0.0,Safe,Improved
16,4,Victor Ortiz,0.08244047619047619,0.9990009990009989,18.0,Safe,Improved
16,4,Alexandra Raisman,0.0944940476190476,0.9990009990009989,27.0,Safe,Improved
16,4,Jacoby Jones,0.09047619047619046,0.9990009990009989,24.0,Safe,Improved
16,4,D. L. Hughley,0.08645833333333332,0.9990009990009989,21.0,Safe,Improved
16,4,Andy Dick,0.08645833333333333,0.9990009990009989,21.0,Safe,Improved
16,4,Wynonna Judd,0.09318809523809526,0.9990009990009989,0.0,Safe,Improved
16,4,Kellie Pickler,0.0931547619047619,0.9990009990009989,26.0,Safe,Improved
16,4,Lisa Vanderpump,0.012730952380952398,1.0,18.0,Eliminated,Improved
16,4,Sean Lowe,0.0851190476190476,0.9990009990009989,20.0,Safe,Improved
16,5,Ingo Rademacher,0.08847687400804045,0.9990009990009996,21.0,Safe,Improved
16,5,Zendaya,0.09996012759655719,0.9990009990009996,29.0,Safe,Improved
16,5,Dorothy Hamill,0.08634876394564163,0.9990009990009996,0.0,Safe,Improved
16,5,Victor Ortiz,0.08847687400804045,0.9990009990009996,21.0,Safe,Improved
16,5,Alexandra Raisman,0.09421850080229882,0.9990009990009996,25.0,Safe,Improved
16,5,Jacoby Jones,0.09565390750086339,0.9990009990009996,26.0,Safe,Improved
16,5,D. L. Hughley,0.0001243620317660718,1.0,18.0,Eliminated,Improved
16,5,Andy Dick,0.08417065391234665,0.9990009990009996,18.0,Safe,Improved
16,5,Wynonna Judd,0.08634876394564164,0.9990009990009996,0.0,Safe,Improved
16,5,Kellie Pickler,0.097089314199428,0.9990009990009996,27.0,Safe,Improved
16,5,Lisa Vanderpump,0.08634876394564164,0.9990009990009996,0.0,Safe,Improved
16,5,Sean Lowe,0.0927830941037342,0.9990009990009996,24.0,Safe,Improved
16,6,Ingo Rademacher,0.08046578249336866,0.9990009990009989,23.0,Safe,Improved
16,6,Zendaya,0.08444456233421749,0.9990009990009989,25.5,Safe,Improved
16,6,Dorothy Hamill,0.10620079575596819,0.9990009990009989,0.0,Safe,Improved
16,6,Victor Ortiz,0.0,1.0,20.0,Eliminated,Improved
16,6,Alexandra Raisman,0.08524031830238724,0.9990009990009989,26.0,Safe,Improved
16,6,Jacoby Jones,0.07967002652519892,0.9990009990009989,22.5,Safe,Improved
16,6,D. L. Hughley,0.10620079575596819,0.9990009990009989,0.0,Safe,Improved
16,6,Andy Dick,0.0780785145888594,0.9990009990009989,21.5,Safe,Improved
16,6,Wynonna Judd,0.10620079575596819,0.9990009990009989,0.0,Safe,Improved
16,6,Kellie Pickler,0.08683183023872676,0.9990009990009989,27.0,Safe,Improved
16,6,Lisa Vanderpump,0.10620079575596818,0.9990009990009989,0.0,Safe,Improved
16,6,Sean Lowe,0.08046578249336866,0.9990009990009989,23.0,Safe,Improved
16,7,Ingo Rademacher,0.08497101449275357,0.9990009990009989,25.0,Safe,Improved
16,7,Zendaya,0.09312318840579707,0.9990009990009989,30.0,Safe,Improved
16,7,Dorothy Hamill,0.09249130434782613,0.9990009990009989,0.0,Safe,Improved
16,7,Victor Ortiz,0.09249130434782611,0.9990009990009989,0.0,Safe,Improved
16,7,Alexandra Raisman,0.09638405797101446,0.9990009990009989,32.0,Safe,Improved
16,7,Jacoby Jones,0.08823188405797099,0.9990009990009989,27.0,Safe,Improved
16,7,D. L. Hughley,0.09249130434782613,0.9990009990009989,0.0,Safe,Improved
16,7,Andy Dick,0.0,1.0,17.0,Eliminated,Improved
16,7,Wynonna Judd,0.0924913043478261,0.9990009990009989,0.0,Safe,Improved
16,7,Kellie Pickler,0.09149275362318837,0.9990009990009989,29.0,Safe,Improved
16,7,Lisa Vanderpump,0.09249130434782611,0.9990009990009989,0.0,Safe,Improved
16,7,Sean Lowe,0.08334057971014489,0.9990009990009989,24.0,Safe,Improved
16,8,Ingo Rademacher,0.03222726688102892,0.999000999001,24.0,Safe,Improved
16,8,Zendaya,0.041873569131832794,0.999000999001,29.0,Safe,Improved
16,8,Dorothy Hamill,0.1351482315112541,0.999000999001,0.0,Safe,Improved
16,8,Victor Ortiz,0.1351482315112541,0.999000999001,0.0,Safe,Improved
16,8,Alexandra Raisman,0.039944308681672036,0.999000999001,28.0,Safe,Improved
16,8,Jacoby Jones,0.03608578778135049,0.999000999001,26.0,Safe,Improved
16,8,D. L. Hughley,0.13514823151125402,0.999000999001,0.0,Safe,Improved
16,8,Andy Dick,0.13514823151125394,0.999000999001,0.0,Safe,Improved
16,8,Wynonna Judd,0.13514823151125396,0.999000999001,0.0,Safe,Improved
16,8,Kellie Pickler,0.03897967845659167,0.999000999001,27.5,Safe,Improved
16,8,Lisa Vanderpump,0.13514823151125402,0.999000999001,0.0,Safe,Improved
16,8,Sean Lowe,0.0,1.0,21.0,Eliminated,Improved
17,2,Valerie Harper,0.07976190476190476,0.9990009990009991,19.0,Safe,Improved
17,2,Brant Daugherty,0.08427318295739347,0.9990009990009991,23.0,Safe,Improved
17,2,Elizabeth Berkley Lauren,0.08652882205513784,0.9990009990009991,25.0,Safe,Improved
17,2,Leah Remini,0.08540100250626566,0.9990009990009991,24.0,Safe,Improved
17,2,Corbin Bleu,0.08765664160401002,0.9990009990009991,26.0,Safe,Improved
17,2,Amber Riley,0.08540100250626566,0.9990009990009991,24.0,Safe,Improved
17,2,Keyshawn Johnson,0.07614047619047619,1.0,18.0,Eliminated,Improved
17,2,Bill Engvall,0.08201754385964911,0.9990009990009991,21.0,Safe,Improved
17,2,Christina Milian,0.08652882205513784,0.9990009990009991,25.0,Safe,Improved
17,2,"Nicole ""Snooki"" Polizzi",0.08088972431077693,0.9990009990009991,20.0,Safe,Improved
17,2,Jack Osbourne,0.08540100250626566,0.9990009990009991,24.0,Safe,Improved
17,2,Bill Nye,0.07999987468671678,0.9990009990009991,17.0,Safe,Improved
17,3,Valerie Harper,0.07715686274388538,0.9990009990009989,16.0,Safe,Improved
17,3,Brant Daugherty,0.09009803921447361,0.9990009990009989,27.0,Safe,Improved
17,3,Elizabeth Berkley Lauren,0.08774509803800302,0.9990009990009989,25.0,Safe,Improved
17,3,Leah Remini,0.08656862744976772,0.9990009990009989,24.0,Safe,Improved
17,3,Corbin Bleu,0.08892156862623832,0.9990009990009989,26.0,Safe,Improved
17,3,Amber Riley,0.08656862744976773,0.9990009990009989,24.0,Safe,Improved
17,3,Keyshawn Johnson,0.09916764706488683,0.9990009990009989,0.0,Safe,Improved
17,3,Bill Engvall,0.08656862744976772,0.9990009990009989,24.0,Safe,Improved
17,3,Christina Milian,0.0889215686262383,0.9990009990009989,26.0,Safe,Improved
17,3,"Nicole ""Snooki"" Polizzi",0.08774509803800301,0.9990009990009989,25.0,Safe,Improved
17,3,Jack Osbourne,0.08421568627329713,0.9990009990009989,22.0,Safe,Improved
17,3,Bill Nye,0.03632254902567114,1.0,16.0,Eliminated,Improved
17,4,Valerie Harper,0.015228691983122378,1.0,18.0,Eliminated,Improved
17,4,Brant Daugherty,0.084915611814346,0.9990009990009996,21.0,Safe,Improved
17,4,Elizabeth Berkley Lauren,0.09251054852320675,0.9990009990009996,27.0,Safe,Improved
17,4,Leah Remini,0.08871308016877638,0.9990009990009996,24.0,Safe,Improved
17,4,Corbin Bleu,0.09251054852320675,0.9990009990009996,27.0,Safe,Improved
17,4,Amber Riley,0.09251054852320675,0.9990009990009996,27.0,Safe,Improved
17,4,Keyshawn Johnson,0.09127805907172998,0.9990009990009996,0.0,Safe,Improved
17,4,Bill Engvall,0.084915611814346,0.9990009990009996,21.0,Safe,Improved
17,4,Christina Milian,0.08871308016877638,0.9990009990009996,24.0,Safe,Improved
17,4,"Nicole ""Snooki"" Polizzi",0.08871308016877638,0.9990009990009996,24.0,Safe,Improved
17,4,Jack Osbourne,0.08871308016877638,0.9990009990009996,24.0,Safe,Improved
17,4,Bill Nye,0.09127805907172992,0.9990009990009996,0.0,Safe,Improved
17,5,Valerie Harper,0.11924893617021279,0.9990009990010003,0.0,Safe,Improved
17,5,Brant Daugherty,0.08171781914893615,0.9990009990010003,27.0,Safe,Improved
17,5,Elizabeth Berkley Lauren,0.0804412234042553,0.9990009990010003,26.0,Safe,Improved
17,5,Leah Remini,0.0753348404255319,0.9990009990010003,22.0,Safe,Improved
17,5,Corbin Bleu,0.082994414893617,0.9990009990010003,28.0,Safe,Improved
17,5,Amber Riley,0.0804412234042553,0.9990009990010003,26.0,Safe,Improved
17,5,Keyshawn Johnson,0.11924893617021276,0.9990009990010003,0.0,Safe,Improved
17,5,Bill Engvall,0.0778880319148936,0.9990009990010003,24.0,Safe,Improved
17,5,Christina Milian,5.551115123125783e-17,1.0,28.0,Eliminated,Improved
17,5,"Nicole ""Snooki"" Polizzi",0.08171781914893617,0.9990009990010003,27.0,Safe,Improved
17,5,Jack Osbourne,0.08171781914893617,0.9990009990010003,27.0,Safe,Improved
17,5,Bill Nye,0.1192489361702127,0.9990009990010003,0.0,Safe,Improved
17,7,Valerie Harper,0.12199616252821671,0.9990009990009994,0.0,Safe,Improved
17,7,Brant Daugherty,0.07411247984521122,0.9990009990009994,28.5,Safe,Improved
17,7,Elizabeth Berkley Lauren,0.0720808771364076,0.9990009990009994,27.0,Safe,Improved
17,7,Leah Remini,0.07140367623347307,0.9990009990009994,26.5,Safe,Improved
17,7,Corbin Bleu,0.07546688165108027,0.9990009990009994,29.5,Safe,Improved
17,7,Amber Riley,0.07546688165108029,0.9990009990009994,29.5,Safe,Improved
17,7,Keyshawn Johnson,0.12199616252821668,0.9990009990009994,0.0,Safe,Improved
17,7,Bill Engvall,0.06937207352466945,0.9990009990009994,25.0,Safe,Improved
17,7,Christina Milian,0.12199616252821677,0.9990009990009994,0.0,Safe,Improved
17,7,"Nicole ""Snooki"" Polizzi",0.0,1.0,27.0,Eliminated,Improved
17,7,Jack Osbourne,0.07411247984521122,0.9990009990009994,28.5,Safe,Improved
17,7,Bill Nye,0.12199616252821671,0.9990009990009994,0.0,Safe,Improved
17,8,Valerie Harper,0.14072500000000013,0.9990009990010025,0.0,Safe,Improved
17,8,Brant Daugherty,5.551115123125783e-17,1.0,27.0,Eliminated,Improved
17,8,Elizabeth Berkley Lauren,0.045489583333333306,0.9990009990010025,25.0,Safe,Improved
17,8,Leah Remini,0.050177083333333344,0.9990009990010025,28.0,Safe,Improved
17,8,Corbin Bleu,0.05330208333333333,0.9990009990010025,30.0,Safe,Improved
17,8,Amber Riley,0.05017708333333336,0.9990009990010025,28.0,Safe,Improved
17,8,Keyshawn Johnson,0.140725,0.9990009990010025,0.0,Safe,Improved
17,8,Bill Engvall,0.04392708333333335,0.9990009990010025,24.0,Safe,Improved
17,8,Christina Milian,0.14072499999999988,0.9990009990010025,0.0,Safe,Improved
17,8,"Nicole ""Snooki"" Polizzi",0.1407249999999997,0.9990009990010025,0.0,Safe,Improved
17,8,Jack Osbourne,0.05330208333333333,0.9990009990010025,30.0,Safe,Improved
17,8,Bill Nye,0.1407250000000001,0.9990009990010025,0.0,Safe,Improved
18,2,Billy Dee Williams,0.076775956284153,0.9990009990009987,15.0,Safe,Improved
18,2,Danica McKellar,0.0878415300546448,0.9990009990009987,24.0,Safe,Improved
18,2,James Maslow,0.08907103825136611,0.9990009990009987,25.0,Safe,Improved
18,2,Candace Cameron Bure,0.08415300546448089,0.9990009990009987,21.0,Safe,Improved
18,2,Sean Avery,0.028160382513661153,1.0,21.0,Eliminated,Improved
18,2,Diana Nyad,0.11432595628415299,0.9990009990009987,0.0,Eliminated,Improved
18,2,Charlie White,0.08907103825136611,0.9990009990009987,25.0,Safe,Improved
18,2,Amy Purdy,0.0878415300546448,0.9990009990009987,24.0,Safe,Improved
18,2,Meryl Davis,0.08907103825136611,0.9990009990009987,25.0,Safe,Improved
18,2,Drew Carey,0.08415300546448087,0.9990009990009987,21.0,Safe,Improved
18,2,Cody Simpson,0.08538251366120218,0.9990009990009987,22.0,Safe,Improved
18,2,NeNe Leakes,0.08415300546448089,0.9990009990009987,21.0,Safe,Improved
18,5,Billy Dee Williams,0.10569006211180129,0.9990009990009989,0.0,Safe,Improved
18,5,Danica McKellar,0.08816125776397514,0.9990009990009989,39.0,Safe,Improved
18,5,James Maslow,0.08909293478260868,0.9990009990009989,40.0,Safe,Improved
18,5,Candace Cameron Bure,0.08443454968944097,0.9990009990009989,35.0,Safe,Improved
18,5,Sean Avery,0.10569006211180126,0.9990009990009989,0.0,Safe,Improved
18,5,Diana Nyad,0.10569006211180126,0.9990009990009989,0.0,Safe,Improved
18,5,Charlie White,0.08629790372670805,0.9990009990009989,37.0,Safe,Improved
18,5,Amy Purdy,0.08629790372670805,0.9990009990009989,37.0,Safe,Improved
18,5,Meryl Davis,0.0853662267080745,0.9990009990009989,36.0,Safe,Improved
18,5,Drew Carey,0.07791281055900619,0.9990009990009989,28.0,Safe,Improved
18,5,Cody Simpson,0.0,1.0,34.0,Eliminated,Improved
18,5,NeNe Leakes,0.08536622670807452,0.9990009990009989,36.0,Safe,Improved
18,6,Billy Dee Williams,0.11357517730496455,0.9990009990009991,0.0,Safe,Improved
18,6,Danica McKellar,0.07826099290780142,0.9990009990009991,36.0,Safe,Improved
18,6,James Maslow,0.07719716312056737,0.9990009990009991,35.0,Safe,Improved
18,6,Candace Cameron Bure,0.07400567375886526,0.9990009990009991,32.0,Safe,Improved
18,6,Sean Avery,0.11357517730496455,0.9990009990009991,0.0,Safe,Improved
18,6,Diana Nyad,0.11357517730496453,0.9990009990009991,0.0,Safe,Improved
18,6,Charlie White,0.07826099290780142,0.9990009990009991,36.0,Safe,Improved
18,6,Amy Purdy,0.08038865248226951,0.9990009990009991,38.0,Safe,Improved
18,6,Meryl Davis,0.0825163120567376,0.9990009990009991,40.0,Safe,Improved
18,6,Drew Carey,0.0,1.0,32.0,Eliminated,Improved
18,6,Cody Simpson,0.11357517730496458,0.9990009990009991,0.0,Safe,Improved
18,6,NeNe Leakes,0.07506950354609931,0.9990009990009991,33.0,Safe,Improved
18,7,Billy Dee Williams,0.1305347826086955,0.9990009990010014,0.0,Safe,Improved
18,7,Danica McKellar,0.05709716732542824,0.9990009990010014,36.0,Safe,Improved
18,7,James Maslow,0.055911396574440116,0.9990009990010014,35.0,Safe,Improved
18,7,Candace Cameron Bure,0.05828293807641638,0.9990009990010014,37.0,Safe,Improved
18,7,Sean Avery,0.13053478260869558,0.9990009990010014,0.0,Safe,Improved
18,7,Diana Nyad,0.13053478260869558,0.9990009990010014,0.0,Safe,Improved
18,7,Charlie White,0.056504281949934176,0.9990009990010014,35.5,Safe,Improved
18,7,Amy Purdy,0.05887582345191046,0.9990009990010014,37.5,Safe,Improved
18,7,Meryl Davis,0.06065447957839267,0.9990009990010014,39.0,Safe,Improved
18,7,Drew Carey,0.13053478260869558,0.9990009990010014,0.0,Safe,Improved
18,7,Cody Simpson,0.13053478260869558,0.9990009990010014,0.0,Safe,Improved
18,7,NeNe Leakes,6.938893903907228e-17,1.0,33.0,Eliminated,Improved
19,1,Antonio Sabato Jr.,0.07400744416873449,0.9990009990009991,25.0,Safe,Improved
19,1,Jonathan Bennett,0.07803970223325063,0.9990009990009991,30.0,Safe,Improved
19,1,Lea Thompson,0.07965260545905707,0.9990009990009991,32.0,Safe,Improved
19,1,Janel Parrish,0.0772332506203474,0.9990009990009991,29.0,Safe,Improved
19,1,Alfonso Ribeiro,0.08287841191066997,0.9990009990009991,36.0,Safe,Improved
19,1,Lolo Jones,0.06804346567411085,1.0,22.0,Eliminated,Improved
19,1,Randy Couture,0.07884615384615384,0.9990009990009991,31.0,Safe,Improved
19,1,Tommy Chong,0.07562034739454095,0.9990009990009991,27.0,Safe,Improved
19,1,Betsey Johnson,0.07351980976013235,0.9990009990009991,20.0,Safe,Improved
19,1,Michael Waltrip,0.07400744416873449,0.9990009990009991,25.0,Safe,Improved
19,1,Tavis Smiley,0.0772332506203474,0.9990009990009991,29.0,Safe,Improved
19,1,Bethany Mota,0.07965260545905707,0.9990009990009991,32.0,Safe,Improved
19,1,Sadie Robertson,0.08126550868486353,0.9990009990009991,34.0,Safe,Improved
19,2,Antonio Sabato Jr.,0.07953676158096047,0.9990009990009991,31.0,Safe,Improved
19,2,Jonathan Bennett,0.0787080322991925,0.9990009990009991,30.0,Safe,Improved
19,2,Lea Thompson,0.08285167870803228,0.9990009990009991,35.0,Safe,Improved
19,2,Janel Parrish,0.08202294942626433,0.9990009990009991,34.0,Safe,Improved
19,2,Alfonso Ribeiro,0.08036549086272841,0.9990009990009991,32.0,Safe,Improved
19,2,Lolo Jones,0.10417239694007649,0.9990009990009991,0.0,Safe,Improved
19,2,Randy Couture,0.07705057373565659,0.9990009990009991,28.0,Safe,Improved
19,2,Tommy Chong,0.07705057373565659,0.9990009990009991,28.0,Safe,Improved
19,2,Betsey Johnson,0.07705057373565659,0.9990009990009991,28.0,Safe,Improved
19,2,Michael Waltrip,0.07373565660858478,0.9990009990009991,24.0,Safe,Improved
19,2,Tavis Smiley,0.026724330641733955,1.0,28.0,Eliminated,Improved
19,2,Bethany Mota,0.08119422014449638,0.9990009990009991,33.0,Safe,Improved
19,2,Sadie Robertson,0.07953676158096047,0.9990009990009991,31.0,Safe,Improved
19,3,Antonio Sabato Jr.,0.07849204619742864,0.9990009990009994,29.0,Safe,Improved
19,3,Jonathan Bennett,0.08104162126825017,0.9990009990009994,32.0,Safe,Improved
19,3,Lea Thompson,0.08019176291130965,0.9990009990009994,31.0,Safe,Improved
19,3,Janel Parrish,0.08784048812377424,0.9990009990009994,40.0,Safe,Improved
19,3,Alfonso Ribeiro,0.08104162126825017,0.9990009990009994,32.0,Safe,Improved
19,3,Lolo Jones,0.08579638991791966,0.9990009990009994,0.0,Safe,Improved
19,3,Randy Couture,0.012041998983075494,1.0,26.0,Eliminated,Improved
19,3,Tommy Chong,0.08274133798213118,0.9990009990009994,34.0,Safe,Improved
19,3,Betsey Johnson,0.07849204619742864,0.9990009990009994,29.0,Safe,Improved
19,3,Michael Waltrip,0.07764218784048812,0.9990009990009994,28.0,Safe,Improved
19,3,Tavis Smiley,0.08579638991791969,0.9990009990009994,0.0,Safe,Improved
19,3,Bethany Mota,0.08784048812377424,0.9990009990009994,40.0,Safe,Improved
19,3,Sadie Robertson,0.08104162126825015,0.9990009990009994,32.0,Safe,Improved
19,4,Antonio Sabato Jr.,0.07774444444444444,0.9990009990009989,29.0,Safe,Improved
19,4,Jonathan Bennett,0.07305694444444442,0.9990009990009989,24.0,Safe,Improved
19,4,Lea Thompson,0.08711944444444443,0.9990009990009989,39.0,Safe,Improved
19,4,Janel Parrish,0.08430694444444443,0.9990009990009989,36.0,Safe,Improved
19,4,Alfonso Ribeiro,0.08805694444444444,0.9990009990009989,40.0,Safe,Improved
19,4,Lolo Jones,0.09072500000000006,0.9990009990009989,0.0,Safe,Improved
19,4,Randy Couture,0.09072500000000003,0.9990009990009989,0.0,Safe,Improved
19,4,Tommy Chong,0.07680694444444443,0.9990009990009989,28.0,Safe,Improved
19,4,Betsey Johnson,2.7755575615628914e-17,1.0,29.0,Eliminated,Improved
19,4,Michael Waltrip,0.07399444444444443,0.9990009990009989,25.0,Safe,Improved
19,4,Tavis Smiley,0.09072500000000003,0.9990009990009989,0.0,Safe,Improved
19,4,Bethany Mota,0.08149444444444442,0.9990009990009989,33.0,Safe,Improved
19,4,Sadie Robertson,0.08524444444444444,0.9990009990009989,37.0,Safe,Improved
19,6,Antonio Sabato Jr.,0.06560699658703072,0.9990009990009994,28.0,Safe,Improved
19,6,Jonathan Bennett,1.3877787807814457e-17,1.0,32.0,Eliminated,Improved
19,6,Lea Thompson,0.06970255972696243,0.9990009990009994,32.0,Safe,Improved
19,6,Janel Parrish,0.07072645051194537,0.9990009990009994,33.0,Safe,Improved
19,6,Alfonso Ribeiro,0.076869795221843,0.9990009990009994,39.0,Safe,Improved
19,6,Lolo Jones,0.10931501706484648,0.9990009990009994,0.0,Safe,Improved
19,6,Randy Couture,0.10931501706484642,0.9990009990009994,0.0,Safe,Improved
19,6,Tommy Chong,0.0656069965870307,0.9990009990009994,28.0,Safe,Improved
19,6,Betsey Johnson,0.1093150170648464,0.9990009990009994,0.0,Safe,Improved
19,6,Michael Waltrip,0.06765477815699658,0.9990009990009994,30.0,Safe,Improved
19,6,Tavis Smiley,0.1093150170648464,0.9990009990009994,0.0,Safe,Improved
19,6,Bethany Mota,0.07379812286689419,0.9990009990009994,36.0,Safe,Improved
19,6,Sadie Robertson,0.07277423208191128,0.9990009990009994,35.0,Safe,Improved
19,7,Antonio Sabato Jr.,6.938893903907228e-17,1.0,29.5,Eliminated,Improved
19,7,Jonathan Bennett,0.11421992263056081,0.9990009990010009,0.0,Safe,Improved
19,7,Lea Thompson,0.06392415031776733,0.9990009990010009,35.0,Safe,Improved
19,7,Janel Parrish,0.06218333793865707,0.9990009990010009,33.5,Safe,Improved
19,7,Alfonso Ribeiro,0.06276360873169384,0.9990009990010009,34.0,Safe,Improved
19,7,Lolo Jones,0.11421992263056095,0.9990009990010009,0.0,Safe,Improved
19,7,Randy Couture,0.1142199226305609,0.9990009990010009,0.0,Safe,Improved
19,7,Tommy Chong,0.05812144238739983,0.9990009990010009,30.0,Safe,Improved
19,7,Betsey Johnson,0.11421992263056087,0.9990009990010009,0.0,Safe,Improved
19,7,Michael Waltrip,0.05580035921525287,0.9990009990010009,28.0,Safe,Improved
19,7,Tavis Smiley,0.11421992263056092,0.9990009990010009,0.0,Safe,Improved
19,7,Bethany Mota,0.06682550428295109,0.9990009990010009,37.5,Safe,Improved
19,7,Sadie Robertson,0.0592819839734734,0.9990009990010009,31.0,Safe,Improved
19,8,Antonio Sabato Jr.,0.10090645161290332,0.9990009990009991,0.0,Safe,Improved
19,8,Jonathan Bennett,0.10090645161290322,0.9990009990009991,0.0,Safe,Improved
19,8,Lea Thompson,0.05951021505376342,0.9990009990009991,32.0,Safe,Improved
19,8,Janel Parrish,0.07281666666666664,0.9990009990009991,43.0,Safe,Improved
19,8,Alfonso Ribeiro,0.07039731182795697,0.9990009990009991,41.0,Safe,Improved
19,8,Lolo Jones,0.10090645161290324,0.9990009990009991,0.0,Safe,Improved
19,8,Randy Couture,0.10090645161290321,0.9990009990009991,0.0,Safe,Improved
19,8,Tommy Chong,0.05588118279569892,0.9990009990009991,29.0,Safe,Improved
19,8,Betsey Johnson,0.10090645161290321,0.9990009990009991,0.0,Safe,Improved
19,8,Michael Waltrip,0.0,1.0,25.0,Eliminated,Improved
19,8,Tavis Smiley,0.10090645161290322,0.9990009990009991,0.0,Safe,Improved
19,8,Bethany Mota,0.06918763440860215,0.9990009990009991,40.0,Safe,Improved
19,8,Sadie Robertson,0.06676827956989252,0.9990009990009991,38.0,Safe,Improved
20,2,Suzanne Somers,0.08254082612872239,0.9990009990009989,28.0,Safe,Improved
20,2,Willow Shields,0.08599903938520653,0.9990009990009989,32.0,Safe,Improved
20,2,Riker Lynch,0.08599903938520653,0.9990009990009989,32.0,Safe,Improved
20,2,Rumer Willis,0.08599903938520653,0.9990009990009989,32.0,Safe,Improved
20,2,Nastia Liukin,0.08772814601344861,0.9990009990009989,34.0,Safe,Improved
20,2,Michael Sam,0.08254082612872239,0.9990009990009989,28.0,Safe,Improved
20,2,Robert Herjavec,0.08254082612872239,0.9990009990009989,28.0,Safe,Improved
20,2,Charlotte McKinney,0.08084505283381364,0.9990009990009989,26.0,Safe,Improved
20,2,Noah Galloway,0.08167627281460135,0.9990009990009989,27.0,Safe,Improved
20,2,Redfoo,0.06633583093179633,1.0,31.0,Eliminated,Improved
20,2,Patti LaBelle,0.08254082612872239,0.9990009990009989,28.0,Safe,Improved
20,2,Chris Soules,0.09525427473583095,0.9990009990009989,21.0,Safe,Improved
20,3,Suzanne Somers,0.08229499467518636,0.9990009990009994,25.0,Safe,Improved
20,3,Willow Shields,0.08900425985090521,0.9990009990009994,32.0,Safe,Improved
20,3,Riker Lynch,0.09092119275825344,0.9990009990009994,34.0,Safe,Improved
20,3,Rumer Willis,0.08996272630457933,0.9990009990009994,33.0,Safe,Improved
20,3,Nastia Liukin,0.09092119275825344,0.9990009990009994,34.0,Safe,Improved
20,3,Michael Sam,0.08133652822151224,0.9990009990009994,24.0,Safe,Improved
20,3,Robert Herjavec,0.08612886048988284,0.9990009990009994,29.0,Safe,Improved
20,3,Charlotte McKinney,0.03368269435569757,1.0,22.0,Eliminated,Improved
20,3,Noah Galloway,0.08708732694355698,0.9990009990009994,30.0,Safe,Improved
20,3,Redfoo,0.10407023429179978,0.9990009990009994,0.0,Safe,Improved
20,3,Patti LaBelle,0.079419595314164,0.9990009990009994,22.0,Safe,Improved
20,3,Chris Soules,0.08517039403620871,0.9990009990009994,28.0,Safe,Improved
20,4,Suzanne Somers,0.08417948717948717,0.9990009990009994,28.0,Safe,Improved
20,4,Willow Shields,0.09433333333333332,0.9990009990009994,39.0,Safe,Improved
20,4,Riker Lynch,0.0897179487179487,0.9990009990009994,34.0,Safe,Improved
20,4,Rumer Willis,0.09064102564102564,0.9990009990009994,35.0,Safe,Improved
20,4,Nastia Liukin,0.09156410256410255,0.9990009990009994,36.0,Safe,Improved
20,4,Michael Sam,0.005958974358974349,1.0,30.0,Eliminated,Improved
20,4,Robert Herjavec,0.0897179487179487,0.9990009990009994,34.0,Safe,Improved
20,4,Charlotte McKinney,0.0983666666666667,0.9990009990009994,0.0,Safe,Improved
20,4,Noah Galloway,0.08787179487179486,0.9990009990009994,32.0,Safe,Improved
20,4,Redfoo,0.09836666666666663,0.9990009990009994,0.0,Safe,Improved
20,4,Patti LaBelle,0.08602564102564102,0.9990009990009994,30.0,Safe,Improved
20,4,Chris Soules,0.08325641025641026,0.9990009990009994,27.0,Safe,Improved
20,5,Suzanne Somers,1.3877787807814457e-17,1.0,28.0,Eliminated,Improved
20,5,Willow Shields,0.09011267667844523,0.9990009990009996,34.0,Safe,Improved
20,5,Riker Lynch,0.0943529593639576,0.9990009990009996,38.0,Safe,Improved
20,5,Rumer Willis,0.09541303003533569,0.9990009990009996,39.0,Safe,Improved
20,5,Nastia Liukin,0.0943529593639576,0.9990009990009996,38.0,Safe,Improved
20,5,Michael Sam,0.0990399293286219,0.9990009990009996,0.0,Safe,Improved
20,5,Robert Herjavec,0.07951196996466432,0.9990009990009996,24.0,Safe,Improved
20,5,Charlotte McKinney,0.09903992932862186,0.9990009990009996,0.0,Safe,Improved
20,5,Noah Galloway,0.08375225265017669,0.9990009990009996,28.0,Safe,Improved
20,5,Redfoo,0.0990399293286219,0.9990009990009996,0.0,Safe,Improved
20,5,Patti LaBelle,0.08269218197879859,0.9990009990009996,27.0,Safe,Improved
20,5,Chris Soules,0.08269218197879859,0.9990009990009996,27.0,Safe,Improved
20,6,Suzanne Somers,0.12024134275618378,0.9990009990009994,0.0,Safe,Improved
20,6,Willow Shields,0.07513215547703178,0.9990009990009994,36.5,Safe,Improved
20,6,Riker Lynch,0.07672226148409891,0.9990009990009994,38.0,Safe,Improved
20,6,Rumer Willis,0.07407208480565372,0.9990009990009994,35.5,Safe,Improved
20,6,Nastia Liukin,0.07513215547703181,0.9990009990009994,36.5,Safe,Improved
20,6,Michael Sam,0.1202413427561837,0.9990009990009994,0.0,Safe,Improved
20,6,Robert Herjavec,0.07195194346289753,0.9990009990009994,33.5,Safe,Improved
20,6,Charlotte McKinney,0.12024134275618373,0.9990009990009994,0.0,Safe,Improved
20,6,Noah Galloway,0.07248197879858656,0.9990009990009994,34.0,Safe,Improved
20,6,Redfoo,0.12024134275618373,0.9990009990009994,0.0,Safe,Improved
20,6,Patti LaBelle,0.0,1.0,34.0,Eliminated,Improved
20,6,Chris Soules,0.07354204946996469,0.9990009990009994,35.0,Safe,Improved
20,7,Suzanne Somers,0.15364330708661428,0.9990009990009996,0.0,Safe,Improved
20,7,Willow Shields,1.3877787807814457e-17,1.0,39.0,Eliminated,Improved
20,7,Riker Lynch,0.04000853018372695,0.9990009990009996,37.0,Safe,Improved
20,7,Rumer Willis,0.040008530183726965,0.9990009990009996,37.0,Safe,Improved
20,7,Nastia Liukin,0.044732939632545876,0.9990009990009996,41.0,Safe,Improved
20,7,Michael Sam,0.1536433070866142,0.9990009990009996,0.0,Safe,Improved
20,7,Robert Herjavec,0.03292191601049864,0.9990009990009996,31.0,Safe,Improved
20,7,Charlotte McKinney,0.1536433070866141,0.9990009990009996,0.0,Safe,Improved
20,7,Noah Galloway,0.04118963254593169,0.9990009990009996,38.0,Safe,Improved
20,7,Redfoo,0.15364330708661425,0.9990009990009996,0.0,Safe,Improved
20,7,Patti LaBelle,0.15364330708661428,0.9990009990009996,0.0,Safe,Improved
20,7,Chris Soules,0.032921916010498695,0.9990009990009996,31.0,Safe,Improved
20,8,Suzanne Somers,0.14667210401891256,0.9990009990009996,0.0,Safe,Improved
20,8,Willow Shields,0.14667210401891256,0.9990009990009996,0.0,Safe,Improved
20,8,Riker Lynch,0.02810695035460989,0.9990009990009996,39.0,Safe,Improved
20,8,Rumer Willis,0.02952539007092196,0.9990009990009996,40.0,Safe,Improved
20,8,Nastia Liukin,0.026688510638297858,0.9990009990009996,38.0,Safe,Improved
20,8,Michael Sam,0.14667210401891256,0.9990009990009996,0.0,Safe,Improved
20,8,Robert Herjavec,0.0,1.0,31.0,Eliminated,Improved
20,8,Charlotte McKinney,0.14667210401891245,0.9990009990009996,0.0,Safe,Improved
20,8,Noah Galloway,0.017468652482269503,0.9990009990009996,31.5,Safe,Improved
20,8,Redfoo,0.14667210401891256,0.9990009990009996,0.0,Safe,Improved
20,8,Patti LaBelle,0.14667210401891262,0.9990009990009996,0.0,Safe,Improved
20,8,Chris Soules,0.018177872340425616,0.9990009990009996,32.0,Eliminated,Improved
21,2,Gary Busey,0.0729799184795488,0.9990009990009991,16.5,Safe,Improved
21,2,Alexa PenaVega,0.07935447177591355,0.9990009990009991,23.0,Safe,Improved
21,2,Carlos PenaVega,0.0787999431252666,0.9990009990009991,22.5,Safe,Improved
21,2,Victor Espinoza,0.06548620313758946,1.0,18.5,Eliminated,Improved
21,2,Alek Skarlatos,0.0787999431252666,0.9990009990009991,22.5,Safe,Improved
21,2,Chaka Khan,0.0785252049860183,0.9990009990009991,15.0,Eliminated,Improved
21,2,Andy Grammer,0.07824541447461965,0.9990009990009991,22.0,Safe,Improved
21,2,Tamar Braxton,0.0810180577278544,0.9990009990009991,24.5,Safe,Improved
21,2,Nick Carter,0.0787999431252666,0.9990009990009991,22.5,Safe,Improved
21,2,Hayes Grier,0.0787999431252666,0.9990009990009991,22.5,Safe,Improved
21,2,Bindi Irwin,0.08046352907720745,0.9990009990009991,24.0,Safe,Improved
21,2,Kim Zolciak-Biermann,0.074363713920091,0.9990009990009991,18.5,Safe,Improved
21,2,Paula Deen,0.074363713920091,0.9990009990009991,18.5,Safe,Improved
21,4,Gary Busey,0.008008441986784319,1.0,16.0,Eliminated,Improved
21,4,Alexa PenaVega,0.08054106909815238,0.999000999001,21.0,Safe,Improved
21,4,Carlos PenaVega,0.08562581486086425,0.999000999001,25.0,Safe,Improved
21,4,Victor Espinoza,0.07590505215627581,0.999000999001,0.0,Safe,Improved
21,4,Alek Skarlatos,0.08435462842018629,0.999000999001,24.0,Safe,Improved
21,4,Chaka Khan,0.07590505215627578,0.999000999001,0.0,Safe,Improved
21,4,Andy Grammer,0.08308344197950832,0.999000999001,23.0,Safe,Improved
21,4,Tamar Braxton,0.08816818774222018,0.999000999001,27.0,Safe,Improved
21,4,Nick Carter,0.08816818774222017,0.999000999001,27.0,Safe,Improved
21,4,Hayes Grier,0.08816818774222017,0.999000999001,27.0,Safe,Improved
21,4,Bindi Irwin,0.08943937418289813,0.999000999001,28.0,Safe,Improved
21,4,Kim Zolciak-Biermann,0.07590505215627574,0.999000999001,0.0,Safe,Improved
21,4,Paula Deen,0.07672750977611849,0.999000999001,18.0,Safe,Improved
21,6,Gary Busey,0.07677731629392973,0.9990009990009991,0.0,Safe,Improved
21,6,Alexa PenaVega,0.08074073482428114,0.9990009990009991,30.0,Safe,Improved
21,6,Carlos PenaVega,0.08840846645367413,0.9990009990009991,38.0,Safe,Improved
21,6,Victor Espinoza,0.07677731629392974,0.9990009990009991,0.0,Safe,Improved
21,6,Alek Skarlatos,0.08074073482428115,0.9990009990009991,30.0,Safe,Improved
21,6,Chaka Khan,0.07677731629392973,0.9990009990009991,0.0,Safe,Improved
21,6,Andy Grammer,0.09032539936102235,0.9990009990009991,40.0,Safe,Improved
21,6,Tamar Braxton,0.09032539936102235,0.9990009990009991,40.0,Safe,Improved
21,6,Nick Carter,0.08936693290734823,0.9990009990009991,39.0,Safe,Improved
21,6,Hayes Grier,0.08265766773162939,0.9990009990009991,32.0,Safe,Improved
21,6,Bindi Irwin,0.09032539936102235,0.9990009990009991,40.0,Safe,Improved
21,6,Kim Zolciak-Biermann,0.0767773162939297,0.9990009990009991,0.0,Safe,Improved
21,6,Paula Deen,0.0,1.0,24.0,Eliminated,Improved
21,7,Gary Busey,0.1267968325791855,0.9990009990009996,0.0,Safe,Improved
21,7,Alexa PenaVega,0.0521910148674855,0.9990009990009996,27.5,Safe,Improved
21,7,Carlos PenaVega,0.05286974789915971,0.9990009990009996,28.0,Safe,Improved
21,7,Victor Espinoza,0.1267968325791855,0.9990009990009996,0.0,Safe,Improved
21,7,Alek Skarlatos,0.05083354880413707,0.9990009990009996,26.5,Safe,Improved
21,7,Chaka Khan,0.12679683257918545,0.9990009990009996,0.0,Safe,Improved
21,7,Andy Grammer,0.05286974789915972,0.9990009990009996,28.0,Safe,Improved
21,7,Tamar Braxton,0.05151228183581128,0.9990009990009996,27.0,Safe,Improved
21,7,Nick Carter,0.051512281835811316,0.9990009990009996,27.0,Safe,Improved
21,7,Hayes Grier,0.0,1.0,28.0,Eliminated,Improved
21,7,Bindi Irwin,0.054227213962508146,0.9990009990009996,29.0,Safe,Improved
21,7,Kim Zolciak-Biermann,0.1267968325791855,0.9990009990009996,0.0,Safe,Improved
21,7,Paula Deen,0.1267968325791855,0.9990009990009996,0.0,Safe,Improved
21,8,Gary Busey,0.12381069188873779,0.9990009990009994,0.0,Safe,Improved
21,8,Alexa PenaVega,0.040793906544728184,0.9990009990009994,26.9998,Safe,Improved
21,8,Carlos PenaVega,0.04388669961522221,0.9990009990009994,28.9998,Safe,Improved
21,8,Victor Espinoza,0.12381069188873783,0.9990009990009994,0.0,Safe,Improved
21,8,Alek Skarlatos,0.037701422753541186,0.9990009990009994,25.0,Safe,Improved
21,8,Chaka Khan,0.1238106918887378,0.9990009990009994,0.0,Safe,Improved
21,8,Andy Grammer,0.0,1.0,23.9998,Eliminated,Improved
21,8,Tamar Braxton,0.04234061235928224,0.9990009990009994,28.0,Safe,Improved
21,8,Nick Carter,0.05007259503551735,0.9990009990009994,33.0,Safe,Improved
21,8,Hayes Grier,0.12381069188873783,0.9990009990009994,0.0,Safe,Improved
21,8,Bindi Irwin,0.042340612359282284,0.9990009990009994,28.0,Safe,Improved
21,8,Kim Zolciak-Biermann,0.1238106918887378,0.9990009990009994,0.0,Safe,Improved
21,8,Paula Deen,0.12381069188873779,0.9990009990009994,0.0,Safe,Improved
22,2,Mischa Barton,0.07740112994350282,0.900763358778626,15.0,Safe,Improved
22,2,Kim Fields,0.08248587570621468,0.900763358778626,19.0,Safe,Improved
22,2,Jodie Sweetin,0.08502824858757062,0.900763358778626,21.0,Safe,Improved
22,2,Doug Flutie,0.08375706214689264,0.900763358778626,20.0,Safe,Improved
22,2,Von Miller,0.08375706214689264,0.900763358778626,20.0,Safe,Improved
22,2,Antonio Brown,0.08248587570621468,0.900763358778626,19.0,Safe,Improved
22,2,Paige VanZant,0.08884180790960451,0.900763358778626,24.0,Safe,Improved
22,2,Geraldo Rivera,0.07485875706214688,1.0,13.0,Eliminated,Improved
22,2,Nyle DiMarco,0.08375706214689264,0.900763358778626,20.0,Safe,Improved
22,2,Ginger Zee,0.08502824858757062,0.900763358778626,21.0,Safe,Improved
22,2,Wanya Morris,0.08884180790960451,0.900763358778626,24.0,Safe,Improved
22,2,Marla Maples,0.08375706214689264,0.900763358778626,20.0,Safe,Improved
22,3,Mischa Barton,0.03170105482806748,1.0,18.0,Eliminated,Improved
22,3,Kim Fields,0.08618143460400676,0.9990009990009991,22.0,Safe,Improved
22,3,Jodie Sweetin,0.08744725738881688,0.9990009990009991,23.0,Safe,Improved
22,3,Doug Flutie,0.08364978903438651,0.9990009990009991,20.0,Safe,Improved
22,3,Von Miller,0.08364978903438652,0.9990009990009991,20.0,Safe,Improved
22,3,Antonio Brown,0.08364978903438652,0.9990009990009991,20.0,Safe,Improved
22,3,Paige VanZant,0.0874472573888169,0.9990009990009991,23.0,Safe,Improved
22,3,Geraldo Rivera,0.10775042191667507,0.9990009990009991,0.0,Safe,Improved
22,3,Nyle DiMarco,0.08997890295843713,0.9990009990009991,25.0,Safe,Improved
22,3,Ginger Zee,0.08491561181919663,0.9990009990009991,21.0,Safe,Improved
22,3,Wanya Morris,0.08871308017362702,0.9990009990009991,24.0,Safe,Improved
22,3,Marla Maples,0.08491561181919662,0.9990009990009991,21.0,Safe,Improved
22,4,Mischa Barton,0.09640219434281487,0.9990009990009996,0.0,Safe,Improved
22,4,Kim Fields,0.0884273772253313,0.9990009990009996,32.0,Safe,Improved
22,4,Jodie Sweetin,0.08372518286796454,0.9990009990009996,27.0,Safe,Improved
22,4,Doug Flutie,0.08090386625354447,0.9990009990009996,24.0,Safe,Improved
22,4,Von Miller,0.0884273772253313,0.9990009990009996,32.0,Safe,Improved
22,4,Antonio Brown,0.09124869383975136,0.9990009990009996,35.0,Safe,Improved
22,4,Paige VanZant,0.09218913271122472,0.9990009990009996,36.0,Safe,Improved
22,4,Geraldo Rivera,0.0964021943428148,0.9990009990009996,0.0,Safe,Improved
22,4,Nyle DiMarco,0.090308254968278,0.9990009990009996,34.0,Safe,Improved
22,4,Ginger Zee,0.09218913271122471,0.9990009990009996,36.0,Safe,Improved
22,4,Wanya Morris,0.09124869383975137,0.9990009990009996,35.0,Safe,Improved
22,4,Marla Maples,0.00852789967196848,1.0,28.0,Eliminated,Improved
22,6,Mischa Barton,0.09261101321585902,0.9990009990009994,0.0,Safe,Improved
22,6,Kim Fields,0.08795809471365641,0.9990009990009994,24.0,Safe,Improved
22,6,Jodie Sweetin,0.08927968061674012,0.9990009990009994,25.0,Safe,Improved
22,6,Doug Flutie,0.0,1.0,21.0,Eliminated,Improved
22,6,Von Miller,0.08795809471365641,0.9990009990009994,24.0,Safe,Improved
22,6,Antonio Brown,0.09192285242290751,0.9990009990009994,27.0,Safe,Improved
22,6,Paige VanZant,0.09324443832599122,0.9990009990009994,28.0,Safe,Improved
22,6,Geraldo Rivera,0.09261101321585902,0.9990009990009994,0.0,Safe,Improved
22,6,Nyle DiMarco,0.08927968061674012,0.9990009990009994,25.0,Safe,Improved
22,6,Ginger Zee,0.08795809471365641,0.9990009990009994,24.0,Safe,Improved
22,6,Wanya Morris,0.09456602422907491,0.9990009990009994,29.0,Safe,Improved
22,6,Marla Maples,0.09261101321585899,0.9990009990009994,0.0,Safe,Improved
22,7,Mischa Barton,0.12159532710280371,0.9990009990009998,0.0,Safe,Improved
22,7,Kim Fields,0.0,1.0,26.0,Eliminated,Improved
22,7,Jodie Sweetin,0.07147156208277705,0.9990009990009998,25.5,Safe,Improved
22,7,Doug Flutie,0.12159532710280366,0.9990009990009998,0.0,Safe,Improved
22,7,Von Miller,0.0721724966622163,0.9990009990009998,26.0,Eliminated,Improved
22,7,Antonio Brown,0.07217249666221631,0.9990009990009998,26.0,Safe,Improved
22,7,Paige VanZant,0.07427530040053405,0.9990009990009998,27.5,Safe,Improved
22,7,Geraldo Rivera,0.12159532710280369,0.9990009990009998,0.0,Safe,Improved
22,7,Nyle DiMarco,0.0749762349799733,0.9990009990009998,28.0,Safe,Improved
22,7,Ginger Zee,0.07427530040053407,0.9990009990009998,27.5,Safe,Improved
22,7,Wanya Morris,0.07427530040053407,0.9990009990009998,27.5,Safe,Improved
22,7,Marla Maples,0.1215953271028038,0.9990009990009998,0.0,Safe,Improved
23,2,Jake T. Austin,0.0705575174824694,1.0,24.0,Eliminated,Improved
23,2,Maureen McCormick,0.0760052447552535,0.9990009990009991,26.0,Safe,Improved
23,2,Marilu Henner,0.07685751748252623,0.9990009990009991,27.0,Safe,Improved
23,2,Ryan Lochte,0.07430069930070804,0.9990009990009991,24.0,Safe,Improved
23,2,Calvin Johnson Jr.,0.07770979020979896,0.9990009990009991,28.0,Safe,Improved
23,2,Laurie Hernandez,0.08111888111888986,0.9990009990009991,32.0,Safe,Improved
23,2,Amber Rose,0.07430069930070804,0.9990009990009991,24.0,Safe,Improved
23,2,Rick Perry,0.07633933566428756,0.9990009990009991,22.0,Safe,Improved
23,2,James Hinchcliffe,0.07856206293707169,0.9990009990009991,29.0,Safe,Improved
23,2,Babyface,0.07941433566434442,0.9990009990009991,30.0,Safe,Improved
23,2,Vanilla Ice,0.0760052447552535,0.9990009990009991,26.0,Safe,Improved
23,2,Jana Kramer,0.07856206293707169,0.9990009990009991,29.0,Safe,Improved
23,2,Terra Jole,0.08026660839161714,0.9990009990009991,31.0,Safe,Improved
23,3,Jake T. Austin,0.0998961538338407,0.9990009990009989,0.0,Safe,Improved
23,3,Maureen McCormick,0.07969230769454647,0.9990009990009989,28.0,Safe,Improved
23,3,Marilu Henner,0.07969230769454645,0.9990009990009989,28.0,Safe,Improved
23,3,Ryan Lochte,0.07692307692531568,0.9990009990009989,25.0,Safe,Improved
23,3,Calvin Johnson Jr.,0.08338461538685416,0.9990009990009989,32.0,Safe,Improved
23,3,Laurie Hernandez,0.08246153846377723,0.9990009990009989,31.0,Safe,Improved
23,3,Amber Rose,0.07692307692531569,0.9990009990009989,25.0,Safe,Improved
23,3,Rick Perry,0.02902692306460994,1.0,23.0,Eliminated,Improved
23,3,James Hinchcliffe,0.08061538461762338,0.9990009990009989,29.0,Safe,Improved
23,3,Babyface,0.07692307692531569,0.9990009990009989,25.0,Safe,Improved
23,3,Vanilla Ice,0.07507692307916185,0.9990009990009989,23.0,Safe,Improved
23,3,Jana Kramer,0.07784615384839261,0.9990009990009989,26.0,Safe,Improved
23,3,Terra Jole,0.0815384615407003,0.9990009990009989,30.0,Safe,Improved
23,4,Jake T. Austin,0.08376454465075157,0.9990009990009989,0.0,Safe,Improved
23,4,Maureen McCormick,0.08143236074270557,0.9990009990009989,24.0,Safe,Improved
23,4,Marilu Henner,0.0779840848806366,0.9990009990009989,21.0,Safe,Improved
23,4,Ryan Lochte,0.07913351016799293,0.9990009990009989,22.0,Safe,Improved
23,4,Calvin Johnson Jr.,0.08028293545534924,0.9990009990009989,23.0,Safe,Improved
23,4,Laurie Hernandez,0.0883289124668435,0.9990009990009989,30.0,Safe,Improved
23,4,Amber Rose,0.08143236074270557,0.9990009990009989,24.0,Safe,Improved
23,4,Rick Perry,0.08376454465075155,0.9990009990009989,0.0,Safe,Improved
23,4,James Hinchcliffe,0.08603006189213086,0.9990009990009989,28.0,Safe,Improved
23,4,Babyface,0.01469902740937223,1.0,18.0,Eliminated,Improved
23,4,Vanilla Ice,0.08028293545534924,0.9990009990009989,23.0,Eliminated,Improved
23,4,Jana Kramer,0.08028293545534924,0.9990009990009989,23.0,Safe,Improved
23,4,Terra Jole,0.08258178603006189,0.9990009990009989,25.0,Safe,Improved
23,6,Jake T. Austin,0.09190327868852462,0.9990009990009991,0.0,Safe,Improved
23,6,Maureen McCormick,0.0754827868852459,0.9990009990009991,31.0,Safe,Improved
23,6,Marilu Henner,0.07843360655737705,0.9990009990009991,34.0,Safe,Improved
23,6,Ryan Lochte,0.07449918032786884,0.9990009990009991,30.0,Safe,Improved
23,6,Calvin Johnson Jr.,0.0813844262295082,0.9990009990009991,37.0,Safe,Improved
23,6,Laurie Hernandez,0.0813844262295082,0.9990009990009991,37.0,Safe,Improved
23,6,Amber Rose,0.0,1.0,28.0,Eliminated,Improved
23,6,Rick Perry,0.0919032786885246,0.9990009990009991,0.0,Safe,Improved
23,6,James Hinchcliffe,0.08236803278688523,0.9990009990009991,38.0,Safe,Improved
23,6,Babyface,0.09190327868852458,0.9990009990009991,0.0,Safe,Improved
23,6,Vanilla Ice,0.0919032786885246,0.9990009990009991,0.0,Safe,Improved
23,6,Jana Kramer,0.08433524590163935,0.9990009990009991,40.0,Safe,Improved
23,6,Terra Jole,0.07449918032786886,0.9990009990009991,30.0,Safe,Improved
23,7,Jake T. Austin,0.1198822141560799,0.9990009990009994,0.0,Safe,Improved
23,7,Maureen McCormick,0.0,1.0,33.0,Eliminated,Improved
23,7,Marilu Henner,0.054349105522426736,0.9990009990009994,32.0,Safe,Improved
23,7,Ryan Lochte,0.05543803474202746,0.9990009990009994,33.0,Safe,Improved
23,7,Calvin Johnson Jr.,0.05979375162043038,0.9990009990009994,37.0,Safe,Improved
23,7,Laurie Hernandez,0.05707142857142855,0.9990009990009994,34.5,Safe,Improved
23,7,Amber Rose,0.11988221415607984,0.9990009990009994,0.0,Safe,Improved
23,7,Rick Perry,0.11988221415607982,0.9990009990009994,0.0,Safe,Improved
23,7,James Hinchcliffe,0.0597937516204304,0.9990009990009994,37.0,Safe,Improved
23,7,Babyface,0.11988221415607987,0.9990009990009994,0.0,Safe,Improved
23,7,Vanilla Ice,0.1198822141560799,0.9990009990009994,0.0,Safe,Improved
23,7,Jana Kramer,0.057071428571428565,0.9990009990009994,34.5,Safe,Improved
23,7,Terra Jole,0.05707142857142861,0.9990009990009994,34.5,Safe,Improved
23,8,Jake T. Austin,0.1294533625406592,0.9990009990009994,0.0,Safe,Improved
23,8,Maureen McCormick,0.1294533625406593,0.9990009990009994,0.0,Safe,Improved
23,8,Marilu Henner,0.028009364619599887,0.9990009990009994,23.0,Safe,Improved
23,8,Ryan Lochte,0.0,1.0,26.0,Eliminated,Improved
23,8,Calvin Johnson Jr.,0.038457136209422364,0.9990009990009994,30.0,Safe,Improved
23,8,Laurie Hernandez,0.04293475260506055,0.9990009990009994,33.0,Safe,Improved
23,8,Amber Rose,0.12945336254065926,0.9990009990009994,0.0,Safe,Improved
23,8,Rick Perry,0.1294533625406592,0.9990009990009994,0.0,Safe,Improved
23,8,James Hinchcliffe,0.04591953169439303,0.9990009990009994,34.9998,Safe,Improved
23,8,Babyface,0.12945336254065928,0.9990009990009994,0.0,Safe,Improved
23,8,Vanilla Ice,0.12945336254065926,0.9990009990009994,0.0,Safe,Improved
23,8,Jana Kramer,0.03845713620942237,0.9990009990009994,30.0,Safe,Improved
23,8,Terra Jole,0.029501903418146062,0.9990009990009994,24.0,Safe,Improved
24,2,Charo,0.08119918699186993,0.9990009990009989,25.0,Safe,Improved
24,2,Mr. T,0.07850528455284553,0.9990009990009989,22.0,Safe,Improved
24,2,Heather Morris,0.08577235772357725,0.9990009990009989,30.0,Safe,Improved
24,2,Nancy Kerrigan,0.08394308943089432,0.9990009990009989,28.0,Safe,Improved
24,2,Bonner Bolton,0.08394308943089432,0.9990009990009989,28.0,Safe,Improved
24,2,Simone Biles,0.08485772357723578,0.9990009990009989,29.0,Safe,Improved
24,2,David Ross,0.08302845528455285,0.9990009990009989,27.0,Safe,Improved
24,2,Rashad Jennings,0.08760162601626016,0.9990009990009989,32.0,Safe,Improved
24,2,Chris Kattan,0.07840528455284553,1.0,22.0,Eliminated,Improved
24,2,Erika Jayne,0.08394308943089432,0.9990009990009989,28.0,Safe,Improved
24,2,Normani,0.08760162601626016,0.9990009990009989,32.0,Safe,Improved
24,2,Nick Viall,0.08119918699186993,0.9990009990009989,25.0,Safe,Improved
24,3,Charo,0.03161666665454007,1.0,24.0,Eliminated,Improved
24,3,Mr. T,0.08119047619290151,0.9990009990009991,24.0,Safe,Improved
24,3,Heather Morris,0.08976190476433009,0.9990009990009991,33.0,Safe,Improved
24,3,Nancy Kerrigan,0.08976190476433009,0.9990009990009991,33.0,Safe,Improved
24,3,Bonner Bolton,0.08119047619290151,0.9990009990009991,24.0,Safe,Improved
24,3,Simone Biles,0.08880952381194913,0.9990009990009991,32.0,Safe,Improved
24,3,David Ross,0.08785714285956818,0.9990009990009991,31.0,Safe,Improved
24,3,Rashad Jennings,0.08500000000242532,0.9990009990009991,28.0,Safe,Improved
24,3,Chris Kattan,0.10790714284501626,0.9990009990009991,0.0,Safe,Improved
24,3,Erika Jayne,0.08309523809766341,0.9990009990009991,26.0,Safe,Improved
24,3,Normani,0.09071428571671102,0.9990009990009991,34.0,Safe,Improved
24,3,Nick Viall,0.08309523809766341,0.9990009990009991,26.0,Safe,Improved
24,4,Charo,0.09558548058714905,0.9990009990009991,0.0,Safe,Improved
24,4,Mr. T,0.00959591003500182,1.0,28.0,Eliminated,Improved
24,4,Heather Morris,0.09054192228553791,0.9990009990009991,35.0,Safe,Improved
24,4,Nancy Kerrigan,0.0887014314879919,0.9990009990009991,33.0,Safe,Improved
24,4,Bonner Bolton,0.0877811860892189,0.9990009990009991,32.0,Safe,Improved
24,4,Simone Biles,0.09146216768431091,0.9990009990009991,36.0,Safe,Improved
24,4,David Ross,0.08686094069044588,0.9990009990009991,31.0,Safe,Improved
24,4,Rashad Jennings,0.09422290388062994,0.9990009990009991,39.0,Safe,Improved
24,4,Chris Kattan,0.09558548058714908,0.9990009990009991,0.0,Safe,Improved
24,4,Erika Jayne,0.08594069529167288,0.9990009990009991,30.0,Safe,Improved
24,4,Normani,0.0877811860892189,0.9990009990009991,32.0,Safe,Improved
24,4,Nick Viall,0.08594069529167288,0.9990009990009991,30.0,Safe,Improved
24,5,Charo,0.10536315789473685,0.9990009990009994,0.0,Safe,Improved
24,5,Mr. T,0.10536315789473684,0.9990009990009994,0.0,Safe,Improved
24,5,Heather Morris,0.08548881578947368,0.9990009990009994,34.0,Safe,Improved
24,5,Nancy Kerrigan,0.08746249999999998,0.9990009990009994,36.0,Safe,Improved
24,5,Bonner Bolton,0.08154144736842105,0.9990009990009994,30.0,Safe,Improved
24,5,Simone Biles,0.0894361842105263,0.9990009990009994,38.0,Safe,Improved
24,5,David Ross,0.08055460526315789,0.9990009990009994,29.0,Safe,Improved
24,5,Rashad Jennings,0.08351513157894735,0.9990009990009994,32.0,Safe,Improved
24,5,Chris Kattan,0.10536315789473687,0.9990009990009994,0.0,Safe,Improved
24,5,Erika Jayne,2.7755575615628914e-17,1.0,32.0,Eliminated,Improved
24,5,Normani,0.09042302631578947,0.9990009990009994,39.0,Safe,Improved
24,5,Nick Viall,0.08548881578947369,0.9990009990009994,34.0,Safe,Improved
24,6,Charo,0.13764646840148695,0.9990009990009994,0.0,Safe,Improved
24,6,Mr. T,0.13764646840148698,0.9990009990009994,0.0,Safe,Improved
24,6,Heather Morris,0.0,1.0,37.0,Eliminated,Improved
24,6,Nancy Kerrigan,0.06460031864046736,0.9990009990009994,33.5,Safe,Improved
24,6,Bonner Bolton,0.06236983536909189,0.9990009990009994,31.5,Safe,Improved
24,6,Simone Biles,0.06571556027615508,0.9990009990009994,34.5,Safe,Improved
24,6,David Ross,0.061812214551248024,0.9990009990009994,31.0,Safe,Improved
24,6,Rashad Jennings,0.06627318109399898,0.9990009990009994,35.0,Safe,Improved
24,6,Chris Kattan,0.13764646840148698,0.9990009990009994,0.0,Safe,Improved
24,6,Erika Jayne,0.13764646840148703,0.9990009990009994,0.0,Safe,Improved
24,6,Normani,0.06738842272968668,0.9990009990009994,36.0,Safe,Improved
24,6,Nick Viall,0.06125459373340417,0.9990009990009994,30.5,Safe,Improved
24,7,Charo,0.1423924901185771,0.9990009990009991,0.0,Safe,Improved
24,7,Mr. T,0.14239249011857708,0.9990009990009991,0.0,Safe,Improved
24,7,Heather Morris,0.14239249011857708,0.9990009990009991,0.0,Safe,Improved
24,7,Nancy Kerrigan,0.0,1.0,36.0,Eliminated,Improved
24,7,Bonner Bolton,0.04187977602108032,0.9990009990009991,31.0,Safe,Improved
24,7,Simone Biles,0.05136594202898545,0.9990009990009991,39.0,Safe,Improved
24,7,David Ross,0.04306554677206846,0.9990009990009991,32.0,Safe,Improved
24,7,Rashad Jennings,0.05136594202898545,0.9990009990009991,39.0,Safe,Improved
24,7,Chris Kattan,0.14239249011857716,0.9990009990009991,0.0,Safe,Improved
24,7,Erika Jayne,0.14239249011857713,0.9990009990009991,0.0,Safe,Improved
24,7,Normani,0.05492325428194989,0.9990009990009991,42.0,Safe,Improved
24,7,Nick Viall,0.04543708827404482,0.9990009990009991,34.0,Eliminated,Improved
25,2,Sasha Pieterse,0.07852622697229644,0.9131886477462438,22.5,Safe,Improved
25,2,Frankie Muniz,0.08017156518070595,0.9131886477462438,24.0,Safe,Improved
25,2,Jordan Fisher,0.08017156518070595,0.9131886477462438,24.0,Safe,Improved
25,2,Derek Fisher,0.0746871044860076,0.9131886477462438,19.0,Safe,Improved
25,2,Nikki Bella,0.07523555055547743,0.9131886477462438,19.5,Safe,Improved
25,2,Terrell Owens,0.07523555055547743,0.9131886477462438,19.5,Safe,Improved
25,2,Victoria Arlen,0.07797778090282662,0.9131886477462438,22.0,Safe,Improved
25,2,Barbara Corcoran,0.07249332020812825,1.0,17.0,Eliminated,Improved
25,2,Lindsey Stirling,0.07852622697229644,0.9131886477462438,22.5,Safe,Improved
25,2,Debbie Gibson,0.07633244269441711,0.9131886477462438,20.5,Eliminated,Improved
25,2,Nick Lachey,0.0746871044860076,0.9131886477462438,19.0,Safe,Improved
25,2,Drew Scott,0.07633244269441711,0.9131886477462438,20.5,Safe,Improved
25,2,Vanessa Lachey,0.07962311911123612,0.9131886477462438,23.5,Safe,Improved
25,4,Sasha Pieterse,0.08041441952881068,0.9990009990009989,24.0,Safe,Improved
25,4,Frankie Muniz,0.08041441952881068,0.9990009990009989,24.0,Safe,Improved
25,4,Jordan Fisher,0.08594947487936418,0.9990009990009989,29.0,Safe,Improved
25,4,Derek Fisher,0.005686006244677806,1.0,23.0,Eliminated,Improved
25,4,Nikki Bella,0.08041441952881068,0.9990009990009989,24.0,Safe,Improved
25,4,Terrell Owens,0.08041441952881068,0.9990009990009989,24.0,Safe,Improved
25,4,Victoria Arlen,0.08373545273914278,0.9990009990009989,27.0,Safe,Improved
25,4,Barbara Corcoran,0.09065685495316492,0.9990009990009989,0.0,Safe,Improved
25,4,Lindsey Stirling,0.08262844166903208,0.9990009990009989,26.0,Safe,Improved
25,4,Debbie Gibson,0.09065685495316493,0.9990009990009989,0.0,Safe,Improved
25,4,Nick Lachey,0.07820039738858928,0.9990009990009989,22.0,Safe,Improved
25,4,Drew Scott,0.08041441952881068,0.9990009990009989,24.0,Safe,Improved
25,4,Vanessa Lachey,0.08041441952881068,0.9990009990009989,24.0,Safe,Improved
25,5,Sasha Pieterse,0.0,1.0,24.0,Eliminated,Improved
25,5,Frankie Muniz,0.08349157088122604,0.9990009990009996,29.0,Safe,Improved
25,5,Jordan Fisher,0.08464099616858237,0.9990009990009996,30.0,Safe,Improved
25,5,Derek Fisher,0.09205402298850568,0.9990009990009996,0.0,Safe,Improved
25,5,Nikki Bella,0.08119272030651341,0.9990009990009996,27.0,Safe,Improved
25,5,Terrell Owens,0.07889386973180075,0.9990009990009996,25.0,Safe,Improved
25,5,Victoria Arlen,0.08119272030651341,0.9990009990009996,27.0,Safe,Improved
25,5,Barbara Corcoran,0.09205402298850578,0.9990009990009996,0.0,Safe,Improved
25,5,Lindsey Stirling,0.08234214559386972,0.9990009990009996,28.0,Safe,Improved
25,5,Debbie Gibson,0.09205402298850575,0.9990009990009996,0.0,Safe,Improved
25,5,Nick Lachey,0.07544559386973179,0.9990009990009996,22.0,Safe,Improved
25,5,Drew Scott,0.07889386973180075,0.9990009990009996,25.0,Safe,Improved
25,5,Vanessa Lachey,0.07774444444444444,0.9990009990009996,24.0,Safe,Improved
25,6,Sasha Pieterse,0.08506732026143796,0.9990009990009989,0.0,Safe,Improved
25,6,Frankie Muniz,0.07854477124183007,0.9990009990009989,31.0,Safe,Improved
25,6,Jordan Fisher,0.08638790849673203,0.9990009990009989,39.0,Safe,Improved
25,6,Derek Fisher,0.08506732026143791,0.9990009990009989,0.0,Safe,Improved
25,6,Nikki Bella,0.08344673202614379,0.9990009990009989,36.0,Safe,Improved
25,6,Terrell Owens,0.08442712418300653,0.9990009990009989,37.0,Safe,Improved
25,6,Victoria Arlen,0.07854477124183007,0.9990009990009989,31.0,Safe,Improved
25,6,Barbara Corcoran,0.08506732026143791,0.9990009990009989,0.0,Safe,Improved
25,6,Lindsey Stirling,0.08736830065359477,0.9990009990009989,40.0,Safe,Improved
25,6,Debbie Gibson,0.08506732026143791,0.9990009990009989,0.0,Safe,Improved
25,6,Nick Lachey,0.0,1.0,26.0,Eliminated,Improved
25,6,Drew Scott,0.07756437908496733,0.9990009990009989,30.0,Safe,Improved
25,6,Vanessa Lachey,0.08344673202614379,0.9990009990009989,36.0,Safe,Improved
25,7,Sasha Pieterse,0.11172790697674417,0.9990009990009996,0.0,Safe,Improved
25,7,Frankie Muniz,0.06683887043189367,0.9990009990009996,30.0,Safe,Improved
25,7,Jordan Fisher,0.06265282392026578,0.9990009990009996,27.0,Safe,Improved
25,7,Derek Fisher,0.11172790697674417,0.9990009990009996,0.0,Safe,Improved
25,7,Nikki Bella,4.163336342344337e-17,1.0,24.0,Eliminated,Improved
25,7,Terrell Owens,0.059164451827242504,0.9990009990009996,24.5,Safe,Improved
25,7,Victoria Arlen,0.0647458471760797,0.9990009990009996,28.5,Safe,Improved
25,7,Barbara Corcoran,0.1117279069767442,0.9990009990009996,0.0,Safe,Improved
25,7,Lindsey Stirling,0.060559800664451824,0.9990009990009996,25.5,Safe,Improved
25,7,Debbie Gibson,0.1117279069767442,0.9990009990009996,0.0,Safe,Improved
25,7,Nick Lachey,0.1117279069767442,0.9990009990009996,0.0,Safe,Improved
25,7,Drew Scott,0.0647458471760797,0.9990009990009996,28.5,Safe,Improved
25,7,Vanessa Lachey,0.06265282392026582,0.9990009990009996,27.0,Eliminated,Improved
26,1,Jamie Anderson,0.09088571428571429,1.0,19.0,Eliminated,Improved
26,1,Johnny Damon,0.09574761904761904,0.9990009990009991,18.0,Eliminated,Improved
26,1,Kareem Abdul-Jabbar,0.10050952380952381,0.9990009990009991,17.0,Safe,Improved
26,1,Arike Ogunbowale,0.09857142857142856,0.9990009990009991,20.0,Safe,Improved
26,1,Jennie Finch Daigle,0.09999999999999999,0.9990009990009991,21.0,Safe,Improved
26,1,Chris Mazdzer,0.09999999999999999,0.9990009990009991,21.0,Safe,Improved
26,1,Mirai Nagasu,0.10285714285714284,0.9990009990009991,23.0,Safe,Improved
26,1,Tonya Harding,0.10285714285714284,0.9990009990009991,23.0,Safe,Improved
26,1,Josh Norman,0.10428571428571427,0.9990009990009991,24.0,Safe,Improved
26,1,Adam Rippon,0.10428571428571427,0.9990009990009991,24.0,Safe,Improved
26,2,Jamie Anderson,0.11782149532710284,0.9990009990009996,0.0,Safe,Improved
26,2,Johnny Damon,0.11782149532710277,0.9990009990009996,0.0,Safe,Improved
26,2,Kareem Abdul-Jabbar,0.0074411214953271285,1.0,29.5,Eliminated,Improved
26,2,Arike Ogunbowale,0.10925233644859812,0.9990009990009996,35.0,Eliminated,Improved
26,2,Jennie Finch Daigle,0.10532710280373832,0.9990009990009996,31.5,Safe,Improved
26,2,Chris Mazdzer,0.10700934579439253,0.9990009990009996,33.0,Safe,Improved
26,2,Mirai Nagasu,0.11149532710280374,0.9990009990009996,37.0,Safe,Improved
26,2,Tonya Harding,0.10700934579439253,0.9990009990009996,33.0,Safe,Improved
26,2,Josh Norman,0.1053271028037383,0.9990009990009996,31.5,Safe,Improved
26,2,Adam Rippon,0.11149532710280376,0.9990009990009996,37.0,Safe,Improved
26,3,Jamie Anderson,0.1375407582938389,0.9990009990009991,0.0,Safe,Improved
26,3,Johnny Damon,0.13754075829383886,0.9990009990009991,0.0,Safe,Improved
26,3,Kareem Abdul-Jabbar,0.13754075829383888,0.9990009990009991,0.0,Safe,Improved
26,3,Arike Ogunbowale,0.13754075829383886,0.9990009990009991,0.0,Safe,Improved
26,3,Jennie Finch Daigle,0.0,1.0,29.0,Eliminated,Improved
26,3,Chris Mazdzer,0.08513327014218008,0.9990009990009991,33.0,Eliminated,Improved
26,3,Mirai Nagasu,0.08797687203791468,0.9990009990009991,35.0,Eliminated,Improved
26,3,Tonya Harding,0.08797687203791468,0.9990009990009991,35.0,Safe,Improved
26,3,Josh Norman,0.09224227488151657,0.9990009990009991,38.0,Safe,Improved
26,3,Adam Rippon,0.09650767772511847,0.9990009990009991,41.0,Safe,Improved
27,1,Juan Pablo Di Pace,0.07972850678733032,0.9990009990009991,22.0,Safe,Improved
27,1,Evanna Lynch,0.07502262443438915,0.9990009990009991,18.0,Safe,Improved
27,1,Nancy McKeon,0.07678733031674209,0.9990009990009991,19.5,Safe,Improved
27,1,John Schneider,0.07502262443438915,0.9990009990009991,18.0,Safe,Improved
27,1,Milo Manheim,0.07737556561085973,0.9990009990009991,20.0,Safe,Improved
27,1,Danelle Umstead,0.07502262443438915,0.9990009990009991,18.0,Safe,Improved
27,1,Mary Lou Retton,0.07737556561085973,0.9990009990009991,20.0,Safe,Improved
27,1,DeMarcus Ware,0.08090497737556561,0.9990009990009991,23.0,Safe,Improved
27,1,Nikki Glaser,0.06546282051282053,1.0,17.5,Eliminated,Improved
27,1,Bobby Bones,0.07737556561085973,0.9990009990009991,20.0,Safe,Improved
27,1,Tinashe,0.08090497737556561,0.9990009990009991,23.0,Safe,Improved
27,1,Alexis Ren,0.07972850678733032,0.9990009990009991,22.0,Safe,Improved
27,1,Joe Amabile,0.07928831070889894,0.9990009990009991,14.0,Safe,Improved
27,2,Juan Pablo Di Pace,0.08268164368203401,0.9990009990009994,26.0,Safe,Improved
27,2,Evanna Lynch,0.08046352907944622,0.9990009990009994,24.0,Safe,Improved
27,2,Nancy McKeon,0.07658182852491757,0.9990009990009994,20.5,Safe,Improved
27,2,John Schneider,0.07769088582621148,0.9990009990009994,21.5,Safe,Improved
27,2,Milo Manheim,0.08268164368203401,0.9990009990009994,26.0,Safe,Improved
27,2,Danelle Umstead,0.029859000414247362,1.0,18.5,Eliminated,Improved
27,2,Mary Lou Retton,0.07935447177815232,0.9990009990009994,23.0,Safe,Improved
27,2,DeMarcus Ware,0.07990900042879927,0.9990009990009994,23.5,Safe,Improved
27,2,Nikki Glaser,0.09835086732737117,0.9990009990009994,0.0,Safe,Improved
27,2,Bobby Bones,0.07547277122362367,0.9990009990009994,19.5,Safe,Improved
27,2,Tinashe,0.08268164368203401,0.9990009990009994,26.0,Safe,Improved
27,2,Alexis Ren,0.08101805773009318,0.9990009990009994,24.5,Safe,Improved
27,2,Joe Amabile,0.07325465662103585,0.9990009990009994,17.5,Safe,Improved
27,3,Juan Pablo Di Pace,0.08705648594723613,0.9990009990009994,30.0,Safe,Improved
27,3,Evanna Lynch,0.08373545273690403,0.9990009990009994,27.0,Safe,Improved
27,3,Nancy McKeon,0.007777027162349473,1.0,22.0,Eliminated,Improved
27,3,John Schneider,0.07709338631623983,0.9990009990009994,21.0,Safe,Improved
27,3,Milo Manheim,0.08373545273690403,0.9990009990009994,27.0,Safe,Improved
27,3,Danelle Umstead,0.08905783897046754,0.9990009990009994,0.0,Safe,Improved
27,3,Mary Lou Retton,0.08041441952657193,0.9990009990009994,24.0,Safe,Improved
27,3,DeMarcus Ware,0.08262844166679333,0.9990009990009994,26.0,Safe,Improved
27,3,Nikki Glaser,0.08905783897046753,0.9990009990009994,0.0,Safe,Improved
27,3,Bobby Bones,0.07930740845646123,0.9990009990009994,23.0,Safe,Improved
27,3,Tinashe,0.08373545273690404,0.9990009990009994,27.0,Safe,Improved
27,3,Alexis Ren,0.08262844166679334,0.9990009990009994,26.0,Safe,Improved
27,3,Joe Amabile,0.07377235310590773,0.9990009990009994,18.0,Safe,Improved
27,4,Juan Pablo Di Pace,0.0751582375478927,0.9990009990009996,24.0,Safe,Improved
27,4,Evanna Lynch,0.07515823754789269,0.9990009990009996,24.0,Safe,Improved
27,4,Nancy McKeon,0.11216896551724134,0.9990009990009996,0.0,Safe,Improved
27,4,John Schneider,0.07127892720306511,0.9990009990009996,21.0,Safe,Improved
27,4,Milo Manheim,0.08162375478927202,0.9990009990009996,29.0,Safe,Improved
27,4,Danelle Umstead,0.1121689655172414,0.9990009990009996,0.0,Safe,Improved
27,4,Mary Lou Retton,0.07774444444444442,0.9990009990009996,26.0,Safe,Improved
27,4,DeMarcus Ware,0.07257203065134098,0.9990009990009996,22.0,Safe,Improved
27,4,Nikki Glaser,0.1121689655172414,0.9990009990009996,0.0,Safe,Improved
27,4,Bobby Bones,0.06998582375478925,0.9990009990009996,20.0,Safe,Improved
27,4,Tinashe,1.3877787807814457e-17,1.0,26.0,Eliminated,Improved
27,4,Alexis Ren,0.07645134099616854,0.9990009990009996,25.0,Safe,Improved
27,4,Joe Amabile,0.06352030651340994,0.9990009990009996,15.0,Safe,Improved
27,6,Juan Pablo Di Pace,0.0782796943231441,0.9990009990009996,30.0,Safe,Improved
27,6,Evanna Lynch,0.0769696506550218,0.9990009990009996,29.0,Safe,Improved
27,6,Nancy McKeon,0.10490349344978163,0.9990009990009996,0.0,Safe,Improved
27,6,John Schneider,0.0638692139737991,0.9990009990009996,19.0,Safe,Improved
27,6,Milo Manheim,0.0782796943231441,0.9990009990009996,30.0,Safe,Improved
27,6,Danelle Umstead,0.10490349344978162,0.9990009990009996,0.0,Safe,Improved
27,6,Mary Lou Retton,1.3877787807814457e-17,1.0,24.0,Eliminated,Improved
27,6,DeMarcus Ware,0.073039519650655,0.9990009990009996,26.0,Safe,Improved
27,6,Nikki Glaser,0.10490349344978164,0.9990009990009996,0.0,Safe,Improved
27,6,Bobby Bones,0.06779934497816593,0.9990009990009996,22.0,Safe,Improved
27,6,Tinashe,0.10490349344978164,0.9990009990009996,0.0,Safe,Improved
27,6,Alexis Ren,0.07434956331877728,0.9990009990009996,27.0,Safe,Improved
27,6,Joe Amabile,0.06779934497816595,0.9990009990009996,22.0,Safe,Improved
27,7,Juan Pablo Di Pace,0.05519950738916255,0.9990009990009996,28.0,Safe,Improved
27,7,Evanna Lynch,0.05726847290640394,0.9990009990009996,29.5,Safe,Improved
27,7,Nancy McKeon,0.12423793103448277,0.9990009990009996,0.0,Safe,Improved
27,7,John Schneider,0.0,1.0,27.0,Eliminated,Improved
27,7,Milo Manheim,0.05657881773399016,0.9990009990009996,29.0,Safe,Improved
27,7,Danelle Umstead,0.12423793103448277,0.9990009990009996,0.0,Safe,Improved
27,7,Mary Lou Retton,0.12423793103448272,0.9990009990009996,0.0,Safe,Improved
27,7,DeMarcus Ware,0.05313054187192117,0.9990009990009996,26.5,Eliminated,Improved
27,7,Nikki Glaser,0.1242379310344827,0.9990009990009996,0.0,Safe,Improved
27,7,Bobby Bones,0.053130541871921205,0.9990009990009996,26.5,Safe,Improved
27,7,Tinashe,0.12423793103448279,0.9990009990009996,0.0,Safe,Improved
27,7,Alexis Ren,0.054509852216748755,0.9990009990009996,27.5,Safe,Improved
27,7,Joe Amabile,0.04899261083743848,0.9990009990009996,23.5,Safe,Improved
28,2,Kate Flannery,0.11976872354769379,0.7791878114557409,21.0,Safe,Improved
28,2,James Van Der Beek,0.10570954001219748,0.7932906297143191,20.0,Safe,Improved
28,2,Kel Mitchell,0.11430438491712613,0.7911322406493906,20.0,Safe,Improved
28,2,Ray Lewis,0.057280325796544206,0.8468356039193682,15.0,Safe,Improved
28,2,Lamar Odom,0.039201509222664965,0.8700448173064714,12.0,Safe,Improved
28,2,Sailor Brinkley-Cook,0.07383698243155426,0.8305556149413522,18.0,Safe,Improved
28,2,Sean Spicer,0.0644548285042486,0.8436488070402052,16.0,Safe,Improved
28,2,Mary Wilson,0.026940242695571357,0.9316772912900124,15.0,Eliminated,Improved
28,2,Lauren Alaina,0.0883261648304316,0.8073371974932325,19.0,Safe,Improved
28,2,Ally Brooke,0.09801942979223134,0.7996942804064209,20.0,Safe,Improved
28,2,Karamo Brown,0.07969629409820247,0.817794024410638,19.0,Safe,Improved
28,2,Hannah Brown,0.13246157415153417,0.7725702029266782,24.0,Safe,Improved
28,4,Kate Flannery,0.07289904498478858,0.8321491428528737,26.0,Safe,Improved
28,4,James Van Der Beek,0.0802110475847256,0.8136210440241346,28.0,Safe,Improved
28,4,Kel Mitchell,0.1304393640543158,0.7796697723590011,32.0,Safe,Improved
28,4,Ray Lewis,0.043395766955026574,0.8586108748386876,0.0,Safe,Improved
28,4,Lamar Odom,0.02625941786091384,0.9399811479121042,20.0,Eliminated,Improved
28,4,Sailor Brinkley-Cook,0.09875270550051532,0.7938643596614927,31.0,Safe,Improved
28,4,Sean Spicer,0.06624865336556275,0.840735075610565,21.0,Safe,Improved
28,4,Mary Wilson,0.05448331100753787,0.8553078486415253,0.0,Safe,Improved
28,4,Lauren Alaina,0.10356623865851927,0.797216410535966,32.0,Safe,Improved
28,4,Ally Brooke,0.11238438567744805,0.7824276410543218,32.0,Safe,Improved
28,4,Karamo Brown,0.08859414469593764,0.8113747015763741,28.0,Safe,Improved
28,4,Hannah Brown,0.12276591965470884,0.7886091023207484,32.0,Safe,Improved
28,7,Kate Flannery,0.07535035738801893,0.8791420721913853,24.0,Safe,Improved
28,7,James Van Der Beek,0.12489411773889386,0.6714016035660618,27.0,Safe,Improved
28,7,Kel Mitchell,0.06952024573610337,0.8734324955369367,25.5,Safe,Improved
28,7,Ray Lewis,0.07987599115548016,0.8261638883048168,0.0,Safe,Improved
28,7,Lamar Odom,0.06621335473386808,0.8166541343086526,0.0,Safe,Improved
28,7,Sailor Brinkley-Cook,0.08581252683469988,0.8928681640095332,0.0,Safe,Improved
28,7,Sean Spicer,0.09739578660759869,0.7889865502415027,21.0,Safe,Improved
28,7,Mary Wilson,0.08018342318490562,0.8016357028156571,0.0,Safe,Improved
28,7,Lauren Alaina,0.11931600255640505,0.8277995175386611,27.0,Safe,Improved
28,7,Ally Brooke,0.08726544718835268,0.8513214945336007,27.0,Safe,Improved
28,7,Karamo Brown,0.029180275339801078,0.95,24.5,Eliminated,Improved
28,7,Hannah Brown,0.08499247153587265,0.7255166134779116,26.0,Safe,Improved
28,9,Kate Flannery,0.06761343819303667,0.8551279485786798,0.0,Safe,Improved
28,9,James Van Der Beek,0.10189265327897284,0.840751041247961,36.0,Safe,Improved
28,9,Kel Mitchell,0.12520580001832823,0.7907916982132829,37.0,Safe,Improved
28,9,Ray Lewis,0.05387662280552716,0.8471562742114057,0.0,Safe,Improved
28,9,Lamar Odom,0.07304889600391584,0.8910768130125054,0.0,Safe,Improved
28,9,Sailor Brinkley-Cook,0.07162473026446205,0.8662122853707306,0.0,Safe,Improved
28,9,Sean Spicer,0.02192762607345926,0.95,25.0,Eliminated,Improved
28,9,Mary Wilson,0.0810187410616995,0.8086159457360206,0.0,Safe,Improved
28,9,Lauren Alaina,0.08609191767108722,0.8148418780006885,35.0,Safe,Improved
28,9,Ally Brooke,0.1447304849750881,0.8204950952393415,40.0,Safe,Improved
28,9,Karamo Brown,0.052597316495430896,0.8279813911663676,0.0,Safe,Improved
28,9,Hannah Brown,0.12037177315899227,0.6453144182703062,35.5,Safe,Improved
29,2,Anne Heche,0.06648910198854946,0.858092924822424,18.0,Safe,Improved
29,2,Jesse Metcalfe,0.08992592788179338,0.8415525640687349,20.0,Safe,Improved
29,2,Chrishell Stause,0.0740154863896603,0.8525845507171502,18.0,Safe,Improved
29,2,Skai Jackson,0.03250511021208687,0.8991749427502944,15.0,Safe,Improved
29,2,Justina Machado,0.10156004326907091,0.8377856280177727,21.0,Safe,Improved
29,2,Charles Oakley,0.01787118507121224,0.95,15.0,Eliminated,Improved
29,2,Veron Davis,0.050206659942535495,0.8783778213051682,18.0,Safe,Improved
29,2,Johnny Weir,0.07836657700130514,0.851735560773769,18.0,Safe,Improved
29,2,Nev Schulman,0.09622765206433379,0.8359439051961416,21.0,Safe,Improved
29,2,AJ McLean,0.08524817972595475,0.8474501141883949,19.0,Safe,Improved
29,2,Nelly,0.05541972898336472,0.873389887694517,18.0,Safe,Improved
29,2,Kaitlyn Bristowe,0.10731610548417099,0.8225227206634858,22.0,Safe,Improved
29,2,Carole Baskin,0.04485380199837874,0.8854989198252388,16.0,Safe,Improved
29,2,Monica Aldama,0.03898038296918688,0.8901586832985942,16.0,Safe,Improved
29,2,Jeannie Mai,0.06101405701839624,0.8711302939500133,18.0,Safe,Improved
29,3,Anne Heche,0.04105276659907386,0.8937668270823215,15.0,Safe,Improved
29,3,Jesse Metcalfe,0.06005335295667901,0.8653500525986004,20.0,Safe,Improved
29,3,Chrishell Stause,0.0907493149618097,0.8435660095015796,22.0,Safe,Improved
29,3,Skai Jackson,0.05166348710016039,0.875903666680089,18.0,Safe,Improved
29,3,Justina Machado,0.05681494049404549,0.8713546202667781,19.0,Safe,Improved
29,3,Charles Oakley,0.027551640128507977,0.9087597640121522,0.0,Safe,Improved
29,3,Veron Davis,0.08585070241901364,0.8462012515214432,22.0,Safe,Improved
29,3,Johnny Weir,0.10859835092190986,0.8260121041253464,24.0,Safe,Improved
29,3,Nev Schulman,0.10102363119348426,0.8326517912264302,24.0,Safe,Improved
29,3,AJ McLean,0.07308459891403798,0.8533849921429948,21.0,Safe,Improved
29,3,Nelly,0.04461342447547569,0.8871553219491872,18.0,Safe,Improved
29,3,Kaitlyn Bristowe,0.0962798022745878,0.8370600487343738,23.0,Safe,Improved
29,3,Carole Baskin,0.01871711489254944,0.95,12.0,Eliminated,Improved
29,3,Monica Aldama,0.06492917960953153,0.8675421468740709,21.0,Safe,Improved
29,3,Jeannie Mai,0.0790176930591338,0.8479715539502775,22.0,Safe,Improved
29,4,Anne Heche,0.01764817629934243,0.95,21.0,Eliminated,Improved
29,4,Jesse Metcalfe,0.04993523304022703,0.8880535302905297,21.0,Safe,Improved
29,4,Chrishell Stause,0.06850622799478968,0.8494467474593314,22.0,Safe,Improved
29,4,Skai Jackson,0.10724319410885762,0.8313478430804351,28.0,Safe,Improved
29,4,Justina Machado,0.09214158347328387,0.8370704376873959,24.0,Safe,Improved
29,4,Charles Oakley,0.04338730984623492,0.8954828723487999,0.0,Safe,Improved
29,4,Veron Davis,0.059088533509662026,0.8665540941489671,22.0,Safe,Improved
29,4,Johnny Weir,0.09541784293445896,0.8485265004108691,24.0,Safe,Improved
29,4,Nev Schulman,0.07250671372290726,0.8442850635237815,24.0,Safe,Improved
29,4,AJ McLean,0.07765231969067676,0.863052486767077,24.0,Safe,Improved
29,4,Nelly,0.05473037651764636,0.8768824295255635,21.0,Safe,Improved
29,4,Kaitlyn Bristowe,0.09956117312096208,0.8266543339150942,25.0,Safe,Improved
29,4,Carole Baskin,0.03442485884470402,0.8941245507756272,0.0,Safe,Improved
29,4,Monica Aldama,0.08411858991791689,0.859290432185364,24.0,Safe,Improved
29,4,Jeannie Mai,0.043637866978330324,0.8853996015382463,21.0,Safe,Improved
29,5,Anne Heche,0.04197821998218625,0.8967494624920004,0.0,Safe,Improved
29,5,Jesse Metcalfe,0.01801615268326573,0.95,19.0,Eliminated,Improved
29,5,Chrishell Stause,0.052762302053254384,0.8855799901363581,19.0,Safe,Improved
29,5,Skai Jackson,0.0766553816863557,0.849964132412225,24.0,Safe,Improved
29,5,Justina Machado,0.07090266538681127,0.8527256335460063,24.0,Safe,Improved
29,5,Charles Oakley,0.0447596372122132,0.8960866487682122,0.0,Safe,Improved
29,5,Veron Davis,0.055019251601482376,0.8738157491811905,21.0,Safe,Improved
29,5,Johnny Weir,0.10819714691607316,0.8249168363027432,29.0,Safe,Improved
29,5,Nev Schulman,0.09603797447323695,0.8299167985447219,26.0,Safe,Improved
29,5,AJ McLean,0.0806518477797012,0.8596452727531769,24.0,Safe,Improved
29,5,Nelly,0.06440215800972232,0.8715413670212041,24.0,Safe,Improved
29,5,Kaitlyn Bristowe,0.10551511953446426,0.8183302341830052,27.0,Safe,Improved
29,5,Carole Baskin,0.034457841691400204,0.8997198211997532,0.0,Safe,Improved
29,5,Monica Aldama,0.09044673303400311,0.8471437832333898,26.0,Safe,Improved
29,5,Jeannie Mai,0.060197567955830006,0.8714973749582788,24.0,Safe,Improved
29,6,Anne Heche,0.04691601725838236,0.915552448653963,0.0,Safe,Improved
29,6,Jesse Metcalfe,0.050068060100289906,0.9042408331210252,0.0,Safe,Improved
29,6,Chrishell Stause,0.0599646286090263,0.8631118268620541,24.0,Safe,Improved
29,6,Skai Jackson,0.048987253159251995,0.8859551877721082,18.0,Safe,Improved
29,6,Justina Machado,0.1103661551532611,0.8402874167157041,27.0,Safe,Improved
29,6,Charles Oakley,0.055464546624210534,0.8878175141311203,0.0,Safe,Improved
29,6,Veron Davis,0.0204654762902568,0.95,21.0,Eliminated,Improved
29,6,Johnny Weir,0.06737117587064026,0.8648614399081657,22.0,Safe,Improved
29,6,Nev Schulman,0.07651542248071891,0.8641721110668885,26.0,Safe,Improved
29,6,AJ McLean,0.08637243665461905,0.8781143710637116,27.0,Safe,Improved
29,6,Nelly,0.06767229762758033,0.8556074131255346,24.0,Safe,Improved
29,6,Kaitlyn Bristowe,0.09438073465439215,0.8474461631862564,27.0,Safe,Improved
29,6,Carole Baskin,0.039987090278327864,0.88299032138435,0.0,Safe,Improved
29,6,Monica Aldama,0.09779674222693503,0.7937622755231555,27.0,Safe,Improved
29,6,Jeannie Mai,0.07767196301210737,0.8736058974363587,25.0,Safe,Improved
29,7,Anne Heche,0.047560446519807786,0.9037990274996769,0.0,Safe,Improved
29,7,Jesse Metcalfe,0.05168577187474891,0.8747656311833731,0.0,Safe,Improved
29,7,Chrishell Stause,0.07708746371769941,0.8492218786725658,26.0,Safe,Improved
29,7,Skai Jackson,0.10176517965010524,0.8240951736894223,27.0,Safe,Improved
29,7,Justina Machado,0.08011359865471517,0.8519793594586603,26.0,Safe,Improved
29,7,Charles Oakley,0.04999625238649472,0.8995625747080884,0.0,Safe,Improved
29,7,Veron Davis,0.05054487146495021,0.8942908299191306,0.0,Safe,Improved
29,7,Johnny Weir,0.08292926238356534,0.8446295351063814,27.0,Safe,Improved
29,7,Nev Schulman,0.10830198134228176,0.8431355137715345,30.0,Safe,Improved
29,7,AJ McLean,0.08427504966872641,0.830043119661193,26.0,Safe,Improved
29,7,Nelly,0.09167243660898257,0.8208502750919036,27.0,Safe,Improved
29,7,Kaitlyn Bristowe,0.055207356265256156,0.8850120374632634,24.0,Safe,Improved
29,7,Carole Baskin,0.041190749038386515,0.8871132092294056,0.0,Safe,Improved
29,7,Monica Aldama,0.01815054582029382,0.95,22.0,Eliminated,Improved
29,7,Jeannie Mai,0.05951903460398603,0.8541215258627552,25.0,Safe,Improved
30,2,Martin Kove,0.01767540908027586,0.9494045679566891,15.0,Eliminated,Improved
30,2,Brian Austin Green,0.03865397345146575,0.8945594900916907,23.0,Safe,Improved
30,2,Melora Hardin,0.07882264796222939,0.8576966213087247,27.0,Safe,Improved
30,2,Matt James,0.03319803564085169,0.8981990976244715,22.0,Safe,Improved
30,2,"Mike ""The Miz"" Mizanin",0.06819718211732512,0.8612222703492384,26.0,Safe,Improved
30,2,Suni Lee,0.09026360735531601,0.8435769583728577,28.0,Safe,Improved
30,2,Iman Shumpert,0.061202200452124884,0.8700442541602547,25.0,Safe,Improved
30,2,Cody Rigsby,0.04373371034334635,0.8808065770319455,24.0,Safe,Improved
30,2,Melanie C,0.09665800869042217,0.8293567057030046,30.0,Safe,Improved
30,2,Jimmie Allen,0.08532843963331606,0.8452104827340831,27.0,Safe,Improved
30,2,Olivia Jade,0.07345556784994045,0.8519004222280645,27.0,Safe,Improved
30,2,JoJo Siwa,0.09979241168499815,0.8346398115090385,31.0,Safe,Improved
30,2,Christine Chiu,0.056395994115629546,0.8711806092835189,24.0,Safe,Improved
30,2,Kenya Moore,0.04896323433803791,0.8816764407894601,24.0,Safe,Improved
30,2,Amanda Kloots,0.10765957728472031,0.8274644959899535,32.0,Safe,Improved
30,3,Martin Kove,0.05221430731453179,0.8804187223586999,0.0,Safe,Improved
30,3,Brian Austin Green,0.0621259806665839,0.880063704332806,19.0,Safe,Improved
30,3,Melora Hardin,0.07585664883091624,0.868268168560228,23.0,Safe,Improved
30,3,Matt James,0.06638041279412416,0.8788205092993568,20.0,Safe,Improved
30,3,"Mike ""The Miz"" Mizanin",0.06713170276291586,0.8530998093999013,22.0,Safe,Improved
30,3,Suni Lee,0.0783723212558149,0.8474940752051713,21.0,Safe,Improved
30,3,Iman Shumpert,0.060236946507138074,0.900494114672215,19.0,Safe,Improved
30,3,Cody Rigsby,0.06149828638326504,0.8414576383648249,18.0,Safe,Improved
30,3,Melanie C,0.07041680765447025,0.8947864441213099,22.0,Safe,Improved
30,3,Jimmie Allen,0.05862130708658914,0.8544837186918721,20.0,Safe,Improved
30,3,Olivia Jade,0.10753351406784055,0.8049840898823792,24.0,Safe,Improved
30,3,JoJo Siwa,0.07095854156688007,0.8656465266194692,24.0,Safe,Improved
30,3,Christine Chiu,0.01841276243790632,0.95,21.0,Eliminated,Improved
30,3,Kenya Moore,0.05732446064928834,0.8992678542292231,21.0,Safe,Improved
30,3,Amanda Kloots,0.09291600002173543,0.8224213888586922,24.0,Safe,Improved
30,4,Martin Kove,0.038960932679285736,0.8989030398676422,0.0,Safe,Improved
30,4,Brian Austin Green,0.01810738919130355,0.95,26.0,Eliminated,Improved
30,4,Melora Hardin,0.10782028914938502,0.8320636916727417,36.5,Safe,Improved
30,4,Matt James,0.04705773274880029,0.8877391257525371,28.5,Eliminated,Improved
30,4,"Mike ""The Miz"" Mizanin",0.07443821953348542,0.8571291620162086,32.5,Safe,Improved
30,4,Suni Lee,0.0883391119100232,0.84676152652107,34.0,Safe,Improved
30,4,Iman Shumpert,0.060975720400857,0.865540702456342,31.5,Safe,Improved
30,4,Cody Rigsby,0.04875890901430718,0.8794270163887618,29.0,Safe,Improved
30,4,Melanie C,0.07839887714647388,0.8520017351714783,33.0,Safe,Improved
30,4,Jimmie Allen,0.06833107964193609,0.8636872656601523,32.5,Safe,Improved
30,4,Olivia Jade,0.0976737692682525,0.829404409892,35.0,Safe,Improved
30,4,JoJo Siwa,0.10318166489456468,0.8349718466911389,35.0,Safe,Improved
30,4,Christine Chiu,0.028904324731021815,0.9024575432285074,0.0,Safe,Improved
30,4,Kenya Moore,0.05482499167192994,0.8705314774239533,29.5,Safe,Improved
30,4,Amanda Kloots,0.08422698801837376,0.8532662410484211,34.0,Safe,Improved
30,6,Martin Kove,0.04491633009621025,0.9087819413003526,0.0,Safe,Improved
30,6,Brian Austin Green,0.053171274877358496,0.9004652471674345,0.0,Safe,Improved
30,6,Melora Hardin,0.060303984557603225,0.8738766326712634,34.0,Safe,Improved
30,6,Matt James,0.05372643187176627,0.8634490624447705,0.0,Safe,Improved
30,6,"Mike ""The Miz"" Mizanin",0.061056790810765246,0.8621583034582799,34.0,Safe,Improved
30,6,Suni Lee,0.07518377161225709,0.8518608080197477,36.0,Safe,Improved
30,6,Iman Shumpert,0.1083834342537896,0.85345268513067,40.0,Safe,Improved
30,6,Cody Rigsby,0.07125138528704117,0.8620387818042458,36.0,Safe,Improved
30,6,Melanie C,0.05308928379002808,0.8924614413306293,0.0,Safe,Improved
30,6,Jimmie Allen,0.0888216815442951,0.8282676076602019,38.0,Safe,Improved
30,6,Olivia Jade,0.08775153631066304,0.8472571766905351,36.0,Safe,Improved
30,6,JoJo Siwa,0.09912207044855595,0.7956533475098926,40.0,Safe,Improved
30,6,Christine Chiu,0.04321096189654383,0.8899256125441793,0.0,Safe,Improved
30,6,Kenya Moore,0.018923214933917132,0.95,32.0,Eliminated,Improved
30,6,Amanda Kloots,0.08108784770920553,0.862532093505825,38.0,Safe,Improved
30,7,Martin Kove,0.06342056159628483,0.9313087332822617,0.0,Safe,Improved
30,7,Brian Austin Green,0.060458071916778815,0.8366157362664264,0.0,Safe,Improved
30,7,Melora Hardin,0.07261269665410164,0.8916072623369594,38.0,Safe,Improved
30,7,Matt James,0.059549897185931754,0.9340791824199912,0.0,Safe,Improved
30,7,"Mike ""The Miz"" Mizanin",0.023581501777186334,0.95,32.0,Eliminated,Improved
30,7,Suni Lee,0.09021739051701645,0.8667704780861674,34.0,Safe,Improved
30,7,Iman Shumpert,0.0612178884804374,0.8376038764404263,34.0,Safe,Improved
30,7,Cody Rigsby,0.055067172080058784,0.9461434503929962,36.0,Safe,Improved
30,7,Melanie C,0.06085873778575298,0.9252248557915027,0.0,Safe,Improved
30,7,Jimmie Allen,0.07288206009568446,0.8939238195526251,38.0,Safe,Improved
30,7,Olivia Jade,0.10406712234722572,0.8134839238303255,42.0,Safe,Improved
30,7,JoJo Siwa,0.09257209422699009,0.8310456647222318,39.0,Safe,Improved
30,7,Christine Chiu,0.06179085961177269,0.9053215878726554,0.0,Safe,Improved
30,7,Kenya Moore,0.0588203737263707,0.8016175128130186,0.0,Safe,Improved
30,7,Amanda Kloots,0.06288357199840743,0.8789980462181576,34.0,Safe,Improved
31,1,Jason Lewis,0.016044248091672902,0.95,18.0,Eliminated,Improved
31,1,Cheryl Ladd,0.05061792732635293,0.8858431487415338,21.0,Safe,Improved
31,1,Selma Blair,0.08648402283453936,0.8591112878170609,28.0,Safe,Improved
31,1,Joseph Baena,0.06004168629812578,0.8749099915939667,23.0,Safe,Improved
31,1,Trevor Donovan,0.055226498667494024,0.8785670435249646,21.0,Safe,Improved
31,1,Daniel Durant,0.07680014246478961,0.8584650965469737,27.0,Safe,Improved
31,1,Wayne Brady,0.09872677191742282,0.8463093362382801,29.0,Safe,Improved
31,1,Sam Champion,0.043859714600315694,0.8971073911202578,20.0,Safe,Improved
31,1,Jessie James Decker,0.035328384983356755,0.9050120724461217,20.0,Safe,Improved
31,1,Jordin Sparks,0.07295398305447504,0.8598807904789253,26.0,Safe,Improved
31,1,Heidi D'Amelio,0.06523771692264668,0.8718602134047585,24.0,Safe,Improved
31,1,Charli D'Amelio,0.10218364972862744,0.8440517295687153,32.0,Safe,Improved
31,1,Teresa Giudice,0.04060041185453591,0.8958954041871785,20.0,Safe,Improved
31,1,Vinny Guadagnino,0.023986166326800066,0.9167278313365704,17.0,Safe,Improved
31,1,Shangela,0.08104236656334772,0.8585574550704473,28.0,Safe,Improved
31,1,Gabby Windey,0.09086630836549703,0.8541095357434436,28.0,Safe,Improved
31,2,Jason Lewis,0.02697556697103692,0.9118133305544199,0.0,Safe,Improved
31,2,Cheryl Ladd,0.03519593414500302,0.9141152218968506,21.0,Safe,Improved
31,2,Selma Blair,0.06576209101408347,0.8663207219291454,28.0,Safe,Improved
31,2,Joseph Baena,0.04052108743363029,0.9015082065598925,24.0,Safe,Improved
31,2,Trevor Donovan,0.0887320492349835,0.846283535207196,30.0,Safe,Improved
31,2,Daniel Durant,0.0807633943398678,0.8591844494719222,29.0,Safe,Improved
31,2,Wayne Brady,0.10208260141628922,0.8377380013130286,32.0,Safe,Improved
31,2,Sam Champion,0.050654890043557874,0.8868337858899007,26.0,Safe,Improved
31,2,Jessie James Decker,0.043928806024180346,0.8954475989851646,25.0,Safe,Improved
31,2,Jordin Sparks,0.053528905667965206,0.8807077285034001,27.0,Safe,Improved
31,2,Heidi D'Amelio,0.07105999688091595,0.8673443357538508,28.0,Safe,Improved
31,2,Charli D'Amelio,0.09552616496202467,0.8383421340812637,32.0,Safe,Improved
31,2,Teresa Giudice,0.01671361209162747,0.95,23.0,Eliminated,Improved
31,2,Vinny Guadagnino,0.06039380886178901,0.8729563348468911,27.0,Safe,Improved
31,2,Shangela,0.07477073959830383,0.8617328402366495,28.0,Safe,Improved
31,2,Gabby Windey,0.09339035131474134,0.8517012906558322,32.0,Safe,Improved
31,3,Jason Lewis,0.03653519354479516,0.902118659433033,0.0,Safe,Improved
31,3,Cheryl Ladd,0.016403941798741842,0.95,24.0,Eliminated,Improved
31,3,Selma Blair,0.061467560677200016,0.8726759506042571,28.0,Safe,Improved
31,3,Joseph Baena,0.06829093727901432,0.8648131132217628,29.0,Safe,Improved
31,3,Trevor Donovan,0.05178468951362481,0.8886289898995274,27.0,Safe,Improved
31,3,Daniel Durant,0.08061042796543251,0.8613647042769156,31.0,Safe,Improved
31,3,Wayne Brady,0.10218255504114551,0.8441669966313438,33.0,Safe,Improved
31,3,Sam Champion,0.04637841708772764,0.8921219105221847,25.0,Safe,Improved
31,3,Jessie James Decker,0.04967150804197931,0.8926389875778318,26.0,Safe,Improved
31,3,Jordin Sparks,0.06151667530094779,0.8788825032650354,29.0,Safe,Improved
31,3,Heidi D'Amelio,0.08774483201205821,0.8490216879832209,32.0,Safe,Improved
31,3,Charli D'Amelio,0.09877077889739858,0.8478512603495973,33.0,Safe,Improved
31,3,Teresa Giudice,0.03220230753104007,0.9022271858643653,0.0,Safe,Improved
31,3,Vinny Guadagnino,0.04225654982384552,0.9052199659485884,23.0,Safe,Improved
31,3,Shangela,0.07422384137906876,0.8707629438558264,30.0,Safe,Improved
31,3,Gabby Windey,0.08995978410597988,0.8508486870501896,33.0,Safe,Improved
31,4,Jason Lewis,0.03896166373939267,0.9073507899114777,0.0,Safe,Improved
31,4,Cheryl Ladd,0.03897709598281909,0.9065550068263228,0.0,Safe,Improved
31,4,Selma Blair,0.07440672809117133,0.871438971762791,32.0,Safe,Improved
31,4,Joseph Baena,0.04846094679205897,0.8898179833408066,28.0,Safe,Improved
31,4,Trevor Donovan,0.04548623619503885,0.886789555677129,28.0,Safe,Improved
31,4,Daniel Durant,0.05569002564288222,0.8805043385412644,29.0,Safe,Improved
31,4,Wayne Brady,0.09917734244761357,0.8449244144176458,36.0,Safe,Improved
31,4,Sam Champion,0.016955586257709054,0.95,25.0,Eliminated,Improved
31,4,Jessie James Decker,0.0626962599942732,0.8733871286011363,31.0,Safe,Improved
31,4,Jordin Sparks,0.08000349713880205,0.8558547100139139,34.0,Safe,Improved
31,4,Heidi D'Amelio,0.08735544722296618,0.8577091754695868,34.0,Safe,Improved
31,4,Charli D'Amelio,0.09945795105874453,0.8490038668409595,36.0,Safe,Improved
31,4,Teresa Giudice,0.03063827734010548,0.9040954828366072,0.0,Safe,Improved
31,4,Vinny Guadagnino,0.0596419055130021,0.8745964542032142,29.0,Safe,Improved
31,4,Shangela,0.06922709052647852,0.8668124880645971,32.0,Safe,Improved
31,4,Gabby Windey,0.09286394605694236,0.8528082219831076,36.0,Safe,Improved
31,5,Jason Lewis,0.04645594018737876,0.9234546636188059,0.0,Safe,Improved
31,5,Cheryl Ladd,0.05135101999918409,0.910279160254645,0.0,Safe,Improved
31,5,Selma Blair,0.0745060704754032,0.8304165177343941,40.0,Safe,Improved
31,5,Joseph Baena,0.019129568748744892,0.95,35.0,Eliminated,Improved
31,5,Trevor Donovan,0.055358308264555824,0.8975557780033996,36.0,Safe,Improved
31,5,Daniel Durant,0.05212657993503958,0.9117388015161069,33.5,Safe,Improved
31,5,Wayne Brady,0.0950943858337715,0.8384014669086394,41.0,Safe,Improved
31,5,Sam Champion,0.043489760412763485,0.9356274700283871,0.0,Safe,Improved
31,5,Jessie James Decker,0.06288964779981732,0.8669584157597249,36.0,Safe,Improved
31,5,Jordin Sparks,0.05549562538924995,0.9111802577707627,35.5,Safe,Improved
31,5,Heidi D'Amelio,0.09009797999063074,0.8699590697192614,39.0,Safe,Improved
31,5,Charli D'Amelio,0.10594909965810112,0.8463513804442095,42.0,Safe,Improved
31,5,Teresa Giudice,0.0433856670782585,0.95,0.0,Safe,Improved
31,5,Vinny Guadagnino,0.051971255471237404,0.9232940831615843,31.0,Safe,Improved
31,5,Shangela,0.0654616231240522,0.8497001766793284,38.5,Safe,Improved
31,5,Gabby Windey,0.08723746763181144,0.8150476473497333,41.0,Safe,Improved
32,1,Jamie Lynn Spears,0.056594385090517486,0.874622407166879,15.0,Safe,Improved
32,1,Mira Sorvino,0.07608312998352568,0.8453855912828043,17.0,Safe,Improved
32,1,Barry Williams,0.06829745103821139,0.852690675517808,16.0,Safe,Improved
32,1,Alyson Hannigan,0.05259401077666251,0.8733823263689806,13.0,Safe,Improved
32,1,Xochitl Gomez,0.08273716136177703,0.8468476612428929,18.0,Safe,Improved
32,1,Adrian Peterson,0.08682553199184567,0.8369869237091558,18.0,Safe,Improved
32,1,Matt Walsh,0.020285177389467265,0.95,12.0,Eliminated,Improved
32,1,Tyson Beckford,0.04318151320713308,0.8909013470000048,12.0,Safe,Improved
32,1,Jason Mraz,0.10945611027728759,0.8192884264070027,21.0,Safe,Improved
32,1,Lele Pons,0.09713854309930504,0.8212482687662086,19.0,Safe,Improved
32,1,Harry Jowsey,0.032744861103329845,0.8956016564607251,12.0,Safe,Improved
32,1,Mauricio Umansky,0.061061334396883014,0.8617554735942398,15.0,Safe,Improved
32,1,Charity Lawson,0.11279766820505019,0.8182987053462898,22.0,Safe,Improved
32,1,Ariana Madix,0.10020312207900377,0.8339176848348084,21.0,Safe,Improved
32,2,Jamie Lynn Spears,0.021327579257993532,0.95,16.0,Eliminated,Improved
32,2,Mira Sorvino,0.05354965824127611,0.8726440261211337,18.0,Safe,Improved
32,2,Barry Williams,0.062007320391971675,0.8853932232976156,15.0,Safe,Improved
32,2,Alyson Hannigan,0.08825890480028505,0.8293620637857185,19.0,Safe,Improved
32,2,Xochitl Gomez,0.11562272428391968,0.8299773997264556,24.0,Safe,Improved
32,2,Adrian Peterson,0.06396997096507305,0.8834846648167336,15.0,Safe,Improved
32,2,Matt Walsh,0.04955935485648071,0.8614218727633396,0.0,Safe,Improved
32,2,Tyson Beckford,0.06405327412266786,0.858183995205809,18.0,Safe,Improved
32,2,Jason Mraz,0.10126900732418116,0.7877429373983603,24.0,Safe,Improved
32,2,Lele Pons,0.09828647405435173,0.8312001709101097,21.0,Safe,Improved
32,2,Harry Jowsey,0.053010534646275406,0.8663482124307551,15.0,Safe,Improved
32,2,Mauricio Umansky,0.05467001817214705,0.9111633008804153,12.0,Safe,Improved
32,2,Charity Lawson,0.08980136590235473,0.8257620245390176,21.0,Safe,Improved
32,2,Ariana Madix,0.08461381298102226,0.8413921167502652,20.0,Safe,Improved
32,3,Jamie Lynn Spears,0.03312502976674611,0.8900475819471778,0.0,Safe,Improved
32,3,Mira Sorvino,0.0811036128335753,0.8407620777035689,26.0,Safe,Improved
32,3,Barry Williams,0.0760271683984846,0.8398917044777345,25.0,Safe,Improved
32,3,Alyson Hannigan,0.0666952524987937,0.8514073428940221,24.0,Safe,Improved
32,3,Xochitl Gomez,0.10232139100629777,0.8160247818025761,32.0,Safe,Improved
32,3,Adrian Peterson,0.05231286035022879,0.8723184142316027,22.0,Safe,Improved
32,3,Matt Walsh,0.04372931973632718,0.8905323044836482,0.0,Safe,Improved
32,3,Tyson Beckford,0.020737581764646826,0.95,20.0,Eliminated,Improved
32,3,Jason Mraz,0.10710636458775072,0.8246037754278839,34.0,Safe,Improved
32,3,Lele Pons,0.0887881399855995,0.8276961614401721,27.0,Safe,Improved
32,3,Harry Jowsey,0.06384273995366602,0.851198055046055,24.0,Safe,Improved
32,3,Mauricio Umansky,0.056136184520446435,0.8647016844169668,23.0,Safe,Improved
32,3,Charity Lawson,0.09605963834409537,0.8289384268465273,32.0,Safe,Improved
32,3,Ariana Madix,0.11201471625334172,0.816475686363771,34.0,Safe,Improved
32,5,Jamie Lynn Spears,0.06666495314872964,0.8656002116453321,0.0,Safe,Improved
32,5,Mira Sorvino,0.020111573895588014,0.95,22.0,Eliminated,Improved
32,5,Barry Williams,0.11244990021432762,0.7896376309947661,24.0,Safe,Improved
32,5,Alyson Hannigan,0.05073816629547922,0.9250315023104198,21.0,Safe,Improved
32,5,Xochitl Gomez,0.0937762007597625,0.8014232363183588,28.0,Safe,Improved
32,5,Adrian Peterson,0.06492677899451556,0.8911496573736086,0.0,Safe,Improved
32,5,Matt Walsh,0.04734359305732036,0.876572545278435,0.0,Safe,Improved
32,5,Tyson Beckford,0.058912906824401104,0.9170871835661005,0.0,Safe,Improved
32,5,Jason Mraz,0.07939547295833259,0.8854643009443776,27.0,Safe,Improved
32,5,Lele Pons,0.06118846476145839,0.8552278247982953,24.0,Safe,Improved
32,5,Harry Jowsey,0.07559051581080255,0.8266303851742273,18.0,Safe,Improved
32,5,Mauricio Umansky,0.08403111508141559,0.854889686441734,24.0,Safe,Improved
32,5,Charity Lawson,0.11091232743147462,0.76944633607595,28.0,Safe,Improved
32,5,Ariana Madix,0.07395803076639229,0.8800499467063931,24.0,Safe,Improved
33,2,Tori Spelling,0.024294894996531147,0.95,19.0,Eliminated,Improved
33,2,Eric Roberts,0.04664142198457849,0.8630442686891919,15.0,Safe,Improved
33,2,Reginald VelJohnson,0.05695153217311404,0.880217957231128,15.0,Safe,Improved
33,2,Chandler Kinney,0.12316701506935535,0.794803935867692,24.0,Safe,Improved
33,2,Dwight Howard ,0.11562967920054434,0.8068445717266048,22.0,Safe,Improved
33,2,Danny Amendola,0.08036611444892061,0.8196637314532749,21.0,Safe,Improved
33,2,Stephen Nedoroscik,0.10294723143196247,0.8020023633624949,22.0,Safe,Improved
33,2,Ilona Maher,0.08780001543597538,0.8245979921167093,21.0,Safe,Improved
33,2,Anna Delvey,0.0621004102776213,0.8727727630460295,17.0,Eliminated,Improved
33,2,Brooks Nader,0.07207382582433922,0.8360696646357867,20.0,Safe,Improved
33,2,Phaedra Parks,0.06762601971471427,0.8552376077808025,21.0,Safe,Improved
33,2,Jenn Tran,0.06244170754589774,0.8510145498657471,19.0,Safe,Improved
33,2,Joey Graziadei,0.09796013189644572,0.8193815196841561,22.0,Safe,Improved
33,3,Tori Spelling,0.05296167540836891,0.8777924883004229,0.0,Safe,Improved
33,3,Eric Roberts,0.02297521661248623,0.95,23.0,Eliminated,Improved
33,3,Reginald VelJohnson,0.05457680173527768,0.8744187343715192,21.0,Eliminated,Improved
33,3,Chandler Kinney,0.11291569769350557,0.8034745141359362,34.5,Safe,Improved
33,3,Dwight Howard ,0.06374514688360497,0.8408265784531325,26.0,Safe,Improved
33,3,Danny Amendola,0.08526076516311909,0.8353498892831169,30.0,Safe,Improved
33,3,Stephen Nedoroscik,0.09574730761027815,0.826189359591636,31.0,Safe,Improved
33,3,Ilona Maher,0.06979580105967817,0.8424336299948803,28.0,Safe,Improved
33,3,Anna Delvey,0.04320189360199264,0.8583451369687068,0.0,Safe,Improved
33,3,Brooks Nader,0.09049700249231774,0.8288139397143437,30.5,Safe,Improved
33,3,Phaedra Parks,0.07588104665373277,0.8393039643481481,28.0,Safe,Improved
33,3,Jenn Tran,0.10420206004962762,0.8100807415528275,31.0,Safe,Improved
33,3,Joey Graziadei,0.12823958503601052,0.7835479785537355,35.0,Safe,Improved
33,4,Tori Spelling,0.07304065145151564,0.8689786131394448,0.0,Safe,Improved
33,4,Eric Roberts,0.0664046223234436,0.8808834624799848,0.0,Safe,Improved
33,4,Reginald VelJohnson,0.08342015164322779,0.8696164097902729,0.0,Safe,Improved
33,4,Chandler Kinney,0.07098340904393984,0.8541686188193702,32.0,Safe,Improved
33,4,Dwight Howard ,0.07381173259834028,0.8281154310364665,29.0,Safe,Improved
33,4,Danny Amendola,0.1336811489237623,0.81640134821657,36.0,Safe,Improved
33,4,Stephen Nedoroscik,0.10852055512486515,0.7781462465490078,33.0,Safe,Improved
33,4,Ilona Maher,0.06024967860616556,0.8211770182156706,32.0,Safe,Improved
33,4,Anna Delvey,0.05284712502891691,0.8188351182639362,0.0,Safe,Improved
33,4,Brooks Nader,0.021590533671994993,0.95,32.0,Eliminated,Improved
33,4,Phaedra Parks,0.06671051926583098,0.8832911740595304,32.0,Safe,Improved
33,4,Jenn Tran,0.08178634665769484,0.8188194852321641,32.0,Safe,Improved
33,4,Joey Graziadei,0.10695352566030207,0.7770087459973523,36.0,Safe,Improved
34,2,Corey Feldman,0.02018153656617835,0.9433635706613883,15.0,Eliminated,Improved
34,2,Danielle Fishel,0.05691520613509998,0.8687549809617094,19.0,Safe,Improved
34,2,Elaine Hendrix,0.07558944249088016,0.8468191632444044,21.0,Safe,Improved
34,2,Baron Davis,0.0496013687185903,0.8716263174530459,18.0,Eliminated,Improved
34,2,Jordan Chiles,0.10720829792473512,0.8214579138540077,22.0,Safe,Improved
34,2,Andy Richter,0.03703868894949913,0.8887105311581384,16.0,Safe,Improved
34,2,Robert Irwin,0.11374228212025746,0.8142609176477057,22.0,Safe,Improved
34,2,Hilaria Baldwin,0.06723854102390069,0.8556812700744635,21.0,Safe,Improved
34,2,Lauren Jauregui,0.0888170484847745,0.8388112808240699,21.0,Safe,Improved
34,2,Scott Hoying,0.04332821969724311,0.8841271906648527,18.0,Safe,Improved
34,2,Alix Earle,0.08278464552765877,0.835417953307267,21.0,Safe,Improved
34,2,Jen Affleck,0.09516202465404887,0.8289113823390631,22.0,Safe,Improved
34,2,Whitney Leavitt,0.10114324354555485,0.822109340922339,22.0,Safe,Improved
34,2,Dylan Efron,0.06124945416157795,0.8537196579113709,20.0,Safe,Improved
34,3,Corey Feldman,0.04451756640487558,0.8843792827164465,0.0,Safe,Improved
34,3,Danielle Fishel,0.06874880612820869,0.8596261748809448,21.0,Safe,Improved
34,3,Elaine Hendrix,0.060013730033335815,0.8626563503408077,21.0,Safe,Improved
34,3,Baron Davis,0.03313149540575684,0.8948221473831215,0.0,Safe,Improved
34,3,Jordan Chiles,0.11364981780794985,0.8118787535481007,24.0,Safe,Improved
34,3,Andy Richter,0.052982461849007234,0.8730249216423349,18.0,Safe,Improved
34,3,Robert Irwin,0.0836181167364654,0.8388540599236634,22.0,Safe,Improved
34,3,Hilaria Baldwin,0.07354404663849656,0.8460478677933138,22.0,Safe,Improved
34,3,Lauren Jauregui,0.020810162151839697,0.95,18.0,Eliminated,Improved
34,3,Scott Hoying,0.09069658469516262,0.83472299439878,22.0,Safe,Improved
34,3,Alix Earle,0.09886836900327929,0.8331373709842476,23.0,Safe,Improved
34,3,Jen Affleck,0.05462194007007953,0.8747639969849541,19.0,Safe,Improved
34,3,Whitney Leavitt,0.1094799771972318,0.8179276814910214,24.0,Safe,Improved
34,3,Dylan Efron,0.09531692587831138,0.8195887759991586,23.0,Safe,Improved
34,6,Corey Feldman,0.060817182573446,0.8818548169619571,0.0,Safe,Improved
34,6,Danielle Fishel,0.09416908115480233,0.8149843000514045,36.0,Safe,Improved
34,6,Elaine Hendrix,0.08239603109768857,0.8306768486808516,36.0,Safe,Improved
34,6,Baron Davis,0.0606913709325231,0.8869415517805908,0.0,Safe,Improved
34,6,Jordan Chiles,0.10276336681541226,0.8271866477168512,39.0,Safe,Improved
34,6,Andy Richter,0.05225026159792012,0.9047075266617418,27.0,Safe,Improved
34,6,Robert Irwin,0.09841857675062156,0.8119733091339698,36.0,Safe,Improved
34,6,Hilaria Baldwin,0.05541922947653159,0.8844686316945969,0.0,Safe,Improved
34,6,Lauren Jauregui,0.050457721334516925,0.8891374935388792,0.0,Safe,Improved
34,6,Scott Hoying,0.02286864071210455,0.95,28.0,Eliminated,Improved
34,6,Alix Earle,0.0771443125084073,0.8427311905371001,35.0,Safe,Improved
34,6,Jen Affleck,0.07327574428354282,0.8503669335745705,32.0,Safe,Improved
34,6,Whitney Leavitt,0.10720970035659991,0.8045545749858618,39.0,Safe,Improved
34,6,Dylan Efron,0.06211878040588297,0.862805647959195,32.0,Safe,Improved
